current_methodology: info: methodology is now `/home/eda/app/synopsys/spyglass/X-2025.06/SPYGLASS_HOME/GuideWare/latest/block/rtl_handoff'
current_goal: info: removed current goals (sg_shell is now back to methodology scope)
                    (selected methodology is `/home/eda/app/synopsys/spyglass/X-2025.06/SPYGLASS_HOME/GuideWare/latest/block/rtl_handoff')
current_goal: info: loading goal `lint/lint_rtl' with top `uart' (in progress)
current_goal: info: finished loading goal `lint/lint_rtl' (ok)

INFO:    SpyGlass will run goal(s) 'lint/lint_rtl'.


RULE-CHECKING IN MIXED MODE
Loading spyglass (SpyGlass_vX-2025.06) ... (picked from /home/eda/app/synopsys/spyglass/X-2025.06/SPYGLASS_HOME/policies/spyglass)
Loading openmore (SpyGlass_vX-2025.06) ... (picked from /home/eda/app/synopsys/spyglass/X-2025.06/SPYGLASS_HOME/policies/openmore)
Loading starc (SpyGlass_vX-2025.06) ... (picked from /home/eda/app/synopsys/spyglass/X-2025.06/SPYGLASS_HOME/policies/starc)
Loading starc2005 (SpyGlass_vX-2025.06) ... (picked from /home/eda/app/synopsys/spyglass/X-2025.06/SPYGLASS_HOME/policies/starc2005)
Loading erc (SpyGlass_vX-2025.06) ... (picked from /home/eda/app/synopsys/spyglass/X-2025.06/SPYGLASS_HOME/policies/erc)
Loading simulation (SpyGlass_vX-2025.06) ... (picked from /home/eda/app/synopsys/spyglass/X-2025.06/SPYGLASS_HOME/policies/simulation)
Loading lint (SpyGlass_vX-2025.06) ... (picked from /home/eda/app/synopsys/spyglass/X-2025.06/SPYGLASS_HOME/policies/lint)
Loading latch (SpyGlass_vX-2025.06) ... (picked from /home/eda/app/synopsys/spyglass/X-2025.06/SPYGLASS_HOME/policies/latch)
Loading morelint (SpyGlass_vX-2025.06) ... (picked from /home/eda/app/synopsys/spyglass/X-2025.06/SPYGLASS_HOME/policies/morelint)
Loading timing (SpyGlass_vX-2025.06) ... (picked from /home/eda/app/synopsys/spyglass/X-2025.06/SPYGLASS_HOME/policies/timing)
Loading starc2002 (SpyGlass_vX-2025.06) ... (picked from /home/eda/app/synopsys/spyglass/X-2025.06/SPYGLASS_HOME/policies/starc2002)
Loading Audits (SpyGlass_vX-2025.06) ... (picked from /home/eda/app/synopsys/spyglass/X-2025.06/SPYGLASS_HOME/policies/Audits)
Loading area (SpyGlass_vX-2025.06) ... (picked from /home/eda/app/synopsys/spyglass/X-2025.06/SPYGLASS_HOME/policies/area)
Loading miscellaneous (SpyGlass_vX-2025.06) ... (picked from /home/eda/app/synopsys/spyglass/X-2025.06/SPYGLASS_HOME/policies/miscellaneous)
Loading starcad-21 (SpyGlass_vX-2025.06) ... (picked from /home/eda/app/synopsys/spyglass/X-2025.06/SPYGLASS_HOME/policies/starcad-21)
Loading power_est (SpyGlass_vX-2025.06) ... (picked from /home/eda/app/synopsys/spyglass/X-2025.06/SPYGLASS_HOME/policies/power_est)
Loading lowpower (5.6.1) ... (picked from /home/eda/app/synopsys/spyglass/X-2025.06/SPYGLASS_HOME/policies/lowpower)
Loading dft_dsm (SpyGlass_vX-2025.06) ... (picked from /home/eda/app/synopsys/spyglass/X-2025.06/SPYGLASS_HOME/policies/dft_dsm)
Loading dft (SpyGlass_vX-2025.06) ... (picked from /home/eda/app/synopsys/spyglass/X-2025.06/SPYGLASS_HOME/policies/dft)
Loading clock-reset (SpyGlass_vX-2025.06) ... (picked from /home/eda/app/synopsys/spyglass/X-2025.06/SPYGLASS_HOME/policies/clock)

INFO [6]    Work Directory 'spyglass/uart/uart/WORK' does not exist.

INFO [75]    Creating the Work Directory 'spyglass/uart/uart/WORK/64' for 64bit  precompiled dump.
Checking Rule SGDC_power_est29 (Rule 1 of total 292) .... done (Time = 0.00s, Memory = 0.0K)
Checking Rule PECHECK04 (Rule 2 of total 292) .... done (Time = 0.00s, Memory = 0.0K)
Checking Rule PECHECK18 (Rule 3 of total 292) .... done (Time = 0.00s, Memory = 0.0K)
Checking Rule PEMVDD01 (Rule 4 of total 292) .... done (Time = 0.00s, Memory = 0.0K)
Checking Rule PrecompileLibCheck01 (Rule 5 of total 292) .... done (Time = 0.00s, Memory = 0.0K)
Checking Rule PrecompileLibCheck02 (Rule 6 of total 292) .... done (Time = 0.00s, Memory = 0.0K)
Checking Rule PrecompileLibCheck03 (Rule 7 of total 292) .... done (Time = 0.00s, Memory = 0.0K)
Checking Rule PrecompileLibCheck04 (Rule 8 of total 292) .... done (Time = 0.00s, Memory = 0.0K)
Checking Rule AbstractInterface (Rule 9 of total 292) .... done (Time = 0.00s, Memory = 0.0K)
Checking Rule SGDC_assume_path01 (Rule 10 of total 292) .... done (Time = 0.00s, Memory = 0.0K)
Checking Rule SGDC_sdcschema02 (Rule 11 of total 292) .... done (Time = 0.00s, Memory = 0.0K)
Checking Rule SGDC_clock05 (Rule 12 of total 292) .... done (Time = 0.00s, Memory = 0.0K)
Checking Rule SGDC_clock09 (Rule 13 of total 292) .... done (Time = 0.00s, Memory = 0.0K)
Checking Rule SGDC_force_ta05 (Rule 14 of total 292) .... done (Time = 0.00s, Memory = 0.0K)
Checking Rule SGDC_require_path03 (Rule 15 of total 292) .... done (Time = 0.00s, Memory = 0.0K)
Checking Rule SGDC_require_value03 (Rule 16 of total 292) .... done (Time = 0.00s, Memory = 0.0K)
Checking Rule SGDC_voltagedomain05 (Rule 17 of total 292) .... done (Time = 0.00s, Memory = 0.0K)
Checking Rule SGDC_voltagedomain06 (Rule 18 of total 292) .... done (Time = 0.00s, Memory = 0.0K)
Checking Rule SGDC_voltagedomain07 (Rule 19 of total 292) .... done (Time = 0.00s, Memory = 0.0K)
Checking Rule SGDC_powerdomainoutputs02 (Rule 20 of total 292) .... done (Time = 0.00s, Memory = 0.0K)
Checking Rule SGDC_supply01 (Rule 21 of total 292) .... done (Time = 0.00s, Memory = 0.0K)
Checking Rule SGDC_waive01 (Rule 22 of total 292) .... done (Time = 0.00s, Memory = 0.0K)
Checking Rule SGDC_waive02 (Rule 23 of total 292) .... done (Time = 0.00s, Memory = 0.0K)
Checking Rule SGDC_waive03 (Rule 24 of total 292) .... done (Time = 0.00s, Memory = 0.0K)
Checking Rule SGDC_waive04 (Rule 25 of total 292) .... done (Time = 0.00s, Memory = 0.0K)
Checking Rule SGDC_waive05 (Rule 26 of total 292) .... done (Time = 0.00s, Memory = 0.0K)
Checking Rule SGDC_waive06 (Rule 27 of total 292) .... done (Time = 0.00s, Memory = 0.0K)
Checking Rule SGDC_waive07 (Rule 28 of total 292) .... done (Time = 0.00s, Memory = 0.0K)
Checking Rule SGDC_waive08 (Rule 29 of total 292) .... done (Time = 0.00s, Memory = 0.0K)
Checking Rule SGDC_waive09 (Rule 30 of total 292) .... done (Time = 0.00s, Memory = 0.0K)
Checking Rule SGDC_waive10 (Rule 31 of total 292) .... done (Time = 0.00s, Memory = 0.0K)
Checking Rule SGDC_waive11 (Rule 32 of total 292) .... done (Time = 0.00s, Memory = 0.0K)
Checking Rule SGDC_waive12 (Rule 33 of total 292) .... done (Time = 0.00s, Memory = 0.0K)
Checking Rule SGDC_waive13 (Rule 34 of total 292) .... done (Time = 0.00s, Memory = 0.0K)
Checking Rule SGDC_waive21 (Rule 35 of total 292) .... done (Time = 0.00s, Memory = 0.0K)
Checking Rule SGDC_waive22 (Rule 36 of total 292) .... done (Time = 0.00s, Memory = 0.0K)
Checking Rule SGDC_waive30 (Rule 37 of total 292) .... done (Time = 0.00s, Memory = 0.0K)
Checking Rule SGDC_waive32 (Rule 38 of total 292) .... done (Time = 0.00s, Memory = 0.0K)
Checking Rule SGDC_waive33 (Rule 39 of total 292) .... done (Time = 0.00s, Memory = 0.0K)
Checking Rule SGDC_waive36 (Rule 40 of total 292) .... done (Time = 0.00s, Memory = 0.0K)
Checking Rule SGDC_waive38 (Rule 41 of total 292) .... done (Time = 0.00s, Memory = 0.0K)
Checking Rule SGDC_fifo01 (Rule 42 of total 292) .... done (Time = 0.00s, Memory = 0.0K)
Checking Rule SGDC_libgroup01 (Rule 43 of total 292) .... done (Time = 0.00s, Memory = 0.0K)
Checking Rule SGDC_libgroup02 (Rule 44 of total 292) .... done (Time = 0.00s, Memory = 0.0K)
Checking Rule SGDC_libgroup04 (Rule 45 of total 292) .... done (Time = 0.00s, Memory = 0.0K)
Checking Rule SGDC_power_data01 (Rule 46 of total 292) .... done (Time = 0.00s, Memory = 0.0K)
Checking Rule SGDC_ungroup01 (Rule 47 of total 292) .... done (Time = 0.00s, Memory = 0.0K)
Checking Rule SGDC_abstract_port06 (Rule 48 of total 292) .... done (Time = 0.00s, Memory = 0.0K)
Checking Rule SGDC_abstract_port14 (Rule 49 of total 292) .... done (Time = 0.00s, Memory = 0.0K)
Checking Rule SGDC_abstract_port15 (Rule 50 of total 292) .... done (Time = 0.00s, Memory = 0.0K)
Checking Rule SGDC_abstract_port18 (Rule 51 of total 292) .... done (Time = 0.00s, Memory = 0.0K)
Checking Rule sdc_init_rule (Rule 52 of total 292) .... done (Time = 0.00s, Memory = 0.0K)
Checking Rule CMD_ignorelibs01 (Rule 53 of total 292) .... done (Time = 0.00s, Memory = 0.0K)
Checking Rule ReportRuleNotRun (Rule 54 of total 292) .... done (Time = 0.01s, Memory = 0.0K)
Checking Rule STARC05-2.3.1.2c (Rule 55 of total 292) .... done (Time = 0.00s, Memory = 0.0K)
Checking Rule W442a (Rule 56 of total 292) .... done (Time = 0.00s, Memory = 0.0K)
Checking Rule W442b (Rule 57 of total 292) .... done (Time = 0.00s, Memory = 0.0K)
Checking Rule W442c (Rule 58 of total 292) .... done (Time = 0.00s, Memory = 0.0K)
Checking Rule W442f (Rule 59 of total 292) .... done (Time = 0.00s, Memory = 0.0K)
Checking Rule mixedsenselist (Rule 60 of total 292) .... done (Time = 0.00s, Memory = 0.0K)
Checking Rule badimplicitSM1 (Rule 61 of total 292) .... done (Time = 0.00s, Memory = 0.0K)
Checking Rule badimplicitSM2 (Rule 62 of total 292) .... done (Time = 0.00s, Memory = 0.0K)
Checking Rule badimplicitSM4 (Rule 63 of total 292) .... done (Time = 0.00s, Memory = 0.0K)
Checking Rule bothedges (Rule 64 of total 292) .... done (Time = 0.00s, Memory = 0.0K)
Checking Rule BlockHeader (Rule 65 of total 292) .... done (Time = 0.00s, Memory = 0.0K)
Checking Rule W421 (Rule 66 of total 292) .... done (Time = 0.00s, Memory = 0.0K)
Checking Rule STARC05-2.1.6.5 (Rule 67 of total 292) .... done (Time = 0.00s, Memory = 0.0K)
Checking Rule ReportStopSummary (Rule 68 of total 292) .... done (Time = 0.00s, Memory = 0.0K)
Checking Rule ReportIgnoreSummary (Rule 69 of total 292) .... done (Time = 0.00s, Memory = 0.0K)
 Analyzing source file "../ips/lowrisc/top/0.1.0/rtl/top_pkg.sv" ....
 Analyzing source file "../ips/lowrisc/prim/0.1.0/rtl/prim_secded_pkg.sv" ....
 Analyzing source file "../ips/lowrisc/prim/0.1.0/rtl/prim_mubi_pkg.sv" ....
 Analyzing source file "../ips/lowrisc/prim/0.1.0/rtl/prim_util_pkg.sv" ....
 Analyzing source file "../ips/lowrisc/tlul/0.1.0/rtl/tlul_pkg.sv" ....
 Analyzing source file "../ips/lowrisc/prim/0.1.0/rtl/prim_subreg_pkg.sv" ....
 Analyzing source file "../ips/lowrisc/prim/0.1.0/rtl/prim_alert_pkg.sv" ....
 Analyzing source file "../ips/lowrisc/top/0.1.0/rtl/top_racl_pkg.sv" ....
 Analyzing source file "../ips/lowrisc/prim/0.1.0/rtl/prim_count_pkg.sv" ....
 Analyzing source file "../ips/lowrisc/prim/0.1.0/rtl/prim_alert_receiver.sv" ....
 Analyzing source file "../ips/lowrisc/prim/0.1.0/rtl/prim_alert_sender.sv" ....
 Analyzing source file "../ips/lowrisc/prim/0.1.0/rtl/prim_buf.sv" ....
 Analyzing source file "../ips/lowrisc/prim/0.1.0/rtl/prim_cdc_rand_delay.sv" ....
 Analyzing source file "../ips/lowrisc/prim/0.1.0/rtl/prim_count.sv" ....
 Analyzing source file "../ips/lowrisc/prim/0.1.0/rtl/prim_diff_decode.sv" ....
 Analyzing source file "../ips/lowrisc/prim/0.1.0/rtl/prim_fifo_sync.sv" ....
 Analyzing source file "../ips/lowrisc/prim/0.1.0/rtl/prim_fifo_sync_cnt.sv" ....
 Analyzing source file "../ips/lowrisc/prim/0.1.0/rtl/prim_flop.sv" ....
 Analyzing source file "../ips/lowrisc/prim/0.1.0/rtl/prim_flop_2sync.sv" ....
 Analyzing source file "../ips/lowrisc/prim/0.1.0/rtl/prim_intr_hw.sv" ....
 Analyzing source file "../ips/lowrisc/prim/0.1.0/rtl/prim_onehot_check.sv" ....
 Analyzing source file "../ips/lowrisc/prim/0.1.0/rtl/prim_onehot_enc.sv" ....
 Analyzing source file "../ips/lowrisc/prim/0.1.0/rtl/prim_reg_we_check.sv" ....
 Analyzing source file "../ips/lowrisc/prim/0.1.0/rtl/prim_sec_anchor_buf.sv" ....
 Analyzing source file "../ips/lowrisc/prim/0.1.0/rtl/prim_sec_anchor_flop.sv" ....
 Analyzing source file "../ips/lowrisc/prim/0.1.0/rtl/prim_secded_22_16_dec.sv" ....
 Analyzing source file "../ips/lowrisc/prim/0.1.0/rtl/prim_secded_22_16_enc.sv" ....
 Analyzing source file "../ips/lowrisc/prim/0.1.0/rtl/prim_secded_28_22_dec.sv" ....
 Analyzing source file "../ips/lowrisc/prim/0.1.0/rtl/prim_secded_28_22_enc.sv" ....
 Analyzing source file "../ips/lowrisc/prim/0.1.0/rtl/prim_secded_39_32_dec.sv" ....
 Analyzing source file "../ips/lowrisc/prim/0.1.0/rtl/prim_secded_39_32_enc.sv" ....
 Analyzing source file "../ips/lowrisc/prim/0.1.0/rtl/prim_secded_64_57_dec.sv" ....
 Analyzing source file "../ips/lowrisc/prim/0.1.0/rtl/prim_secded_64_57_enc.sv" ....
 Analyzing source file "../ips/lowrisc/prim/0.1.0/rtl/prim_secded_72_64_dec.sv" ....
 Analyzing source file "../ips/lowrisc/prim/0.1.0/rtl/prim_secded_72_64_enc.sv" ....
 Analyzing source file "../ips/lowrisc/prim/0.1.0/rtl/prim_secded_hamming_22_16_dec.sv" ....
 Analyzing source file "../ips/lowrisc/prim/0.1.0/rtl/prim_secded_hamming_22_16_enc.sv" ....
 Analyzing source file "../ips/lowrisc/prim/0.1.0/rtl/prim_secded_hamming_39_32_dec.sv" ....
 Analyzing source file "../ips/lowrisc/prim/0.1.0/rtl/prim_secded_hamming_39_32_enc.sv" ....
 Analyzing source file "../ips/lowrisc/prim/0.1.0/rtl/prim_secded_hamming_72_64_dec.sv" ....
 Analyzing source file "../ips/lowrisc/prim/0.1.0/rtl/prim_secded_hamming_72_64_enc.sv" ....
 Analyzing source file "../ips/lowrisc/prim/0.1.0/rtl/prim_secded_hamming_76_68_dec.sv" ....
 Analyzing source file "../ips/lowrisc/prim/0.1.0/rtl/prim_secded_hamming_76_68_enc.sv" ....
 Analyzing source file "../ips/lowrisc/prim/0.1.0/rtl/prim_secded_inv_22_16_dec.sv" ....
 Analyzing source file "../ips/lowrisc/prim/0.1.0/rtl/prim_secded_inv_22_16_enc.sv" ....
 Analyzing source file "../ips/lowrisc/prim/0.1.0/rtl/prim_secded_inv_28_22_dec.sv" ....
 Analyzing source file "../ips/lowrisc/prim/0.1.0/rtl/prim_secded_inv_28_22_enc.sv" ....
 Analyzing source file "../ips/lowrisc/prim/0.1.0/rtl/prim_secded_inv_39_32_dec.sv" ....
 Analyzing source file "../ips/lowrisc/prim/0.1.0/rtl/prim_secded_inv_39_32_enc.sv" ....
 Analyzing source file "../ips/lowrisc/prim/0.1.0/rtl/prim_secded_inv_64_57_dec.sv" ....
 Analyzing source file "../ips/lowrisc/prim/0.1.0/rtl/prim_secded_inv_64_57_enc.sv" ....
 Analyzing source file "../ips/lowrisc/prim/0.1.0/rtl/prim_secded_inv_72_64_dec.sv" ....
 Analyzing source file "../ips/lowrisc/prim/0.1.0/rtl/prim_secded_inv_72_64_enc.sv" ....
 Analyzing source file "../ips/lowrisc/prim/0.1.0/rtl/prim_secded_inv_hamming_22_16_dec.sv" ....
 Analyzing source file "../ips/lowrisc/prim/0.1.0/rtl/prim_secded_inv_hamming_22_16_enc.sv" ....
 Analyzing source file "../ips/lowrisc/prim/0.1.0/rtl/prim_secded_inv_hamming_39_32_dec.sv" ....
 Analyzing source file "../ips/lowrisc/prim/0.1.0/rtl/prim_secded_inv_hamming_39_32_enc.sv" ....
 Analyzing source file "../ips/lowrisc/prim/0.1.0/rtl/prim_secded_inv_hamming_72_64_dec.sv" ....
 Analyzing source file "../ips/lowrisc/prim/0.1.0/rtl/prim_secded_inv_hamming_72_64_enc.sv" ....
 Analyzing source file "../ips/lowrisc/prim/0.1.0/rtl/prim_secded_inv_hamming_76_68_dec.sv" ....
 Analyzing source file "../ips/lowrisc/prim/0.1.0/rtl/prim_secded_inv_hamming_76_68_enc.sv" ....
 Analyzing source file "../ips/lowrisc/prim/0.1.0/rtl/prim_subreg.sv" ....
 Analyzing source file "../ips/lowrisc/prim/0.1.0/rtl/prim_subreg_arb.sv" ....
 Analyzing source file "../ips/lowrisc/prim/0.1.0/rtl/prim_subreg_ext.sv" ....
 Analyzing source file "../ips/lowrisc/prim/0.1.0/rtl/prim_xnor2.sv" ....
 Analyzing source file "../ips/lowrisc/tlul/0.1.0/rtl/tlul_adapter_reg.sv" ....
 Analyzing source file "../ips/lowrisc/tlul/0.1.0/rtl/tlul_assert.sv" ....
 Analyzing source file "../ips/lowrisc/tlul/0.1.0/rtl/tlul_cmd_intg_chk.sv" ....
 Analyzing source file "../ips/lowrisc/tlul/0.1.0/rtl/tlul_data_integ_dec.sv" ....
 Analyzing source file "../ips/lowrisc/tlul/0.1.0/rtl/tlul_data_integ_enc.sv" ....
 Analyzing source file "../ips/lowrisc/tlul/0.1.0/rtl/tlul_err.sv" ....
 Analyzing source file "../ips/lowrisc/tlul/0.1.0/rtl/tlul_rsp_intg_gen.sv" ....
 Analyzing source file "rtl/uart_reg_pkg.sv" ....
 Analyzing source file "rtl/uart_reg_top.sv" ....
 Analyzing source file "rtl/uart_rx.sv" ....
 Analyzing source file "rtl/uart_tx.sv" ....
 Analyzing source file "rtl/uart_core.sv" ....
 Analyzing source file "rtl/uart.sv" ....
 Analyzing source file "rtl/apb2tlul.sv" ....
 Analyzing source file "rtl/uart_apb_top.sv" ....
 Elaborating Top Verilog Design Unit 'uart' ..... done
Checking Rule ElabSummary (Rule 70 of total 292) .... done (Time = 0.00s, Memory = 0.0K)
Checking Rule ViolationLimitReached (Rule 71 of total 292) .... done (Time = 0.00s, Memory = 0.0K)
Checking Rule ReportCheckDataSummary (Rule 72 of total 292) .... done (Time = 0.00s, Memory = 0.0K)
 Reading waiver file "spyglass/uart/uart/lint/lint_rtl/spyglass_spysch/constraint/spg_autogenerated_waivers.sgdc" ...
 Generating SGDC file "spyglass/uart/uart/lint/lint_rtl/spyglass_spysch/constraint/pragma2Constraint.sgdc" from pragmas in HDL source files ....
 Generating WAIVER file "spyglass/uart/uart/lint/lint_rtl/spyglass_spysch/waiver/pragma2Waiver.swl" from pragmas in HDL source files ....
Checking Rule DetectTopDesignUnits (Rule 73 of total 292)
 Detected 1 top level design units:
     uart
 .... done (Time = 0.00s, Memory = 0.0K)
Performing semantic checks on SGDC contents
Checking Rule SGDC_testmode03 (Rule 74 of total 292) .... done (Time = 0.00s, Memory = 0.0K)
Checking Rule PECHECK09 (Rule 75 of total 292) .... done (Time = 0.00s, Memory = 0.0K)
Checking Rule Ac_multitop01 (Rule 76 of total 292) .... done (Time = 0.00s, Memory = 0.0K)
Checking Rule ReportObsoletePragmas (Rule 77 of total 292) .... done (Time = 0.00s, Memory = 0.0K)
Checking Rule ReportCksum (Rule 78 of total 292) .... done (Time = 0.00s, Memory = 0.0K)
Checking Rule GenerateConfMap (Rule 79 of total 292) .... done (Time = 0.00s, Memory = 0.0K)
Checking Rule HdlLibDuCheck (Rule 80 of total 292) .... done (Time = 0.00s, Memory = 0.0K)
Checking Rule RtlDesignInfo (Rule 81 of total 292) .... done (Time = 0.00s, Memory = 0.0K)
Checking Rule W416 (Rule 82 of total 292) .... done (Time = 0.00s, Memory = 0.0K)
Checking Rule mixedsenselist (Rule 83 of total 292) .... done (Time = 0.00s, Memory = 0.0K)
Checking Rule W110a (Rule 84 of total 292) .... done (Time = 0.00s, Memory = 0.0K)
Checking Rule Pragma_setupa (Rule 85 of total 292) .... done (Time = 0.00s, Memory = 0.0K)
Checking Rule _deltaDelay (Rule 86 of total 292) .... done (Time = 0.00s, Memory = 0.0K)
Checking Rule _deltaDelay (Rule 87 of total 292) .... done (Time = 0.00s, Memory = 0.0K)
Checking Rule preReq_ConsCase (Rule 88 of total 292) .... done (Time = 0.00s, Memory = 0.0K)
Checking Rule CheckCelldefine (Rule 89 of total 292) .... done (Time = 0.00s, Memory = 0.0K)
Checking Rule SGDC_waive23 (Rule 90 of total 292) .... done (Time = 0.00s, Memory = 0.0K)
Checking Rule SGDC_waive26 (Rule 91 of total 292) .... done (Time = 0.00s, Memory = 128.0K)
Checking Rule SGDC_waive27 (Rule 92 of total 292) .... done (Time = 0.00s, Memory = 0.0K)
Checking Rule SGDC_waive29 (Rule 93 of total 292) .... done (Time = 0.00s, Memory = 0.0K)
Checking Rule STARC05-2.3.1.5b (Rule 94 of total 292) .... done (Time = 0.00s, Memory = 0.0K)
Checking Rule STARC05-2.3.3.1 (Rule 95 of total 292) .... done (Time = 0.00s, Memory = 0.0K)
Checking Rule STARC05-2.3.3.1 (Rule 96 of total 292) .... done (Time = 0.00s, Memory = 0.0K)
Checking Rule STARC05-2.11.3.1 (Rule 97 of total 292) .... done (Time = 0.00s, Memory = 0.0K)
Checking Rule Prereqs_STARC05-1.6.2.1 (Rule 98 of total 292) .... done (Time = 0.00s, Memory = 0.0K)
Checking Rule W317 (Rule 99 of total 292) .... done (Time = 0.00s, Memory = 0.0K)
Checking Rule W422 (Rule 100 of total 292) .... done (Time = 0.00s, Memory = 0.0K)
Checking Rule W426 (Rule 101 of total 292) .... done (Time = 0.00s, Memory = 0.0K)
Checking Rule W480 (Rule 102 of total 292) .... done (Time = 0.00s, Memory = 0.0K)
Checking Rule W481a (Rule 103 of total 292) .... done (Time = 0.00s, Memory = 0.0K)
Checking Rule W481b (Rule 104 of total 292) .... done (Time = 0.00s, Memory = 0.0K)
Checking Rule W422 (Rule 105 of total 292) .... done (Time = 0.00s, Memory = 0.0K)
Checking Rule W292 (Rule 106 of total 292) .... done (Time = 0.00s, Memory = 0.0K)
Checking Rule W71 (Rule 107 of total 292) .... done (Time = 0.00s, Memory = 0.0K)
Checking Rule W293 (Rule 108 of total 292) .... done (Time = 0.00s, Memory = 0.0K)
Checking Rule W398 (Rule 109 of total 292) .... done (Time = 0.00s, Memory = 0.0K)
Checking Rule W421 (Rule 110 of total 292) .... done (Time = 0.00s, Memory = 0.0K)
Checking Rule W424 (Rule 111 of total 292) .... done (Time = 0.00s, Memory = 0.0K)
Checking Rule W467 (Rule 112 of total 292) .... done (Time = 0.00s, Memory = 0.0K)
Checking Rule Prereqs_RegInputOutputs (Rule 113 of total 292) .... done (Time = 0.01s, Memory = 0.0K)
Checking Rule PragmaComments-ML (Rule 114 of total 292) .... done (Time = 0.00s, Memory = 192.0K)
Checking Rule PragmaComments-ML (Rule 115 of total 292) .... done (Time = 0.00s, Memory = -64.0K)
Checking Rule CheckDelayTimescale-ML (Rule 116 of total 292) .... done (Time = 0.00s, Memory = 0.0K)
Checking Rule Prereqs_CheckTimeUnitandPrecision-ML (Rule 117 of total 292) .... done (Time = 0.00s, Memory = 0.0K)
Checking ELABDU Rules for designUnit uart
    Checking Rule Ac_classify_param01 (Rule 118 of total 292) .... done (Time = 0.00s, Memory = 0.0K)
    Checking Rule AcOvlRtl (Rule 119 of total 292) .... done (Time = 0.00s, Memory = 0.0K)
    Checking Rule AcOvlRtl (Rule 120 of total 292) .... done (Time = 0.00s, Memory = 0.0K)
    Checking Rule GenTopLevelBlocksForAutoSoc (Rule 121 of total 292) .... done (Time = 0.00s, Memory = 0.0K)
    Checking Rule Prereqs_InferLatch (Rule 122 of total 292) .... done (Time = 0.00s, Memory = 0.0K)
    Checking Rule STARC05-2.1.4.5 (Rule 123 of total 292) .... done (Time = 0.00s, Memory = 0.0K)
    Checking Rule STARC05-2.1.5.3 (Rule 124 of total 292) .... done (Time = 0.00s, Memory = 0.0K)
    Checking Rule STARC05-2.2.3.3 (Rule 125 of total 292) .... done (Time = 0.00s, Memory = 0.0K)
    Checking Rule STARC05-2.3.1.6 (Rule 126 of total 292) .... done (Time = 0.00s, Memory = 0.0K)
    Checking Rule STARC05-2.10.2.3 (Rule 127 of total 292) .... done (Time = 0.00s, Memory = 0.0K)
    Checking Rule STARC05-2.10.3.2a (Rule 128 of total 292) .... done (Time = 0.00s, Memory = 0.0K)
    Checking Rule STARC05-2.11.3.1 (Rule 129 of total 292) .... done (Time = 0.00s, Memory = 0.0K)
    Checking Rule STARC05-2.1.3.1 (Rule 130 of total 292) .... done (Time = 0.00s, Memory = 0.0K)
    Checking Rule STARC05-2.10.1.4a (Rule 131 of total 292) .... done (Time = 0.00s, Memory = 0.0K)
    Checking Rule STARC05-2.10.1.4b (Rule 132 of total 292) .... done (Time = 0.00s, Memory = 0.0K)
    Checking Rule sim_race02 (Rule 133 of total 292) .... done (Time = 0.00s, Memory = 0.0K)
    Checking Rule W339a (Rule 134 of total 292) .... done (Time = 0.00s, Memory = 0.0K)
    Checking Rule W110 (Rule 135 of total 292) .... done (Time = 0.00s, Memory = 0.0K)
    Checking Rule W122 (Rule 136 of total 292) .... done (Time = 0.00s, Memory = 0.0K)
    Checking Rule W496a (Rule 137 of total 292) .... done (Time = 0.01s, Memory = 0.0K)
    Checking Rule W496b (Rule 138 of total 292) .... done (Time = 0.00s, Memory = 0.0K)
    Checking Rule W19 (Rule 139 of total 292) .... done (Time = 0.00s, Memory = 0.0K)
    Checking Rule W66 (Rule 140 of total 292) .... done (Time = 0.00s, Memory = 0.0K)
    Checking Rule W116 (Rule 141 of total 292) .... done (Time = 0.00s, Memory = 0.0K)
    Checking Rule W123 (Rule 142 of total 292) .... done (Time = 0.00s, Memory = 0.0K)
    Checking Rule W156 (Rule 143 of total 292) .... done (Time = 0.00s, Memory = 0.0K)
    Checking Rule W215 (Rule 144 of total 292) .... done (Time = 0.00s, Memory = 0.0K)
    Checking Rule W216 (Rule 145 of total 292) .... done (Time = 0.00s, Memory = 0.0K)
    Checking Rule W218 (Rule 146 of total 292) .... done (Time = 0.00s, Memory = 0.0K)
    Checking Rule W224 (Rule 147 of total 292) .... done (Time = 0.00s, Memory = 0.0K)
    Checking Rule W263 (Rule 148 of total 292) .... done (Time = 0.00s, Memory = 0.0K)
    Checking Rule W289 (Rule 149 of total 292) .... done (Time = 0.00s, Memory = 0.0K)
    Checking Rule W337 (Rule 150 of total 292) .... done (Time = 0.00s, Memory = 128.0K)
    Checking Rule W416 (Rule 151 of total 292) .... done (Time = 0.00s, Memory = 0.0K)
    Checking Rule W352 (Rule 152 of total 292) .... done (Time = 0.00s, Memory = 0.0K)
    Checking Rule W362 (Rule 153 of total 292) .... done (Time = 0.01s, Memory = 0.0K)
    Checking Rule W415a (Rule 154 of total 292) .... done (Time = 0.00s, Memory = 0.0K)
    Checking Rule W486 (Rule 155 of total 292) .... done (Time = 0.00s, Memory = 0.0K)
    Checking Rule W499 (Rule 156 of total 292) .... done (Time = 0.00s, Memory = 0.0K)
    Checking Rule W502 (Rule 157 of total 292) .... done (Time = 0.00s, Memory = 0.0K)
    Checking Rule W116 (Rule 158 of total 292) .... done (Time = 0.00s, Memory = 0.0K)
    Checking Rule W122 (Rule 159 of total 292) .... done (Time = 0.00s, Memory = 0.0K)
    Checking Rule W123 (Rule 160 of total 292) .... done (Time = 0.00s, Memory = 0.0K)
    Checking Rule W156 (Rule 161 of total 292) .... done (Time = 0.00s, Memory = 0.0K)
    Checking Rule W71 (Rule 162 of total 292) .... done (Time = 0.00s, Memory = 0.0K)
    Checking Rule W240 (Rule 163 of total 292) .... done (Time = 0.00s, Memory = 0.0K)
    Checking Rule W240 (Rule 164 of total 292) .... done (Time = 0.00s, Memory = 0.0K)
    Checking Rule W287a (Rule 165 of total 292) .... done (Time = 0.00s, Memory = 256.0K)
    Checking Rule W287b (Rule 166 of total 292) .... done (Time = 0.01s, Memory = 0.0K)
    Checking Rule W293 (Rule 167 of total 292) .... done (Time = 0.00s, Memory = 0.0K)
    Checking Rule W398 (Rule 168 of total 292) .... done (Time = 0.00s, Memory = 128.0K)
    Checking Rule W424 (Rule 169 of total 292) .... done (Time = 0.00s, Memory = 0.0K)
    Checking Rule W467 (Rule 170 of total 292) .... done (Time = 0.00s, Memory = 0.0K)
    Checking Rule W505 (Rule 171 of total 292) .... done (Time = 0.00s, Memory = 0.0K)
    Checking Rule W505 (Rule 172 of total 292) .... done (Time = 0.00s, Memory = 0.0K)
    Checking Rule W528 (Rule 173 of total 292) .... done (Time = 0.00s, Memory = 0.0K)
    Checking Rule W528 (Rule 174 of total 292) .... done (Time = 0.00s, Memory = 512.0K)
    Checking Rule Prereqs_Usage (Rule 175 of total 292) .... done (Time = 0.00s, Memory = 0.0K)
    Checking Rule Prereqs_ConstantInput-ML (Rule 176 of total 292) .... done (Time = 0.00s, Memory = 0.0K)
    Checking Rule ReportPortInfo-ML (Rule 177 of total 292) .... done (Time = 0.00s, Memory = 0.0K)
    Checking Rule Prereqs_ReportPortInfo-ML (Rule 178 of total 292) .... done (Time = 0.00s, Memory = 0.0K)
    Checking Rule Prereqs_ReportPortInfo-ML (Rule 179 of total 292) .... done (Time = 0.00s, Memory = 0.0K)
    Checking Rule Prereqs_Elab_Hier_Dialog (Rule 180 of total 292) .... done (Time = 0.00s, Memory = 0.0K)
    Checking Rule NoAssignX-ML (Rule 181 of total 292) .... done (Time = 0.00s, Memory = 0.0K)
    Checking Rule ParamWidthMismatch-ML (Rule 182 of total 292) .... done (Time = 0.00s, Memory = 0.0K)
    Checking Rule Postreqs_Usage_ML (Rule 183 of total 292) .... done (Time = 0.00s, Memory = 0.0K)
    Checking Rule NoXInCase-ML (Rule 184 of total 292) .... done (Time = 0.00s, Memory = 0.0K)
Checking ELABDU Rules for designUnit uart_reg_top
    Checking Rule Ac_classify_param01 (Rule 118 of total 292) .... done (Time = 0.00s, Memory = 0.0K)
    Checking Rule AcOvlRtl (Rule 119 of total 292) .... done (Time = 0.00s, Memory = 0.0K)
    Checking Rule AcOvlRtl (Rule 120 of total 292) .... done (Time = 0.00s, Memory = 0.0K)
    Checking Rule GenTopLevelBlocksForAutoSoc (Rule 121 of total 292) .... done (Time = 0.00s, Memory = 0.0K)
    Checking Rule Prereqs_InferLatch (Rule 122 of total 292) .... done (Time = 0.00s, Memory = 0.0K)
    Checking Rule STARC05-2.1.4.5 (Rule 123 of total 292) .... done (Time = 0.00s, Memory = 0.0K)
    Checking Rule STARC05-2.1.5.3 (Rule 124 of total 292) .... done (Time = 0.00s, Memory = 0.0K)
    Checking Rule STARC05-2.2.3.3 (Rule 125 of total 292) .... done (Time = 0.00s, Memory = 0.0K)
    Checking Rule STARC05-2.3.1.6 (Rule 126 of total 292) .... done (Time = 0.00s, Memory = 0.0K)
    Checking Rule STARC05-2.10.2.3 (Rule 127 of total 292) .... done (Time = 0.00s, Memory = 0.0K)
    Checking Rule STARC05-2.10.3.2a (Rule 128 of total 292) .... done (Time = 0.00s, Memory = 0.0K)
    Checking Rule STARC05-2.11.3.1 (Rule 129 of total 292) .... done (Time = 0.00s, Memory = 0.0K)
    Checking Rule STARC05-2.1.3.1 (Rule 130 of total 292) .... done (Time = 0.00s, Memory = 0.0K)
    Checking Rule STARC05-2.10.1.4a (Rule 131 of total 292) .... done (Time = 0.00s, Memory = 0.0K)
    Checking Rule STARC05-2.10.1.4b (Rule 132 of total 292) .... done (Time = 0.00s, Memory = 0.0K)
    Checking Rule sim_race02 (Rule 133 of total 292) .... done (Time = 0.00s, Memory = 0.0K)
    Checking Rule W339a (Rule 134 of total 292) .... done (Time = 0.00s, Memory = 0.0K)
    Checking Rule W110 (Rule 135 of total 292) .... done (Time = 0.00s, Memory = 0.0K)
    Checking Rule W122 (Rule 136 of total 292) .... done (Time = 0.00s, Memory = 0.0K)
    Checking Rule W496a (Rule 137 of total 292) .... done (Time = 0.00s, Memory = 0.0K)
    Checking Rule W496b (Rule 138 of total 292) .... done (Time = 0.00s, Memory = 0.0K)
    Checking Rule W19 (Rule 139 of total 292) .... done (Time = 0.00s, Memory = 0.0K)
    Checking Rule W66 (Rule 140 of total 292) .... done (Time = 0.00s, Memory = 0.0K)
    Checking Rule W116 (Rule 141 of total 292) .... done (Time = 0.00s, Memory = 0.0K)
    Checking Rule W123 (Rule 142 of total 292) .... done (Time = 0.00s, Memory = 0.0K)
    Checking Rule W156 (Rule 143 of total 292) .... done (Time = 0.00s, Memory = 0.0K)
    Checking Rule W215 (Rule 144 of total 292) .... done (Time = 0.00s, Memory = 0.0K)
    Checking Rule W216 (Rule 145 of total 292) .... done (Time = 0.00s, Memory = 0.0K)
    Checking Rule W218 (Rule 146 of total 292) .... done (Time = 0.00s, Memory = 0.0K)
    Checking Rule W224 (Rule 147 of total 292) .... done (Time = 0.00s, Memory = 0.0K)
    Checking Rule W263 (Rule 148 of total 292) .... done (Time = 0.00s, Memory = 0.0K)
    Checking Rule W289 (Rule 149 of total 292) .... done (Time = 0.00s, Memory = 0.0K)
    Checking Rule W337 (Rule 150 of total 292) .... done (Time = 0.00s, Memory = 0.0K)
    Checking Rule W416 (Rule 151 of total 292) .... done (Time = 0.00s, Memory = 0.0K)
    Checking Rule W352 (Rule 152 of total 292) .... done (Time = 0.00s, Memory = 0.0K)
    Checking Rule W362 (Rule 153 of total 292) .... done (Time = 0.00s, Memory = 0.0K)
    Checking Rule W415a (Rule 154 of total 292) .... done (Time = 0.00s, Memory = 80.0K)
    Checking Rule W486 (Rule 155 of total 292) .... done (Time = 0.00s, Memory = 0.0K)
    Checking Rule W499 (Rule 156 of total 292) .... done (Time = 0.00s, Memory = 0.0K)
    Checking Rule W502 (Rule 157 of total 292) .... done (Time = 0.00s, Memory = 0.0K)
    Checking Rule W116 (Rule 158 of total 292) .... done (Time = 0.00s, Memory = 0.0K)
    Checking Rule W122 (Rule 159 of total 292) .... done (Time = 0.00s, Memory = 0.0K)
    Checking Rule W123 (Rule 160 of total 292) .... done (Time = 0.00s, Memory = 0.0K)
    Checking Rule W156 (Rule 161 of total 292) .... done (Time = 0.00s, Memory = 0.0K)
    Checking Rule W71 (Rule 162 of total 292) .... done (Time = 0.00s, Memory = 0.0K)
    Checking Rule W240 (Rule 163 of total 292) .... done (Time = 0.00s, Memory = 0.0K)
    Checking Rule W240 (Rule 164 of total 292) .... done (Time = 0.00s, Memory = 0.0K)
    Checking Rule W287a (Rule 165 of total 292) .... done (Time = 0.00s, Memory = 128.0K)
    Checking Rule W287b (Rule 166 of total 292) .... done (Time = 0.00s, Memory = 0.0K)
    Checking Rule W293 (Rule 167 of total 292) .... done (Time = 0.00s, Memory = 0.0K)
    Checking Rule W398 (Rule 168 of total 292) .... done (Time = 0.00s, Memory = 0.0K)
    Checking Rule W424 (Rule 169 of total 292) .... done (Time = 0.00s, Memory = 0.0K)
    Checking Rule W467 (Rule 170 of total 292) .... done (Time = 0.00s, Memory = 0.0K)
    Checking Rule W505 (Rule 171 of total 292) .... done (Time = 0.00s, Memory = 0.0K)
    Checking Rule W505 (Rule 172 of total 292) .... done (Time = 0.00s, Memory = 0.0K)
    Checking Rule W528 (Rule 173 of total 292) .... done (Time = 0.00s, Memory = 0.0K)
    Checking Rule W528 (Rule 174 of total 292) .... done (Time = 0.00s, Memory = 512.0K)
    Checking Rule Prereqs_Usage (Rule 175 of total 292) .... done (Time = 0.00s, Memory = 0.0K)
    Checking Rule Prereqs_ConstantInput-ML (Rule 176 of total 292) .... done (Time = 0.00s, Memory = 0.0K)
    Checking Rule ReportPortInfo-ML (Rule 177 of total 292) .... done (Time = 0.00s, Memory = 0.0K)
    Checking Rule Prereqs_ReportPortInfo-ML (Rule 178 of total 292) .... done (Time = 0.00s, Memory = 0.0K)
    Checking Rule Prereqs_ReportPortInfo-ML (Rule 179 of total 292) .... done (Time = 0.00s, Memory = 0.0K)
    Checking Rule Prereqs_Elab_Hier_Dialog (Rule 180 of total 292) .... done (Time = 0.00s, Memory = 0.0K)
    Checking Rule NoAssignX-ML (Rule 181 of total 292) .... done (Time = 0.00s, Memory = 0.0K)
    Checking Rule ParamWidthMismatch-ML (Rule 182 of total 292) .... done (Time = 0.00s, Memory = 0.0K)
    Checking Rule Postreqs_Usage_ML (Rule 183 of total 292) .... done (Time = 0.00s, Memory = 0.0K)
    Checking Rule NoXInCase-ML (Rule 184 of total 292) .... done (Time = 0.00s, Memory = 0.0K)
Checking ELABDU Rules for designUnit tlul_cmd_intg_chk
    Checking Rule Ac_classify_param01 (Rule 118 of total 292) .... done (Time = 0.00s, Memory = 0.0K)
    Checking Rule AcOvlRtl (Rule 119 of total 292) .... done (Time = 0.00s, Memory = 0.0K)
    Checking Rule AcOvlRtl (Rule 120 of total 292) .... done (Time = 0.00s, Memory = 0.0K)
    Checking Rule GenTopLevelBlocksForAutoSoc (Rule 121 of total 292) .... done (Time = 0.00s, Memory = 0.0K)
    Checking Rule Prereqs_InferLatch (Rule 122 of total 292) .... done (Time = 0.00s, Memory = 0.0K)
    Checking Rule STARC05-2.1.4.5 (Rule 123 of total 292) .... done (Time = 0.00s, Memory = 0.0K)
    Checking Rule STARC05-2.1.5.3 (Rule 124 of total 292) .... done (Time = 0.00s, Memory = 0.0K)
    Checking Rule STARC05-2.2.3.3 (Rule 125 of total 292) .... done (Time = 0.00s, Memory = 0.0K)
    Checking Rule STARC05-2.3.1.6 (Rule 126 of total 292) .... done (Time = 0.00s, Memory = 0.0K)
    Checking Rule STARC05-2.10.2.3 (Rule 127 of total 292) .... done (Time = 0.00s, Memory = 0.0K)
    Checking Rule STARC05-2.10.3.2a (Rule 128 of total 292) .... done (Time = 0.00s, Memory = 0.0K)
    Checking Rule STARC05-2.11.3.1 (Rule 129 of total 292) .... done (Time = 0.00s, Memory = 0.0K)
    Checking Rule STARC05-2.1.3.1 (Rule 130 of total 292) .... done (Time = 0.00s, Memory = 0.0K)
    Checking Rule STARC05-2.10.1.4a (Rule 131 of total 292) .... done (Time = 0.00s, Memory = 0.0K)
    Checking Rule STARC05-2.10.1.4b (Rule 132 of total 292) .... done (Time = 0.00s, Memory = 0.0K)
    Checking Rule sim_race02 (Rule 133 of total 292) .... done (Time = 0.00s, Memory = 0.0K)
    Checking Rule W339a (Rule 134 of total 292) .... done (Time = 0.00s, Memory = 0.0K)
    Checking Rule W110 (Rule 135 of total 292) .... done (Time = 0.00s, Memory = 0.0K)
    Checking Rule W122 (Rule 136 of total 292) .... done (Time = 0.00s, Memory = 0.0K)
    Checking Rule W496a (Rule 137 of total 292) .... done (Time = 0.00s, Memory = 0.0K)
    Checking Rule W496b (Rule 138 of total 292) .... done (Time = 0.00s, Memory = 0.0K)
    Checking Rule W19 (Rule 139 of total 292) .... done (Time = 0.00s, Memory = 0.0K)
    Checking Rule W66 (Rule 140 of total 292) .... done (Time = 0.00s, Memory = 0.0K)
    Checking Rule W116 (Rule 141 of total 292) .... done (Time = 0.00s, Memory = 0.0K)
    Checking Rule W123 (Rule 142 of total 292) .... done (Time = 0.00s, Memory = 0.0K)
    Checking Rule W156 (Rule 143 of total 292) .... done (Time = 0.00s, Memory = 0.0K)
    Checking Rule W215 (Rule 144 of total 292) .... done (Time = 0.00s, Memory = 0.0K)
    Checking Rule W216 (Rule 145 of total 292) .... done (Time = 0.00s, Memory = 0.0K)
    Checking Rule W218 (Rule 146 of total 292) .... done (Time = 0.00s, Memory = 0.0K)
    Checking Rule W224 (Rule 147 of total 292) .... done (Time = 0.00s, Memory = 0.0K)
    Checking Rule W263 (Rule 148 of total 292) .... done (Time = 0.00s, Memory = 0.0K)
    Checking Rule W289 (Rule 149 of total 292) .... done (Time = 0.00s, Memory = 0.0K)
    Checking Rule W337 (Rule 150 of total 292) .... done (Time = 0.00s, Memory = 0.0K)
    Checking Rule W416 (Rule 151 of total 292) .... done (Time = 0.00s, Memory = 0.0K)
    Checking Rule W352 (Rule 152 of total 292) .... done (Time = 0.00s, Memory = 0.0K)
    Checking Rule W362 (Rule 153 of total 292) .... done (Time = 0.00s, Memory = 0.0K)
    Checking Rule W415a (Rule 154 of total 292) .... done (Time = 0.00s, Memory = 0.0K)
    Checking Rule W486 (Rule 155 of total 292) .... done (Time = 0.00s, Memory = 0.0K)
    Checking Rule W499 (Rule 156 of total 292) .... done (Time = 0.00s, Memory = 0.0K)
    Checking Rule W502 (Rule 157 of total 292) .... done (Time = 0.00s, Memory = 0.0K)
    Checking Rule W116 (Rule 158 of total 292) .... done (Time = 0.00s, Memory = 0.0K)
    Checking Rule W122 (Rule 159 of total 292) .... done (Time = 0.00s, Memory = 0.0K)
    Checking Rule W123 (Rule 160 of total 292) .... done (Time = 0.00s, Memory = 0.0K)
    Checking Rule W156 (Rule 161 of total 292) .... done (Time = 0.00s, Memory = 0.0K)
    Checking Rule W71 (Rule 162 of total 292) .... done (Time = 0.00s, Memory = 0.0K)
    Checking Rule W240 (Rule 163 of total 292) .... done (Time = 0.00s, Memory = 0.0K)
    Checking Rule W240 (Rule 164 of total 292) .... done (Time = 0.00s, Memory = 0.0K)
    Checking Rule W287a (Rule 165 of total 292) .... done (Time = 0.00s, Memory = 0.0K)
    Checking Rule W287b (Rule 166 of total 292) .... done (Time = 0.00s, Memory = 0.0K)
    Checking Rule W293 (Rule 167 of total 292) .... done (Time = 0.00s, Memory = 0.0K)
    Checking Rule W398 (Rule 168 of total 292) .... done (Time = 0.00s, Memory = 0.0K)
    Checking Rule W424 (Rule 169 of total 292) .... done (Time = 0.00s, Memory = 0.0K)
    Checking Rule W467 (Rule 170 of total 292) .... done (Time = 0.00s, Memory = 0.0K)
    Checking Rule W505 (Rule 171 of total 292) .... done (Time = 0.00s, Memory = 0.0K)
    Checking Rule W505 (Rule 172 of total 292) .... done (Time = 0.00s, Memory = 0.0K)
    Checking Rule W528 (Rule 173 of total 292) .... done (Time = 0.00s, Memory = 0.0K)
    Checking Rule W528 (Rule 174 of total 292) .... done (Time = 0.00s, Memory = 512.0K)
    Checking Rule Prereqs_Usage (Rule 175 of total 292) .... done (Time = 0.00s, Memory = 0.0K)
    Checking Rule Prereqs_ConstantInput-ML (Rule 176 of total 292) .... done (Time = 0.00s, Memory = 0.0K)
    Checking Rule ReportPortInfo-ML (Rule 177 of total 292) .... done (Time = 0.00s, Memory = 0.0K)
    Checking Rule Prereqs_ReportPortInfo-ML (Rule 178 of total 292) .... done (Time = 0.00s, Memory = 0.0K)
    Checking Rule Prereqs_ReportPortInfo-ML (Rule 179 of total 292) .... done (Time = 0.00s, Memory = 0.0K)
    Checking Rule Prereqs_Elab_Hier_Dialog (Rule 180 of total 292) .... done (Time = 0.00s, Memory = 0.0K)
    Checking Rule NoAssignX-ML (Rule 181 of total 292) .... done (Time = 0.00s, Memory = 0.0K)
    Checking Rule ParamWidthMismatch-ML (Rule 182 of total 292) .... done (Time = 0.00s, Memory = 0.0K)
    Checking Rule Postreqs_Usage_ML (Rule 183 of total 292) .... done (Time = 0.00s, Memory = 0.0K)
    Checking Rule NoXInCase-ML (Rule 184 of total 292) .... done (Time = 0.00s, Memory = 0.0K)
Checking ELABDU Rules for designUnit prim_secded_inv_64_57_dec
    Checking Rule Ac_classify_param01 (Rule 118 of total 292) .... done (Time = 0.00s, Memory = 0.0K)
    Checking Rule AcOvlRtl (Rule 119 of total 292) .... done (Time = 0.00s, Memory = 0.0K)
    Checking Rule AcOvlRtl (Rule 120 of total 292) .... done (Time = 0.00s, Memory = 0.0K)
    Checking Rule GenTopLevelBlocksForAutoSoc (Rule 121 of total 292) .... done (Time = 0.00s, Memory = 0.0K)
    Checking Rule Prereqs_InferLatch (Rule 122 of total 292) .... done (Time = 0.00s, Memory = 0.0K)
    Checking Rule STARC05-2.1.4.5 (Rule 123 of total 292) .... done (Time = 0.00s, Memory = 0.0K)
    Checking Rule STARC05-2.1.5.3 (Rule 124 of total 292) .... done (Time = 0.00s, Memory = 0.0K)
    Checking Rule STARC05-2.2.3.3 (Rule 125 of total 292) .... done (Time = 0.00s, Memory = 0.0K)
    Checking Rule STARC05-2.3.1.6 (Rule 126 of total 292) .... done (Time = 0.00s, Memory = 0.0K)
    Checking Rule STARC05-2.10.2.3 (Rule 127 of total 292) .... done (Time = 0.00s, Memory = 0.0K)
    Checking Rule STARC05-2.10.3.2a (Rule 128 of total 292) .... done (Time = 0.00s, Memory = 0.0K)
    Checking Rule STARC05-2.11.3.1 (Rule 129 of total 292) .... done (Time = 0.00s, Memory = 0.0K)
    Checking Rule STARC05-2.1.3.1 (Rule 130 of total 292) .... done (Time = 0.00s, Memory = 0.0K)
    Checking Rule STARC05-2.10.1.4a (Rule 131 of total 292) .... done (Time = 0.00s, Memory = 0.0K)
    Checking Rule STARC05-2.10.1.4b (Rule 132 of total 292) .... done (Time = 0.00s, Memory = 0.0K)
    Checking Rule sim_race02 (Rule 133 of total 292) .... done (Time = 0.00s, Memory = 256.0K)
    Checking Rule W339a (Rule 134 of total 292) .... done (Time = 0.00s, Memory = 0.0K)
    Checking Rule W110 (Rule 135 of total 292) .... done (Time = 0.00s, Memory = 0.0K)
    Checking Rule W122 (Rule 136 of total 292) .... done (Time = 0.00s, Memory = 0.0K)
    Checking Rule W496a (Rule 137 of total 292) .... done (Time = 0.00s, Memory = 0.0K)
    Checking Rule W496b (Rule 138 of total 292) .... done (Time = 0.00s, Memory = 0.0K)
    Checking Rule W19 (Rule 139 of total 292) .... done (Time = 0.00s, Memory = 0.0K)
    Checking Rule W66 (Rule 140 of total 292) .... done (Time = 0.00s, Memory = 0.0K)
    Checking Rule W116 (Rule 141 of total 292) .... done (Time = 0.00s, Memory = 0.0K)
    Checking Rule W123 (Rule 142 of total 292) .... done (Time = 0.00s, Memory = 0.0K)
    Checking Rule W156 (Rule 143 of total 292) .... done (Time = 0.00s, Memory = 0.0K)
    Checking Rule W215 (Rule 144 of total 292) .... done (Time = 0.00s, Memory = 0.0K)
    Checking Rule W216 (Rule 145 of total 292) .... done (Time = 0.00s, Memory = 0.0K)
    Checking Rule W218 (Rule 146 of total 292) .... done (Time = 0.00s, Memory = 0.0K)
    Checking Rule W224 (Rule 147 of total 292) .... done (Time = 0.00s, Memory = 0.0K)
    Checking Rule W263 (Rule 148 of total 292) .... done (Time = 0.00s, Memory = 0.0K)
    Checking Rule W289 (Rule 149 of total 292) .... done (Time = 0.00s, Memory = 0.0K)
    Checking Rule W337 (Rule 150 of total 292) .... done (Time = 0.00s, Memory = 0.0K)
    Checking Rule W416 (Rule 151 of total 292) .... done (Time = 0.00s, Memory = 0.0K)
    Checking Rule W352 (Rule 152 of total 292) .... done (Time = 0.00s, Memory = 0.0K)
    Checking Rule W362 (Rule 153 of total 292) .... done (Time = 0.00s, Memory = 0.0K)
    Checking Rule W415a (Rule 154 of total 292) .... done (Time = 0.00s, Memory = 48.0K)
    Checking Rule W486 (Rule 155 of total 292) .... done (Time = 0.00s, Memory = 0.0K)
    Checking Rule W499 (Rule 156 of total 292) .... done (Time = 0.00s, Memory = 0.0K)
    Checking Rule W502 (Rule 157 of total 292) .... done (Time = 0.00s, Memory = 0.0K)
    Checking Rule W116 (Rule 158 of total 292) .... done (Time = 0.00s, Memory = 0.0K)
    Checking Rule W122 (Rule 159 of total 292) .... done (Time = 0.00s, Memory = 0.0K)
    Checking Rule W123 (Rule 160 of total 292) .... done (Time = 0.00s, Memory = 0.0K)
    Checking Rule W156 (Rule 161 of total 292) .... done (Time = 0.00s, Memory = 0.0K)
    Checking Rule W71 (Rule 162 of total 292) .... done (Time = 0.00s, Memory = 0.0K)
    Checking Rule W240 (Rule 163 of total 292) .... done (Time = 0.00s, Memory = 0.0K)
    Checking Rule W240 (Rule 164 of total 292) .... done (Time = 0.00s, Memory = 0.0K)
    Checking Rule W287a (Rule 165 of total 292) .... done (Time = 0.00s, Memory = 0.0K)
    Checking Rule W287b (Rule 166 of total 292) .... done (Time = 0.00s, Memory = 0.0K)
    Checking Rule W293 (Rule 167 of total 292) .... done (Time = 0.00s, Memory = 0.0K)
    Checking Rule W398 (Rule 168 of total 292) .... done (Time = 0.00s, Memory = 0.0K)
    Checking Rule W424 (Rule 169 of total 292) .... done (Time = 0.00s, Memory = 0.0K)
    Checking Rule W467 (Rule 170 of total 292) .... done (Time = 0.00s, Memory = 0.0K)
    Checking Rule W505 (Rule 171 of total 292) .... done (Time = 0.00s, Memory = 0.0K)
    Checking Rule W505 (Rule 172 of total 292) .... done (Time = 0.00s, Memory = 0.0K)
    Checking Rule W528 (Rule 173 of total 292) .... done (Time = 0.00s, Memory = 0.0K)
    Checking Rule W528 (Rule 174 of total 292) .... done (Time = 0.00s, Memory = 512.0K)
    Checking Rule Prereqs_Usage (Rule 175 of total 292) .... done (Time = 0.00s, Memory = 0.0K)
    Checking Rule Prereqs_ConstantInput-ML (Rule 176 of total 292) .... done (Time = 0.00s, Memory = 0.0K)
    Checking Rule ReportPortInfo-ML (Rule 177 of total 292) .... done (Time = 0.00s, Memory = 0.0K)
    Checking Rule Prereqs_ReportPortInfo-ML (Rule 178 of total 292) .... done (Time = 0.00s, Memory = 0.0K)
    Checking Rule Prereqs_ReportPortInfo-ML (Rule 179 of total 292) .... done (Time = 0.00s, Memory = 0.0K)
    Checking Rule Prereqs_Elab_Hier_Dialog (Rule 180 of total 292) .... done (Time = 0.00s, Memory = 0.0K)
    Checking Rule NoAssignX-ML (Rule 181 of total 292) .... done (Time = 0.00s, Memory = 0.0K)
    Checking Rule ParamWidthMismatch-ML (Rule 182 of total 292) .... done (Time = 0.00s, Memory = 0.0K)
    Checking Rule Postreqs_Usage_ML (Rule 183 of total 292) .... done (Time = 0.00s, Memory = 0.0K)
    Checking Rule NoXInCase-ML (Rule 184 of total 292) .... done (Time = 0.00s, Memory = 0.0K)
Checking ELABDU Rules for designUnit tlul_data_integ_dec
    Checking Rule Ac_classify_param01 (Rule 118 of total 292) .... done (Time = 0.00s, Memory = 0.0K)
    Checking Rule AcOvlRtl (Rule 119 of total 292) .... done (Time = 0.00s, Memory = 0.0K)
    Checking Rule AcOvlRtl (Rule 120 of total 292) .... done (Time = 0.00s, Memory = 0.0K)
    Checking Rule GenTopLevelBlocksForAutoSoc (Rule 121 of total 292) .... done (Time = 0.00s, Memory = 0.0K)
    Checking Rule Prereqs_InferLatch (Rule 122 of total 292) .... done (Time = 0.00s, Memory = 0.0K)
    Checking Rule STARC05-2.1.4.5 (Rule 123 of total 292) .... done (Time = 0.00s, Memory = 0.0K)
    Checking Rule STARC05-2.1.5.3 (Rule 124 of total 292) .... done (Time = 0.00s, Memory = 0.0K)
    Checking Rule STARC05-2.2.3.3 (Rule 125 of total 292) .... done (Time = 0.00s, Memory = 0.0K)
    Checking Rule STARC05-2.3.1.6 (Rule 126 of total 292) .... done (Time = 0.00s, Memory = 0.0K)
    Checking Rule STARC05-2.10.2.3 (Rule 127 of total 292) .... done (Time = 0.00s, Memory = 0.0K)
    Checking Rule STARC05-2.10.3.2a (Rule 128 of total 292) .... done (Time = 0.00s, Memory = 0.0K)
    Checking Rule STARC05-2.11.3.1 (Rule 129 of total 292) .... done (Time = 0.00s, Memory = 0.0K)
    Checking Rule STARC05-2.1.3.1 (Rule 130 of total 292) .... done (Time = 0.00s, Memory = 0.0K)
    Checking Rule STARC05-2.10.1.4a (Rule 131 of total 292) .... done (Time = 0.00s, Memory = 0.0K)
    Checking Rule STARC05-2.10.1.4b (Rule 132 of total 292) .... done (Time = 0.00s, Memory = 0.0K)
    Checking Rule sim_race02 (Rule 133 of total 292) .... done (Time = 0.00s, Memory = 0.0K)
    Checking Rule W339a (Rule 134 of total 292) .... done (Time = 0.00s, Memory = 0.0K)
    Checking Rule W110 (Rule 135 of total 292) .... done (Time = 0.00s, Memory = 0.0K)
    Checking Rule W122 (Rule 136 of total 292) .... done (Time = 0.00s, Memory = 0.0K)
    Checking Rule W496a (Rule 137 of total 292) .... done (Time = 0.00s, Memory = 0.0K)
    Checking Rule W496b (Rule 138 of total 292) .... done (Time = 0.00s, Memory = 0.0K)
    Checking Rule W19 (Rule 139 of total 292) .... done (Time = 0.00s, Memory = 0.0K)
    Checking Rule W66 (Rule 140 of total 292) .... done (Time = 0.00s, Memory = 0.0K)
    Checking Rule W116 (Rule 141 of total 292) .... done (Time = 0.00s, Memory = 0.0K)
    Checking Rule W123 (Rule 142 of total 292) .... done (Time = 0.00s, Memory = 0.0K)
    Checking Rule W156 (Rule 143 of total 292) .... done (Time = 0.00s, Memory = 0.0K)
    Checking Rule W215 (Rule 144 of total 292) .... done (Time = 0.00s, Memory = 0.0K)
    Checking Rule W216 (Rule 145 of total 292) .... done (Time = 0.00s, Memory = 0.0K)
    Checking Rule W218 (Rule 146 of total 292) .... done (Time = 0.00s, Memory = 0.0K)
    Checking Rule W224 (Rule 147 of total 292) .... done (Time = 0.00s, Memory = 0.0K)
    Checking Rule W263 (Rule 148 of total 292) .... done (Time = 0.00s, Memory = 0.0K)
    Checking Rule W289 (Rule 149 of total 292) .... done (Time = 0.00s, Memory = 0.0K)
    Checking Rule W337 (Rule 150 of total 292) .... done (Time = 0.00s, Memory = 0.0K)
    Checking Rule W416 (Rule 151 of total 292) .... done (Time = 0.00s, Memory = 0.0K)
    Checking Rule W352 (Rule 152 of total 292) .... done (Time = 0.00s, Memory = 0.0K)
    Checking Rule W362 (Rule 153 of total 292) .... done (Time = 0.00s, Memory = 0.0K)
    Checking Rule W415a (Rule 154 of total 292) .... done (Time = 0.00s, Memory = 0.0K)
    Checking Rule W486 (Rule 155 of total 292) .... done (Time = 0.00s, Memory = 0.0K)
    Checking Rule W499 (Rule 156 of total 292) .... done (Time = 0.00s, Memory = 0.0K)
    Checking Rule W502 (Rule 157 of total 292) .... done (Time = 0.00s, Memory = 0.0K)
    Checking Rule W116 (Rule 158 of total 292) .... done (Time = 0.00s, Memory = 0.0K)
    Checking Rule W122 (Rule 159 of total 292) .... done (Time = 0.00s, Memory = 0.0K)
    Checking Rule W123 (Rule 160 of total 292) .... done (Time = 0.00s, Memory = 0.0K)
    Checking Rule W156 (Rule 161 of total 292) .... done (Time = 0.00s, Memory = 0.0K)
    Checking Rule W71 (Rule 162 of total 292) .... done (Time = 0.00s, Memory = 0.0K)
    Checking Rule W240 (Rule 163 of total 292) .... done (Time = 0.00s, Memory = 0.0K)
    Checking Rule W240 (Rule 164 of total 292) .... done (Time = 0.00s, Memory = 0.0K)
    Checking Rule W287a (Rule 165 of total 292) .... done (Time = 0.00s, Memory = 0.0K)
    Checking Rule W287b (Rule 166 of total 292) .... done (Time = 0.00s, Memory = 0.0K)
    Checking Rule W293 (Rule 167 of total 292) .... done (Time = 0.00s, Memory = 0.0K)
    Checking Rule W398 (Rule 168 of total 292) .... done (Time = 0.00s, Memory = 0.0K)
    Checking Rule W424 (Rule 169 of total 292) .... done (Time = 0.00s, Memory = 0.0K)
    Checking Rule W467 (Rule 170 of total 292) .... done (Time = 0.00s, Memory = 0.0K)
    Checking Rule W505 (Rule 171 of total 292) .... done (Time = 0.00s, Memory = 0.0K)
    Checking Rule W505 (Rule 172 of total 292) .... done (Time = 0.00s, Memory = 0.0K)
    Checking Rule W528 (Rule 173 of total 292) .... done (Time = 0.00s, Memory = 0.0K)
    Checking Rule W528 (Rule 174 of total 292) .... done (Time = 0.00s, Memory = 512.0K)
    Checking Rule Prereqs_Usage (Rule 175 of total 292) .... done (Time = 0.00s, Memory = 0.0K)
    Checking Rule Prereqs_ConstantInput-ML (Rule 176 of total 292) .... done (Time = 0.00s, Memory = 0.0K)
    Checking Rule ReportPortInfo-ML (Rule 177 of total 292) .... done (Time = 0.00s, Memory = 0.0K)
    Checking Rule Prereqs_ReportPortInfo-ML (Rule 178 of total 292) .... done (Time = 0.00s, Memory = 0.0K)
    Checking Rule Prereqs_ReportPortInfo-ML (Rule 179 of total 292) .... done (Time = 0.00s, Memory = 0.0K)
    Checking Rule Prereqs_Elab_Hier_Dialog (Rule 180 of total 292) .... done (Time = 0.00s, Memory = 0.0K)
    Checking Rule NoAssignX-ML (Rule 181 of total 292) .... done (Time = 0.00s, Memory = 0.0K)
    Checking Rule ParamWidthMismatch-ML (Rule 182 of total 292) .... done (Time = 0.00s, Memory = 0.0K)
    Checking Rule Postreqs_Usage_ML (Rule 183 of total 292) .... done (Time = 0.00s, Memory = 0.0K)
    Checking Rule NoXInCase-ML (Rule 184 of total 292) .... done (Time = 0.00s, Memory = 0.0K)
Checking ELABDU Rules for designUnit prim_secded_inv_39_32_dec
    Checking Rule Ac_classify_param01 (Rule 118 of total 292) .... done (Time = 0.00s, Memory = 0.0K)
    Checking Rule AcOvlRtl (Rule 119 of total 292) .... done (Time = 0.00s, Memory = 0.0K)
    Checking Rule AcOvlRtl (Rule 120 of total 292) .... done (Time = 0.00s, Memory = 0.0K)
    Checking Rule GenTopLevelBlocksForAutoSoc (Rule 121 of total 292) .... done (Time = 0.00s, Memory = 0.0K)
    Checking Rule Prereqs_InferLatch (Rule 122 of total 292) .... done (Time = 0.00s, Memory = 0.0K)
    Checking Rule STARC05-2.1.4.5 (Rule 123 of total 292) .... done (Time = 0.00s, Memory = 0.0K)
    Checking Rule STARC05-2.1.5.3 (Rule 124 of total 292) .... done (Time = 0.00s, Memory = 0.0K)
    Checking Rule STARC05-2.2.3.3 (Rule 125 of total 292) .... done (Time = 0.00s, Memory = 0.0K)
    Checking Rule STARC05-2.3.1.6 (Rule 126 of total 292) .... done (Time = 0.00s, Memory = 0.0K)
    Checking Rule STARC05-2.10.2.3 (Rule 127 of total 292) .... done (Time = 0.00s, Memory = 0.0K)
    Checking Rule STARC05-2.10.3.2a (Rule 128 of total 292) .... done (Time = 0.00s, Memory = 0.0K)
    Checking Rule STARC05-2.11.3.1 (Rule 129 of total 292) .... done (Time = 0.00s, Memory = 0.0K)
    Checking Rule STARC05-2.1.3.1 (Rule 130 of total 292) .... done (Time = 0.00s, Memory = 0.0K)
    Checking Rule STARC05-2.10.1.4a (Rule 131 of total 292) .... done (Time = 0.00s, Memory = 0.0K)
    Checking Rule STARC05-2.10.1.4b (Rule 132 of total 292) .... done (Time = 0.00s, Memory = 0.0K)
    Checking Rule sim_race02 (Rule 133 of total 292) .... done (Time = 0.00s, Memory = 0.0K)
    Checking Rule W339a (Rule 134 of total 292) .... done (Time = 0.00s, Memory = 0.0K)
    Checking Rule W110 (Rule 135 of total 292) .... done (Time = 0.00s, Memory = 0.0K)
    Checking Rule W122 (Rule 136 of total 292) .... done (Time = 0.00s, Memory = 0.0K)
    Checking Rule W496a (Rule 137 of total 292) .... done (Time = 0.00s, Memory = 0.0K)
    Checking Rule W496b (Rule 138 of total 292) .... done (Time = 0.00s, Memory = 0.0K)
    Checking Rule W19 (Rule 139 of total 292) .... done (Time = 0.00s, Memory = 0.0K)
    Checking Rule W66 (Rule 140 of total 292) .... done (Time = 0.00s, Memory = 0.0K)
    Checking Rule W116 (Rule 141 of total 292) .... done (Time = 0.00s, Memory = 0.0K)
    Checking Rule W123 (Rule 142 of total 292) .... done (Time = 0.00s, Memory = 0.0K)
    Checking Rule W156 (Rule 143 of total 292) .... done (Time = 0.00s, Memory = 0.0K)
    Checking Rule W215 (Rule 144 of total 292) .... done (Time = 0.00s, Memory = 0.0K)
    Checking Rule W216 (Rule 145 of total 292) .... done (Time = 0.00s, Memory = 0.0K)
    Checking Rule W218 (Rule 146 of total 292) .... done (Time = 0.00s, Memory = 0.0K)
    Checking Rule W224 (Rule 147 of total 292) .... done (Time = 0.00s, Memory = 0.0K)
    Checking Rule W263 (Rule 148 of total 292) .... done (Time = 0.00s, Memory = 0.0K)
    Checking Rule W289 (Rule 149 of total 292) .... done (Time = 0.00s, Memory = 0.0K)
    Checking Rule W337 (Rule 150 of total 292) .... done (Time = 0.00s, Memory = 0.0K)
    Checking Rule W416 (Rule 151 of total 292) .... done (Time = 0.00s, Memory = 0.0K)
    Checking Rule W352 (Rule 152 of total 292) .... done (Time = 0.00s, Memory = 0.0K)
    Checking Rule W362 (Rule 153 of total 292) .... done (Time = 0.00s, Memory = 0.0K)
    Checking Rule W415a (Rule 154 of total 292) .... done (Time = 0.00s, Memory = 0.0K)
    Checking Rule W486 (Rule 155 of total 292) .... done (Time = 0.01s, Memory = 0.0K)
    Checking Rule W499 (Rule 156 of total 292) .... done (Time = 0.00s, Memory = 0.0K)
    Checking Rule W502 (Rule 157 of total 292) .... done (Time = 0.00s, Memory = 0.0K)
    Checking Rule W116 (Rule 158 of total 292) .... done (Time = 0.00s, Memory = 0.0K)
    Checking Rule W122 (Rule 159 of total 292) .... done (Time = 0.00s, Memory = 0.0K)
    Checking Rule W123 (Rule 160 of total 292) .... done (Time = 0.00s, Memory = 0.0K)
    Checking Rule W156 (Rule 161 of total 292) .... done (Time = 0.00s, Memory = 0.0K)
    Checking Rule W71 (Rule 162 of total 292) .... done (Time = 0.00s, Memory = 0.0K)
    Checking Rule W240 (Rule 163 of total 292) .... done (Time = 0.00s, Memory = 0.0K)
    Checking Rule W240 (Rule 164 of total 292) .... done (Time = 0.00s, Memory = 0.0K)
    Checking Rule W287a (Rule 165 of total 292) .... done (Time = 0.00s, Memory = 0.0K)
    Checking Rule W287b (Rule 166 of total 292) .... done (Time = 0.00s, Memory = 0.0K)
    Checking Rule W293 (Rule 167 of total 292) .... done (Time = 0.00s, Memory = 0.0K)
    Checking Rule W398 (Rule 168 of total 292) .... done (Time = 0.00s, Memory = 0.0K)
    Checking Rule W424 (Rule 169 of total 292) .... done (Time = 0.00s, Memory = 0.0K)
    Checking Rule W467 (Rule 170 of total 292) .... done (Time = 0.00s, Memory = 0.0K)
    Checking Rule W505 (Rule 171 of total 292) .... done (Time = 0.00s, Memory = 0.0K)
    Checking Rule W505 (Rule 172 of total 292) .... done (Time = 0.00s, Memory = 0.0K)
    Checking Rule W528 (Rule 173 of total 292) .... done (Time = 0.00s, Memory = 0.0K)
    Checking Rule W528 (Rule 174 of total 292) .... done (Time = 0.00s, Memory = 512.0K)
    Checking Rule Prereqs_Usage (Rule 175 of total 292) .... done (Time = 0.00s, Memory = 0.0K)
    Checking Rule Prereqs_ConstantInput-ML (Rule 176 of total 292) .... done (Time = 0.00s, Memory = 0.0K)
    Checking Rule ReportPortInfo-ML (Rule 177 of total 292) .... done (Time = 0.00s, Memory = 0.0K)
    Checking Rule Prereqs_ReportPortInfo-ML (Rule 178 of total 292) .... done (Time = 0.00s, Memory = 0.0K)
    Checking Rule Prereqs_ReportPortInfo-ML (Rule 179 of total 292) .... done (Time = 0.00s, Memory = 0.0K)
    Checking Rule Prereqs_Elab_Hier_Dialog (Rule 180 of total 292) .... done (Time = 0.00s, Memory = 0.0K)
    Checking Rule NoAssignX-ML (Rule 181 of total 292) .... done (Time = 0.00s, Memory = 0.0K)
    Checking Rule ParamWidthMismatch-ML (Rule 182 of total 292) .... done (Time = 0.00s, Memory = 0.0K)
    Checking Rule Postreqs_Usage_ML (Rule 183 of total 292) .... done (Time = 0.00s, Memory = 0.0K)
    Checking Rule NoXInCase-ML (Rule 184 of total 292) .... done (Time = 0.00s, Memory = 0.0K)
Checking ELABDU Rules for designUnit prim_reg_we_check
    Checking Rule Ac_classify_param01 (Rule 118 of total 292) .... done (Time = 0.00s, Memory = 0.0K)
    Checking Rule AcOvlRtl (Rule 119 of total 292) .... done (Time = 0.00s, Memory = 0.0K)
    Checking Rule AcOvlRtl (Rule 120 of total 292) .... done (Time = 0.00s, Memory = 0.0K)
    Checking Rule GenTopLevelBlocksForAutoSoc (Rule 121 of total 292) .... done (Time = 0.00s, Memory = 0.0K)
    Checking Rule Prereqs_InferLatch (Rule 122 of total 292) .... done (Time = 0.00s, Memory = 0.0K)
    Checking Rule STARC05-2.1.4.5 (Rule 123 of total 292) .... done (Time = 0.00s, Memory = 0.0K)
    Checking Rule STARC05-2.1.5.3 (Rule 124 of total 292) .... done (Time = 0.00s, Memory = 0.0K)
    Checking Rule STARC05-2.2.3.3 (Rule 125 of total 292) .... done (Time = 0.00s, Memory = 0.0K)
    Checking Rule STARC05-2.3.1.6 (Rule 126 of total 292) .... done (Time = 0.00s, Memory = 0.0K)
    Checking Rule STARC05-2.10.2.3 (Rule 127 of total 292) .... done (Time = 0.00s, Memory = 0.0K)
    Checking Rule STARC05-2.10.3.2a (Rule 128 of total 292) .... done (Time = 0.00s, Memory = 0.0K)
    Checking Rule STARC05-2.11.3.1 (Rule 129 of total 292) .... done (Time = 0.00s, Memory = 0.0K)
    Checking Rule STARC05-2.1.3.1 (Rule 130 of total 292) .... done (Time = 0.00s, Memory = 0.0K)
    Checking Rule STARC05-2.10.1.4a (Rule 131 of total 292) .... done (Time = 0.00s, Memory = 0.0K)
    Checking Rule STARC05-2.10.1.4b (Rule 132 of total 292) .... done (Time = 0.00s, Memory = 0.0K)
    Checking Rule sim_race02 (Rule 133 of total 292) .... done (Time = 0.00s, Memory = 0.0K)
    Checking Rule W339a (Rule 134 of total 292) .... done (Time = 0.00s, Memory = 0.0K)
    Checking Rule W110 (Rule 135 of total 292) .... done (Time = 0.00s, Memory = 0.0K)
    Checking Rule W122 (Rule 136 of total 292) .... done (Time = 0.00s, Memory = 0.0K)
    Checking Rule W496a (Rule 137 of total 292) .... done (Time = 0.00s, Memory = 0.0K)
    Checking Rule W496b (Rule 138 of total 292) .... done (Time = 0.00s, Memory = 0.0K)
    Checking Rule W19 (Rule 139 of total 292) .... done (Time = 0.00s, Memory = 0.0K)
    Checking Rule W66 (Rule 140 of total 292) .... done (Time = 0.00s, Memory = 0.0K)
    Checking Rule W116 (Rule 141 of total 292) .... done (Time = 0.00s, Memory = 0.0K)
    Checking Rule W123 (Rule 142 of total 292) .... done (Time = 0.00s, Memory = 0.0K)
    Checking Rule W156 (Rule 143 of total 292) .... done (Time = 0.00s, Memory = 0.0K)
    Checking Rule W215 (Rule 144 of total 292) .... done (Time = 0.00s, Memory = 0.0K)
    Checking Rule W216 (Rule 145 of total 292) .... done (Time = 0.00s, Memory = 0.0K)
    Checking Rule W218 (Rule 146 of total 292) .... done (Time = 0.00s, Memory = 0.0K)
    Checking Rule W224 (Rule 147 of total 292) .... done (Time = 0.00s, Memory = 0.0K)
    Checking Rule W263 (Rule 148 of total 292) .... done (Time = 0.00s, Memory = 0.0K)
    Checking Rule W289 (Rule 149 of total 292) .... done (Time = 0.00s, Memory = 0.0K)
    Checking Rule W337 (Rule 150 of total 292) .... done (Time = 0.00s, Memory = 0.0K)
    Checking Rule W416 (Rule 151 of total 292) .... done (Time = 0.00s, Memory = 0.0K)
    Checking Rule W352 (Rule 152 of total 292) .... done (Time = 0.00s, Memory = 0.0K)
    Checking Rule W362 (Rule 153 of total 292) .... done (Time = 0.00s, Memory = 0.0K)
    Checking Rule W415a (Rule 154 of total 292) .... done (Time = 0.00s, Memory = 0.0K)
    Checking Rule W486 (Rule 155 of total 292) .... done (Time = 0.00s, Memory = 0.0K)
    Checking Rule W499 (Rule 156 of total 292) .... done (Time = 0.00s, Memory = 0.0K)
    Checking Rule W502 (Rule 157 of total 292) .... done (Time = 0.00s, Memory = 0.0K)
    Checking Rule W116 (Rule 158 of total 292) .... done (Time = 0.00s, Memory = 0.0K)
    Checking Rule W122 (Rule 159 of total 292) .... done (Time = 0.00s, Memory = 0.0K)
    Checking Rule W123 (Rule 160 of total 292) .... done (Time = 0.00s, Memory = 0.0K)
    Checking Rule W156 (Rule 161 of total 292) .... done (Time = 0.00s, Memory = 0.0K)
    Checking Rule W71 (Rule 162 of total 292) .... done (Time = 0.00s, Memory = 0.0K)
    Checking Rule W240 (Rule 163 of total 292) .... done (Time = 0.00s, Memory = 0.0K)
    Checking Rule W240 (Rule 164 of total 292) .... done (Time = 0.00s, Memory = 0.0K)
    Checking Rule W287a (Rule 165 of total 292) .... done (Time = 0.00s, Memory = 0.0K)
    Checking Rule W287b (Rule 166 of total 292) .... done (Time = 0.00s, Memory = 0.0K)
    Checking Rule W293 (Rule 167 of total 292) .... done (Time = 0.00s, Memory = 0.0K)
    Checking Rule W398 (Rule 168 of total 292) .... done (Time = 0.00s, Memory = 0.0K)
    Checking Rule W424 (Rule 169 of total 292) .... done (Time = 0.00s, Memory = 0.0K)
    Checking Rule W467 (Rule 170 of total 292) .... done (Time = 0.00s, Memory = 0.0K)
    Checking Rule W505 (Rule 171 of total 292) .... done (Time = 0.00s, Memory = 0.0K)
    Checking Rule W505 (Rule 172 of total 292) .... done (Time = 0.00s, Memory = 0.0K)
    Checking Rule W528 (Rule 173 of total 292) .... done (Time = 0.00s, Memory = 0.0K)
    Checking Rule W528 (Rule 174 of total 292) .... done (Time = 0.00s, Memory = 512.0K)
    Checking Rule Prereqs_Usage (Rule 175 of total 292) .... done (Time = 0.00s, Memory = 0.0K)
    Checking Rule Prereqs_ConstantInput-ML (Rule 176 of total 292) .... done (Time = 0.00s, Memory = 0.0K)
    Checking Rule ReportPortInfo-ML (Rule 177 of total 292) .... done (Time = 0.00s, Memory = 0.0K)
    Checking Rule Prereqs_ReportPortInfo-ML (Rule 178 of total 292) .... done (Time = 0.00s, Memory = 0.0K)
    Checking Rule Prereqs_ReportPortInfo-ML (Rule 179 of total 292) .... done (Time = 0.00s, Memory = 0.0K)
    Checking Rule Prereqs_Elab_Hier_Dialog (Rule 180 of total 292) .... done (Time = 0.00s, Memory = 0.0K)
    Checking Rule NoAssignX-ML (Rule 181 of total 292) .... done (Time = 0.00s, Memory = 0.0K)
    Checking Rule ParamWidthMismatch-ML (Rule 182 of total 292) .... done (Time = 0.00s, Memory = 0.0K)
    Checking Rule Postreqs_Usage_ML (Rule 183 of total 292) .... done (Time = 0.00s, Memory = 0.0K)
    Checking Rule NoXInCase-ML (Rule 184 of total 292) .... done (Time = 0.00s, Memory = 0.0K)
Checking ELABDU Rules for designUnit WORK_prim_buf_13
    Checking Rule Ac_classify_param01 (Rule 118 of total 292) .... done (Time = 0.00s, Memory = 0.0K)
    Checking Rule AcOvlRtl (Rule 119 of total 292) .... done (Time = 0.00s, Memory = 0.0K)
    Checking Rule AcOvlRtl (Rule 120 of total 292) .... done (Time = 0.00s, Memory = 0.0K)
    Checking Rule GenTopLevelBlocksForAutoSoc (Rule 121 of total 292) .... done (Time = 0.00s, Memory = 0.0K)
    Checking Rule Prereqs_InferLatch (Rule 122 of total 292) .... done (Time = 0.00s, Memory = 0.0K)
    Checking Rule STARC05-2.1.4.5 (Rule 123 of total 292) .... done (Time = 0.00s, Memory = 0.0K)
    Checking Rule STARC05-2.1.5.3 (Rule 124 of total 292) .... done (Time = 0.00s, Memory = 0.0K)
    Checking Rule STARC05-2.2.3.3 (Rule 125 of total 292) .... done (Time = 0.00s, Memory = 0.0K)
    Checking Rule STARC05-2.3.1.6 (Rule 126 of total 292) .... done (Time = 0.00s, Memory = 0.0K)
    Checking Rule STARC05-2.10.2.3 (Rule 127 of total 292) .... done (Time = 0.00s, Memory = 0.0K)
    Checking Rule STARC05-2.10.3.2a (Rule 128 of total 292) .... done (Time = 0.00s, Memory = 0.0K)
    Checking Rule STARC05-2.11.3.1 (Rule 129 of total 292) .... done (Time = 0.00s, Memory = 0.0K)
    Checking Rule STARC05-2.1.3.1 (Rule 130 of total 292) .... done (Time = 0.00s, Memory = 0.0K)
    Checking Rule STARC05-2.10.1.4a (Rule 131 of total 292) .... done (Time = 0.00s, Memory = 0.0K)
    Checking Rule STARC05-2.10.1.4b (Rule 132 of total 292) .... done (Time = 0.00s, Memory = 0.0K)
    Checking Rule sim_race02 (Rule 133 of total 292) .... done (Time = 0.00s, Memory = 0.0K)
    Checking Rule W339a (Rule 134 of total 292) .... done (Time = 0.00s, Memory = 0.0K)
    Checking Rule W110 (Rule 135 of total 292) .... done (Time = 0.00s, Memory = 0.0K)
    Checking Rule W122 (Rule 136 of total 292) .... done (Time = 0.00s, Memory = 0.0K)
    Checking Rule W496a (Rule 137 of total 292) .... done (Time = 0.00s, Memory = 0.0K)
    Checking Rule W496b (Rule 138 of total 292) .... done (Time = 0.00s, Memory = 0.0K)
    Checking Rule W19 (Rule 139 of total 292) .... done (Time = 0.00s, Memory = 0.0K)
    Checking Rule W66 (Rule 140 of total 292) .... done (Time = 0.00s, Memory = 0.0K)
    Checking Rule W116 (Rule 141 of total 292) .... done (Time = 0.00s, Memory = 0.0K)
    Checking Rule W123 (Rule 142 of total 292) .... done (Time = 0.00s, Memory = 0.0K)
    Checking Rule W156 (Rule 143 of total 292) .... done (Time = 0.00s, Memory = 0.0K)
    Checking Rule W215 (Rule 144 of total 292) .... done (Time = 0.00s, Memory = 0.0K)
    Checking Rule W216 (Rule 145 of total 292) .... done (Time = 0.00s, Memory = 0.0K)
    Checking Rule W218 (Rule 146 of total 292) .... done (Time = 0.00s, Memory = 0.0K)
    Checking Rule W224 (Rule 147 of total 292) .... done (Time = 0.00s, Memory = 0.0K)
    Checking Rule W263 (Rule 148 of total 292) .... done (Time = 0.00s, Memory = 0.0K)
    Checking Rule W289 (Rule 149 of total 292) .... done (Time = 0.00s, Memory = 0.0K)
    Checking Rule W337 (Rule 150 of total 292) .... done (Time = 0.00s, Memory = 0.0K)
    Checking Rule W416 (Rule 151 of total 292) .... done (Time = 0.00s, Memory = 0.0K)
    Checking Rule W352 (Rule 152 of total 292) .... done (Time = 0.00s, Memory = 0.0K)
    Checking Rule W362 (Rule 153 of total 292) .... done (Time = 0.00s, Memory = 0.0K)
    Checking Rule W415a (Rule 154 of total 292) .... done (Time = 0.00s, Memory = 0.0K)
    Checking Rule W486 (Rule 155 of total 292) .... done (Time = 0.00s, Memory = 0.0K)
    Checking Rule W499 (Rule 156 of total 292) .... done (Time = 0.00s, Memory = 0.0K)
    Checking Rule W502 (Rule 157 of total 292) .... done (Time = 0.00s, Memory = 0.0K)
    Checking Rule W116 (Rule 158 of total 292) .... done (Time = 0.00s, Memory = 0.0K)
    Checking Rule W122 (Rule 159 of total 292) .... done (Time = 0.00s, Memory = 0.0K)
    Checking Rule W123 (Rule 160 of total 292) .... done (Time = 0.00s, Memory = 0.0K)
    Checking Rule W156 (Rule 161 of total 292) .... done (Time = 0.00s, Memory = 0.0K)
    Checking Rule W71 (Rule 162 of total 292) .... done (Time = 0.00s, Memory = 0.0K)
    Checking Rule W240 (Rule 163 of total 292) .... done (Time = 0.00s, Memory = 0.0K)
    Checking Rule W240 (Rule 164 of total 292) .... done (Time = 0.00s, Memory = 0.0K)
    Checking Rule W287a (Rule 165 of total 292) .... done (Time = 0.00s, Memory = 0.0K)
    Checking Rule W287b (Rule 166 of total 292) .... done (Time = 0.00s, Memory = 0.0K)
    Checking Rule W293 (Rule 167 of total 292) .... done (Time = 0.00s, Memory = 0.0K)
    Checking Rule W398 (Rule 168 of total 292) .... done (Time = 0.00s, Memory = 0.0K)
    Checking Rule W424 (Rule 169 of total 292) .... done (Time = 0.00s, Memory = 0.0K)
    Checking Rule W467 (Rule 170 of total 292) .... done (Time = 0.00s, Memory = 0.0K)
    Checking Rule W505 (Rule 171 of total 292) .... done (Time = 0.00s, Memory = 0.0K)
    Checking Rule W505 (Rule 172 of total 292) .... done (Time = 0.00s, Memory = 0.0K)
    Checking Rule W528 (Rule 173 of total 292) .... done (Time = 0.00s, Memory = 0.0K)
    Checking Rule W528 (Rule 174 of total 292) .... done (Time = 0.00s, Memory = 512.0K)
    Checking Rule Prereqs_Usage (Rule 175 of total 292) .... done (Time = 0.00s, Memory = 0.0K)
    Checking Rule Prereqs_ConstantInput-ML (Rule 176 of total 292) .... done (Time = 0.00s, Memory = 0.0K)
    Checking Rule ReportPortInfo-ML (Rule 177 of total 292) .... done (Time = 0.00s, Memory = 0.0K)
    Checking Rule Prereqs_ReportPortInfo-ML (Rule 178 of total 292) .... done (Time = 0.00s, Memory = 0.0K)
    Checking Rule Prereqs_ReportPortInfo-ML (Rule 179 of total 292) .... done (Time = 0.00s, Memory = 0.0K)
    Checking Rule Prereqs_Elab_Hier_Dialog (Rule 180 of total 292) .... done (Time = 0.00s, Memory = 0.0K)
    Checking Rule NoAssignX-ML (Rule 181 of total 292) .... done (Time = 0.00s, Memory = 0.0K)
    Checking Rule ParamWidthMismatch-ML (Rule 182 of total 292) .... done (Time = 0.00s, Memory = 0.0K)
    Checking Rule Postreqs_Usage_ML (Rule 183 of total 292) .... done (Time = 0.00s, Memory = 0.0K)
    Checking Rule NoXInCase-ML (Rule 184 of total 292) .... done (Time = 0.00s, Memory = 0.0K)
Checking ELABDU Rules for designUnit prim_onehot_check
    Checking Rule Ac_classify_param01 (Rule 118 of total 292) .... done (Time = 0.00s, Memory = 0.0K)
    Checking Rule AcOvlRtl (Rule 119 of total 292) .... done (Time = 0.00s, Memory = 0.0K)
    Checking Rule AcOvlRtl (Rule 120 of total 292) .... done (Time = 0.00s, Memory = 0.0K)
    Checking Rule GenTopLevelBlocksForAutoSoc (Rule 121 of total 292) .... done (Time = 0.00s, Memory = 0.0K)
    Checking Rule Prereqs_InferLatch (Rule 122 of total 292) .... done (Time = 0.00s, Memory = 0.0K)
    Checking Rule STARC05-2.1.4.5 (Rule 123 of total 292) .... done (Time = 0.00s, Memory = 0.0K)
    Checking Rule STARC05-2.1.5.3 (Rule 124 of total 292) .... done (Time = 0.00s, Memory = 0.0K)
    Checking Rule STARC05-2.2.3.3 (Rule 125 of total 292) .... done (Time = 0.00s, Memory = 0.0K)
    Checking Rule STARC05-2.3.1.6 (Rule 126 of total 292) .... done (Time = 0.00s, Memory = 0.0K)
    Checking Rule STARC05-2.10.2.3 (Rule 127 of total 292) .... done (Time = 0.00s, Memory = 0.0K)
    Checking Rule STARC05-2.10.3.2a (Rule 128 of total 292) .... done (Time = 0.00s, Memory = 0.0K)
    Checking Rule STARC05-2.11.3.1 (Rule 129 of total 292) .... done (Time = 0.00s, Memory = 0.0K)
    Checking Rule STARC05-2.1.3.1 (Rule 130 of total 292) .... done (Time = 0.00s, Memory = 0.0K)
    Checking Rule STARC05-2.10.1.4a (Rule 131 of total 292) .... done (Time = 0.00s, Memory = 0.0K)
    Checking Rule STARC05-2.10.1.4b (Rule 132 of total 292) .... done (Time = 0.00s, Memory = 0.0K)
    Checking Rule sim_race02 (Rule 133 of total 292) .... done (Time = 0.00s, Memory = 0.0K)
    Checking Rule W339a (Rule 134 of total 292) .... done (Time = 0.00s, Memory = 0.0K)
    Checking Rule W110 (Rule 135 of total 292) .... done (Time = 0.00s, Memory = 0.0K)
    Checking Rule W122 (Rule 136 of total 292) .... done (Time = 0.00s, Memory = 0.0K)
    Checking Rule W496a (Rule 137 of total 292) .... done (Time = 0.00s, Memory = 0.0K)
    Checking Rule W496b (Rule 138 of total 292) .... done (Time = 0.00s, Memory = 0.0K)
    Checking Rule W19 (Rule 139 of total 292) .... done (Time = 0.00s, Memory = 0.0K)
    Checking Rule W66 (Rule 140 of total 292) .... done (Time = 0.00s, Memory = 0.0K)
    Checking Rule W116 (Rule 141 of total 292) .... done (Time = 0.00s, Memory = 0.0K)
    Checking Rule W123 (Rule 142 of total 292) .... done (Time = 0.00s, Memory = 0.0K)
    Checking Rule W156 (Rule 143 of total 292) .... done (Time = 0.00s, Memory = 0.0K)
    Checking Rule W215 (Rule 144 of total 292) .... done (Time = 0.00s, Memory = 0.0K)
    Checking Rule W216 (Rule 145 of total 292) .... done (Time = 0.00s, Memory = 0.0K)
    Checking Rule W218 (Rule 146 of total 292) .... done (Time = 0.00s, Memory = 0.0K)
    Checking Rule W224 (Rule 147 of total 292) .... done (Time = 0.00s, Memory = 0.0K)
    Checking Rule W263 (Rule 148 of total 292) .... done (Time = 0.00s, Memory = 0.0K)
    Checking Rule W289 (Rule 149 of total 292) .... done (Time = 0.00s, Memory = 0.0K)
    Checking Rule W337 (Rule 150 of total 292) .... done (Time = 0.00s, Memory = 0.0K)
    Checking Rule W416 (Rule 151 of total 292) .... done (Time = 0.00s, Memory = 0.0K)
    Checking Rule W352 (Rule 152 of total 292) .... done (Time = 0.00s, Memory = 0.0K)
    Checking Rule W362 (Rule 153 of total 292) .... done (Time = 0.00s, Memory = 0.0K)
    Checking Rule W415a (Rule 154 of total 292) .... done (Time = 0.00s, Memory = 0.0K)
    Checking Rule W486 (Rule 155 of total 292) .... done (Time = 0.00s, Memory = 0.0K)
    Checking Rule W499 (Rule 156 of total 292) .... done (Time = 0.00s, Memory = 0.0K)
    Checking Rule W502 (Rule 157 of total 292) .... done (Time = 0.00s, Memory = 0.0K)
    Checking Rule W116 (Rule 158 of total 292) .... done (Time = 0.00s, Memory = 0.0K)
    Checking Rule W122 (Rule 159 of total 292) .... done (Time = 0.00s, Memory = 0.0K)
    Checking Rule W123 (Rule 160 of total 292) .... done (Time = 0.00s, Memory = 0.0K)
    Checking Rule W156 (Rule 161 of total 292) .... done (Time = 0.00s, Memory = 0.0K)
    Checking Rule W71 (Rule 162 of total 292) .... done (Time = 0.00s, Memory = 0.0K)
    Checking Rule W240 (Rule 163 of total 292) .... done (Time = 0.00s, Memory = 0.0K)
    Checking Rule W240 (Rule 164 of total 292) .... done (Time = 0.00s, Memory = 0.0K)
    Checking Rule W287a (Rule 165 of total 292) .... done (Time = 0.00s, Memory = 0.0K)
    Checking Rule W287b (Rule 166 of total 292) .... done (Time = 0.00s, Memory = 0.0K)
    Checking Rule W293 (Rule 167 of total 292) .... done (Time = 0.00s, Memory = 0.0K)
    Checking Rule W398 (Rule 168 of total 292) .... done (Time = 0.01s, Memory = 0.0K)
    Checking Rule W424 (Rule 169 of total 292) .... done (Time = 0.00s, Memory = 0.0K)
    Checking Rule W467 (Rule 170 of total 292) .... done (Time = 0.00s, Memory = 0.0K)
    Checking Rule W505 (Rule 171 of total 292) .... done (Time = 0.00s, Memory = 0.0K)
    Checking Rule W505 (Rule 172 of total 292) .... done (Time = 0.00s, Memory = 0.0K)
    Checking Rule W528 (Rule 173 of total 292) .... done (Time = 0.00s, Memory = 0.0K)
    Checking Rule W528 (Rule 174 of total 292) .... done (Time = 0.00s, Memory = 512.0K)
    Checking Rule Prereqs_Usage (Rule 175 of total 292) .... done (Time = 0.00s, Memory = 0.0K)
    Checking Rule Prereqs_ConstantInput-ML (Rule 176 of total 292) .... done (Time = 0.00s, Memory = 0.0K)
    Checking Rule ReportPortInfo-ML (Rule 177 of total 292) .... done (Time = 0.00s, Memory = 0.0K)
    Checking Rule Prereqs_ReportPortInfo-ML (Rule 178 of total 292) .... done (Time = 0.00s, Memory = 0.0K)
    Checking Rule Prereqs_ReportPortInfo-ML (Rule 179 of total 292) .... done (Time = 0.00s, Memory = 0.0K)
    Checking Rule Prereqs_Elab_Hier_Dialog (Rule 180 of total 292) .... done (Time = 0.00s, Memory = 0.0K)
    Checking Rule NoAssignX-ML (Rule 181 of total 292) .... done (Time = 0.00s, Memory = 0.0K)
    Checking Rule ParamWidthMismatch-ML (Rule 182 of total 292) .... done (Time = 0.00s, Memory = 0.0K)
    Checking Rule Postreqs_Usage_ML (Rule 183 of total 292) .... done (Time = 0.00s, Memory = 0.0K)
    Checking Rule NoXInCase-ML (Rule 184 of total 292) .... done (Time = 0.00s, Memory = 0.0K)
Checking ELABDU Rules for designUnit WORK_tlul_rsp_intg_gen_1_1_0_0
    Checking Rule Ac_classify_param01 (Rule 118 of total 292) .... done (Time = 0.00s, Memory = 0.0K)
    Checking Rule AcOvlRtl (Rule 119 of total 292) .... done (Time = 0.00s, Memory = 0.0K)
    Checking Rule AcOvlRtl (Rule 120 of total 292) .... done (Time = 0.00s, Memory = 0.0K)
    Checking Rule GenTopLevelBlocksForAutoSoc (Rule 121 of total 292) .... done (Time = 0.00s, Memory = 0.0K)
    Checking Rule Prereqs_InferLatch (Rule 122 of total 292) .... done (Time = 0.00s, Memory = 0.0K)
    Checking Rule STARC05-2.1.4.5 (Rule 123 of total 292) .... done (Time = 0.00s, Memory = 0.0K)
    Checking Rule STARC05-2.1.5.3 (Rule 124 of total 292) .... done (Time = 0.00s, Memory = 0.0K)
    Checking Rule STARC05-2.2.3.3 (Rule 125 of total 292) .... done (Time = 0.00s, Memory = 0.0K)
    Checking Rule STARC05-2.3.1.6 (Rule 126 of total 292) .... done (Time = 0.00s, Memory = 0.0K)
    Checking Rule STARC05-2.10.2.3 (Rule 127 of total 292) .... done (Time = 0.00s, Memory = 0.0K)
    Checking Rule STARC05-2.10.3.2a (Rule 128 of total 292) .... done (Time = 0.00s, Memory = 0.0K)
    Checking Rule STARC05-2.11.3.1 (Rule 129 of total 292) .... done (Time = 0.00s, Memory = 0.0K)
    Checking Rule STARC05-2.1.3.1 (Rule 130 of total 292) .... done (Time = 0.00s, Memory = 0.0K)
    Checking Rule STARC05-2.10.1.4a (Rule 131 of total 292) .... done (Time = 0.00s, Memory = 0.0K)
    Checking Rule STARC05-2.10.1.4b (Rule 132 of total 292) .... done (Time = 0.00s, Memory = 0.0K)
    Checking Rule sim_race02 (Rule 133 of total 292) .... done (Time = 0.00s, Memory = 0.0K)
    Checking Rule W339a (Rule 134 of total 292) .... done (Time = 0.00s, Memory = 0.0K)
    Checking Rule W110 (Rule 135 of total 292) .... done (Time = 0.00s, Memory = 0.0K)
    Checking Rule W122 (Rule 136 of total 292) .... done (Time = 0.00s, Memory = 0.0K)
    Checking Rule W496a (Rule 137 of total 292) .... done (Time = 0.00s, Memory = 0.0K)
    Checking Rule W496b (Rule 138 of total 292) .... done (Time = 0.00s, Memory = 0.0K)
    Checking Rule W19 (Rule 139 of total 292) .... done (Time = 0.00s, Memory = 0.0K)
    Checking Rule W66 (Rule 140 of total 292) .... done (Time = 0.00s, Memory = 0.0K)
    Checking Rule W116 (Rule 141 of total 292) .... done (Time = 0.00s, Memory = 0.0K)
    Checking Rule W123 (Rule 142 of total 292) .... done (Time = 0.00s, Memory = 0.0K)
    Checking Rule W156 (Rule 143 of total 292) .... done (Time = 0.00s, Memory = 0.0K)
    Checking Rule W215 (Rule 144 of total 292) .... done (Time = 0.00s, Memory = 0.0K)
    Checking Rule W216 (Rule 145 of total 292) .... done (Time = 0.00s, Memory = 0.0K)
    Checking Rule W218 (Rule 146 of total 292) .... done (Time = 0.00s, Memory = 0.0K)
    Checking Rule W224 (Rule 147 of total 292) .... done (Time = 0.00s, Memory = 0.0K)
    Checking Rule W263 (Rule 148 of total 292) .... done (Time = 0.00s, Memory = 0.0K)
    Checking Rule W289 (Rule 149 of total 292) .... done (Time = 0.00s, Memory = 0.0K)
    Checking Rule W337 (Rule 150 of total 292) .... done (Time = 0.00s, Memory = 0.0K)
    Checking Rule W416 (Rule 151 of total 292) .... done (Time = 0.00s, Memory = 0.0K)
    Checking Rule W352 (Rule 152 of total 292) .... done (Time = 0.00s, Memory = 0.0K)
    Checking Rule W362 (Rule 153 of total 292) .... done (Time = 0.00s, Memory = 0.0K)
    Checking Rule W415a (Rule 154 of total 292) .... done (Time = 0.00s, Memory = 0.0K)
    Checking Rule W486 (Rule 155 of total 292) .... done (Time = 0.00s, Memory = 0.0K)
    Checking Rule W499 (Rule 156 of total 292) .... done (Time = 0.00s, Memory = 0.0K)
    Checking Rule W502 (Rule 157 of total 292) .... done (Time = 0.00s, Memory = 0.0K)
    Checking Rule W116 (Rule 158 of total 292) .... done (Time = 0.00s, Memory = 0.0K)
    Checking Rule W122 (Rule 159 of total 292) .... done (Time = 0.00s, Memory = 0.0K)
    Checking Rule W123 (Rule 160 of total 292) .... done (Time = 0.00s, Memory = 0.0K)
    Checking Rule W156 (Rule 161 of total 292) .... done (Time = 0.00s, Memory = 0.0K)
    Checking Rule W71 (Rule 162 of total 292) .... done (Time = 0.00s, Memory = 0.0K)
    Checking Rule W240 (Rule 163 of total 292) .... done (Time = 0.00s, Memory = 0.0K)
    Checking Rule W240 (Rule 164 of total 292) .... done (Time = 0.00s, Memory = 0.0K)
    Checking Rule W287a (Rule 165 of total 292) .... done (Time = 0.00s, Memory = 0.0K)
    Checking Rule W287b (Rule 166 of total 292) .... done (Time = 0.00s, Memory = 0.0K)
    Checking Rule W293 (Rule 167 of total 292) .... done (Time = 0.00s, Memory = 0.0K)
    Checking Rule W398 (Rule 168 of total 292) .... done (Time = 0.00s, Memory = 0.0K)
    Checking Rule W424 (Rule 169 of total 292) .... done (Time = 0.00s, Memory = 0.0K)
    Checking Rule W467 (Rule 170 of total 292) .... done (Time = 0.00s, Memory = 0.0K)
    Checking Rule W505 (Rule 171 of total 292) .... done (Time = 0.00s, Memory = 0.0K)
    Checking Rule W505 (Rule 172 of total 292) .... done (Time = 0.00s, Memory = 0.0K)
    Checking Rule W528 (Rule 173 of total 292) .... done (Time = 0.01s, Memory = 0.0K)
    Checking Rule W528 (Rule 174 of total 292) .... done (Time = 0.00s, Memory = 512.0K)
    Checking Rule Prereqs_Usage (Rule 175 of total 292) .... done (Time = 0.00s, Memory = 0.0K)
    Checking Rule Prereqs_ConstantInput-ML (Rule 176 of total 292) .... done (Time = 0.00s, Memory = 0.0K)
    Checking Rule ReportPortInfo-ML (Rule 177 of total 292) .... done (Time = 0.00s, Memory = 0.0K)
    Checking Rule Prereqs_ReportPortInfo-ML (Rule 178 of total 292) .... done (Time = 0.00s, Memory = 0.0K)
    Checking Rule Prereqs_ReportPortInfo-ML (Rule 179 of total 292) .... done (Time = 0.00s, Memory = 0.0K)
    Checking Rule Prereqs_Elab_Hier_Dialog (Rule 180 of total 292) .... done (Time = 0.00s, Memory = 0.0K)
    Checking Rule NoAssignX-ML (Rule 181 of total 292) .... done (Time = 0.00s, Memory = 0.0K)
    Checking Rule ParamWidthMismatch-ML (Rule 182 of total 292) .... done (Time = 0.00s, Memory = 0.0K)
    Checking Rule Postreqs_Usage_ML (Rule 183 of total 292) .... done (Time = 0.00s, Memory = 0.0K)
    Checking Rule NoXInCase-ML (Rule 184 of total 292) .... done (Time = 0.00s, Memory = 0.0K)
Checking ELABDU Rules for designUnit prim_secded_inv_64_57_enc
    Checking Rule Ac_classify_param01 (Rule 118 of total 292) .... done (Time = 0.00s, Memory = 0.0K)
    Checking Rule AcOvlRtl (Rule 119 of total 292) .... done (Time = 0.00s, Memory = 0.0K)
    Checking Rule AcOvlRtl (Rule 120 of total 292) .... done (Time = 0.00s, Memory = 0.0K)
    Checking Rule GenTopLevelBlocksForAutoSoc (Rule 121 of total 292) .... done (Time = 0.00s, Memory = 0.0K)
    Checking Rule Prereqs_InferLatch (Rule 122 of total 292) .... done (Time = 0.00s, Memory = 0.0K)
    Checking Rule STARC05-2.1.4.5 (Rule 123 of total 292) .... done (Time = 0.00s, Memory = 0.0K)
    Checking Rule STARC05-2.1.5.3 (Rule 124 of total 292) .... done (Time = 0.00s, Memory = 0.0K)
    Checking Rule STARC05-2.2.3.3 (Rule 125 of total 292) .... done (Time = 0.00s, Memory = 0.0K)
    Checking Rule STARC05-2.3.1.6 (Rule 126 of total 292) .... done (Time = 0.00s, Memory = 0.0K)
    Checking Rule STARC05-2.10.2.3 (Rule 127 of total 292) .... done (Time = 0.00s, Memory = 0.0K)
    Checking Rule STARC05-2.10.3.2a (Rule 128 of total 292) .... done (Time = 0.00s, Memory = 0.0K)
    Checking Rule STARC05-2.11.3.1 (Rule 129 of total 292) .... done (Time = 0.00s, Memory = 0.0K)
    Checking Rule STARC05-2.1.3.1 (Rule 130 of total 292) .... done (Time = 0.00s, Memory = 0.0K)
    Checking Rule STARC05-2.10.1.4a (Rule 131 of total 292) .... done (Time = 0.00s, Memory = 0.0K)
    Checking Rule STARC05-2.10.1.4b (Rule 132 of total 292) .... done (Time = 0.00s, Memory = 0.0K)
    Checking Rule sim_race02 (Rule 133 of total 292) .... done (Time = 0.00s, Memory = 0.0K)
    Checking Rule W339a (Rule 134 of total 292) .... done (Time = 0.00s, Memory = 0.0K)
    Checking Rule W110 (Rule 135 of total 292) .... done (Time = 0.00s, Memory = 0.0K)
    Checking Rule W122 (Rule 136 of total 292) .... done (Time = 0.00s, Memory = 0.0K)
    Checking Rule W496a (Rule 137 of total 292) .... done (Time = 0.00s, Memory = 0.0K)
    Checking Rule W496b (Rule 138 of total 292) .... done (Time = 0.00s, Memory = 0.0K)
    Checking Rule W19 (Rule 139 of total 292) .... done (Time = 0.00s, Memory = 0.0K)
    Checking Rule W66 (Rule 140 of total 292) .... done (Time = 0.00s, Memory = 0.0K)
    Checking Rule W116 (Rule 141 of total 292) .... done (Time = 0.00s, Memory = 0.0K)
    Checking Rule W123 (Rule 142 of total 292) .... done (Time = 0.00s, Memory = 0.0K)
    Checking Rule W156 (Rule 143 of total 292) .... done (Time = 0.00s, Memory = 0.0K)
    Checking Rule W215 (Rule 144 of total 292) .... done (Time = 0.00s, Memory = 0.0K)
    Checking Rule W216 (Rule 145 of total 292) .... done (Time = 0.00s, Memory = 0.0K)
    Checking Rule W218 (Rule 146 of total 292) .... done (Time = 0.00s, Memory = 0.0K)
    Checking Rule W224 (Rule 147 of total 292) .... done (Time = 0.00s, Memory = 0.0K)
    Checking Rule W263 (Rule 148 of total 292) .... done (Time = 0.00s, Memory = 0.0K)
    Checking Rule W289 (Rule 149 of total 292) .... done (Time = 0.00s, Memory = 0.0K)
    Checking Rule W337 (Rule 150 of total 292) .... done (Time = 0.00s, Memory = 0.0K)
    Checking Rule W416 (Rule 151 of total 292) .... done (Time = 0.00s, Memory = 0.0K)
    Checking Rule W352 (Rule 152 of total 292) .... done (Time = 0.00s, Memory = 0.0K)
    Checking Rule W362 (Rule 153 of total 292) .... done (Time = 0.00s, Memory = 0.0K)
    Checking Rule W415a (Rule 154 of total 292) .... done (Time = 0.00s, Memory = 0.0K)
    Checking Rule W486 (Rule 155 of total 292) .... done (Time = 0.00s, Memory = 0.0K)
    Checking Rule W499 (Rule 156 of total 292) .... done (Time = 0.00s, Memory = 0.0K)
    Checking Rule W502 (Rule 157 of total 292) .... done (Time = 0.00s, Memory = 0.0K)
    Checking Rule W116 (Rule 158 of total 292) .... done (Time = 0.00s, Memory = 0.0K)
    Checking Rule W122 (Rule 159 of total 292) .... done (Time = 0.00s, Memory = 0.0K)
    Checking Rule W123 (Rule 160 of total 292) .... done (Time = 0.00s, Memory = 0.0K)
    Checking Rule W156 (Rule 161 of total 292) .... done (Time = 0.00s, Memory = 0.0K)
    Checking Rule W71 (Rule 162 of total 292) .... done (Time = 0.00s, Memory = 0.0K)
    Checking Rule W240 (Rule 163 of total 292) .... done (Time = 0.00s, Memory = 0.0K)
    Checking Rule W240 (Rule 164 of total 292) .... done (Time = 0.00s, Memory = 0.0K)
    Checking Rule W287a (Rule 165 of total 292) .... done (Time = 0.00s, Memory = 0.0K)
    Checking Rule W287b (Rule 166 of total 292) .... done (Time = 0.00s, Memory = 0.0K)
    Checking Rule W293 (Rule 167 of total 292) .... done (Time = 0.00s, Memory = 0.0K)
    Checking Rule W398 (Rule 168 of total 292) .... done (Time = 0.00s, Memory = 0.0K)
    Checking Rule W424 (Rule 169 of total 292) .... done (Time = 0.00s, Memory = 0.0K)
    Checking Rule W467 (Rule 170 of total 292) .... done (Time = 0.00s, Memory = 0.0K)
    Checking Rule W505 (Rule 171 of total 292) .... done (Time = 0.00s, Memory = 0.0K)
    Checking Rule W505 (Rule 172 of total 292) .... done (Time = 0.00s, Memory = 0.0K)
    Checking Rule W528 (Rule 173 of total 292) .... done (Time = 0.00s, Memory = 0.0K)
    Checking Rule W528 (Rule 174 of total 292) .... done (Time = 0.00s, Memory = 512.0K)
    Checking Rule Prereqs_Usage (Rule 175 of total 292) .... done (Time = 0.00s, Memory = 0.0K)
    Checking Rule Prereqs_ConstantInput-ML (Rule 176 of total 292) .... done (Time = 0.00s, Memory = 0.0K)
    Checking Rule ReportPortInfo-ML (Rule 177 of total 292) .... done (Time = 0.00s, Memory = 0.0K)
    Checking Rule Prereqs_ReportPortInfo-ML (Rule 178 of total 292) .... done (Time = 0.00s, Memory = 0.0K)
    Checking Rule Prereqs_ReportPortInfo-ML (Rule 179 of total 292) .... done (Time = 0.00s, Memory = 0.0K)
    Checking Rule Prereqs_Elab_Hier_Dialog (Rule 180 of total 292) .... done (Time = 0.00s, Memory = 0.0K)
    Checking Rule NoAssignX-ML (Rule 181 of total 292) .... done (Time = 0.00s, Memory = 0.0K)
    Checking Rule ParamWidthMismatch-ML (Rule 182 of total 292) .... done (Time = 0.00s, Memory = 0.0K)
    Checking Rule Postreqs_Usage_ML (Rule 183 of total 292) .... done (Time = 0.00s, Memory = 0.0K)
    Checking Rule NoXInCase-ML (Rule 184 of total 292) .... done (Time = 0.00s, Memory = 0.0K)
Checking ELABDU Rules for designUnit tlul_data_integ_enc
    Checking Rule Ac_classify_param01 (Rule 118 of total 292) .... done (Time = 0.00s, Memory = 0.0K)
    Checking Rule AcOvlRtl (Rule 119 of total 292) .... done (Time = 0.00s, Memory = 0.0K)
    Checking Rule AcOvlRtl (Rule 120 of total 292) .... done (Time = 0.00s, Memory = 0.0K)
    Checking Rule GenTopLevelBlocksForAutoSoc (Rule 121 of total 292) .... done (Time = 0.00s, Memory = 0.0K)
    Checking Rule Prereqs_InferLatch (Rule 122 of total 292) .... done (Time = 0.00s, Memory = 0.0K)
    Checking Rule STARC05-2.1.4.5 (Rule 123 of total 292) .... done (Time = 0.00s, Memory = 0.0K)
    Checking Rule STARC05-2.1.5.3 (Rule 124 of total 292) .... done (Time = 0.00s, Memory = 0.0K)
    Checking Rule STARC05-2.2.3.3 (Rule 125 of total 292) .... done (Time = 0.00s, Memory = 0.0K)
    Checking Rule STARC05-2.3.1.6 (Rule 126 of total 292) .... done (Time = 0.00s, Memory = 0.0K)
    Checking Rule STARC05-2.10.2.3 (Rule 127 of total 292) .... done (Time = 0.00s, Memory = 0.0K)
    Checking Rule STARC05-2.10.3.2a (Rule 128 of total 292) .... done (Time = 0.00s, Memory = 0.0K)
    Checking Rule STARC05-2.11.3.1 (Rule 129 of total 292) .... done (Time = 0.00s, Memory = 0.0K)
    Checking Rule STARC05-2.1.3.1 (Rule 130 of total 292) .... done (Time = 0.00s, Memory = 0.0K)
    Checking Rule STARC05-2.10.1.4a (Rule 131 of total 292) .... done (Time = 0.00s, Memory = 0.0K)
    Checking Rule STARC05-2.10.1.4b (Rule 132 of total 292) .... done (Time = 0.00s, Memory = 0.0K)
    Checking Rule sim_race02 (Rule 133 of total 292) .... done (Time = 0.00s, Memory = 0.0K)
    Checking Rule W339a (Rule 134 of total 292) .... done (Time = 0.00s, Memory = 0.0K)
    Checking Rule W110 (Rule 135 of total 292) .... done (Time = 0.00s, Memory = 0.0K)
    Checking Rule W122 (Rule 136 of total 292) .... done (Time = 0.00s, Memory = 0.0K)
    Checking Rule W496a (Rule 137 of total 292) .... done (Time = 0.00s, Memory = 0.0K)
    Checking Rule W496b (Rule 138 of total 292) .... done (Time = 0.00s, Memory = 0.0K)
    Checking Rule W19 (Rule 139 of total 292) .... done (Time = 0.00s, Memory = 0.0K)
    Checking Rule W66 (Rule 140 of total 292) .... done (Time = 0.00s, Memory = 0.0K)
    Checking Rule W116 (Rule 141 of total 292) .... done (Time = 0.00s, Memory = 0.0K)
    Checking Rule W123 (Rule 142 of total 292) .... done (Time = 0.00s, Memory = 0.0K)
    Checking Rule W156 (Rule 143 of total 292) .... done (Time = 0.00s, Memory = 0.0K)
    Checking Rule W215 (Rule 144 of total 292) .... done (Time = 0.00s, Memory = 0.0K)
    Checking Rule W216 (Rule 145 of total 292) .... done (Time = 0.00s, Memory = 0.0K)
    Checking Rule W218 (Rule 146 of total 292) .... done (Time = 0.00s, Memory = 0.0K)
    Checking Rule W224 (Rule 147 of total 292) .... done (Time = 0.00s, Memory = 0.0K)
    Checking Rule W263 (Rule 148 of total 292) .... done (Time = 0.00s, Memory = 0.0K)
    Checking Rule W289 (Rule 149 of total 292) .... done (Time = 0.00s, Memory = 0.0K)
    Checking Rule W337 (Rule 150 of total 292) .... done (Time = 0.00s, Memory = 0.0K)
    Checking Rule W416 (Rule 151 of total 292) .... done (Time = 0.00s, Memory = 0.0K)
    Checking Rule W352 (Rule 152 of total 292) .... done (Time = 0.00s, Memory = 0.0K)
    Checking Rule W362 (Rule 153 of total 292) .... done (Time = 0.00s, Memory = 0.0K)
    Checking Rule W415a (Rule 154 of total 292) .... done (Time = 0.00s, Memory = 0.0K)
    Checking Rule W486 (Rule 155 of total 292) .... done (Time = 0.00s, Memory = 0.0K)
    Checking Rule W499 (Rule 156 of total 292) .... done (Time = 0.00s, Memory = 0.0K)
    Checking Rule W502 (Rule 157 of total 292) .... done (Time = 0.00s, Memory = 0.0K)
    Checking Rule W116 (Rule 158 of total 292) .... done (Time = 0.00s, Memory = 0.0K)
    Checking Rule W122 (Rule 159 of total 292) .... done (Time = 0.00s, Memory = 0.0K)
    Checking Rule W123 (Rule 160 of total 292) .... done (Time = 0.00s, Memory = 0.0K)
    Checking Rule W156 (Rule 161 of total 292) .... done (Time = 0.00s, Memory = 0.0K)
    Checking Rule W71 (Rule 162 of total 292) .... done (Time = 0.00s, Memory = 0.0K)
    Checking Rule W240 (Rule 163 of total 292) .... done (Time = 0.00s, Memory = 0.0K)
    Checking Rule W240 (Rule 164 of total 292) .... done (Time = 0.00s, Memory = 0.0K)
    Checking Rule W287a (Rule 165 of total 292) .... done (Time = 0.00s, Memory = 0.0K)
    Checking Rule W287b (Rule 166 of total 292) .... done (Time = 0.00s, Memory = 0.0K)
    Checking Rule W293 (Rule 167 of total 292) .... done (Time = 0.00s, Memory = 0.0K)
    Checking Rule W398 (Rule 168 of total 292) .... done (Time = 0.00s, Memory = 0.0K)
    Checking Rule W424 (Rule 169 of total 292) .... done (Time = 0.00s, Memory = 0.0K)
    Checking Rule W467 (Rule 170 of total 292) .... done (Time = 0.00s, Memory = 0.0K)
    Checking Rule W505 (Rule 171 of total 292) .... done (Time = 0.00s, Memory = 0.0K)
    Checking Rule W505 (Rule 172 of total 292) .... done (Time = 0.00s, Memory = 0.0K)
    Checking Rule W528 (Rule 173 of total 292) .... done (Time = 0.00s, Memory = 0.0K)
    Checking Rule W528 (Rule 174 of total 292) .... done (Time = 0.00s, Memory = 512.0K)
    Checking Rule Prereqs_Usage (Rule 175 of total 292) .... done (Time = 0.00s, Memory = 0.0K)
    Checking Rule Prereqs_ConstantInput-ML (Rule 176 of total 292) .... done (Time = 0.00s, Memory = 0.0K)
    Checking Rule ReportPortInfo-ML (Rule 177 of total 292) .... done (Time = 0.00s, Memory = 0.0K)
    Checking Rule Prereqs_ReportPortInfo-ML (Rule 178 of total 292) .... done (Time = 0.00s, Memory = 0.0K)
    Checking Rule Prereqs_ReportPortInfo-ML (Rule 179 of total 292) .... done (Time = 0.00s, Memory = 0.0K)
    Checking Rule Prereqs_Elab_Hier_Dialog (Rule 180 of total 292) .... done (Time = 0.00s, Memory = 0.0K)
    Checking Rule NoAssignX-ML (Rule 181 of total 292) .... done (Time = 0.00s, Memory = 0.0K)
    Checking Rule ParamWidthMismatch-ML (Rule 182 of total 292) .... done (Time = 0.00s, Memory = 0.0K)
    Checking Rule Postreqs_Usage_ML (Rule 183 of total 292) .... done (Time = 0.00s, Memory = 0.0K)
    Checking Rule NoXInCase-ML (Rule 184 of total 292) .... done (Time = 0.00s, Memory = 0.0K)
Checking ELABDU Rules for designUnit prim_secded_inv_39_32_enc
    Checking Rule Ac_classify_param01 (Rule 118 of total 292) .... done (Time = 0.00s, Memory = 0.0K)
    Checking Rule AcOvlRtl (Rule 119 of total 292) .... done (Time = 0.00s, Memory = 0.0K)
    Checking Rule AcOvlRtl (Rule 120 of total 292) .... done (Time = 0.00s, Memory = 0.0K)
    Checking Rule GenTopLevelBlocksForAutoSoc (Rule 121 of total 292) .... done (Time = 0.00s, Memory = 0.0K)
    Checking Rule Prereqs_InferLatch (Rule 122 of total 292) .... done (Time = 0.00s, Memory = 0.0K)
    Checking Rule STARC05-2.1.4.5 (Rule 123 of total 292) .... done (Time = 0.00s, Memory = 0.0K)
    Checking Rule STARC05-2.1.5.3 (Rule 124 of total 292) .... done (Time = 0.00s, Memory = 0.0K)
    Checking Rule STARC05-2.2.3.3 (Rule 125 of total 292) .... done (Time = 0.00s, Memory = 0.0K)
    Checking Rule STARC05-2.3.1.6 (Rule 126 of total 292) .... done (Time = 0.00s, Memory = 0.0K)
    Checking Rule STARC05-2.10.2.3 (Rule 127 of total 292) .... done (Time = 0.00s, Memory = 0.0K)
    Checking Rule STARC05-2.10.3.2a (Rule 128 of total 292) .... done (Time = 0.00s, Memory = 0.0K)
    Checking Rule STARC05-2.11.3.1 (Rule 129 of total 292) .... done (Time = 0.00s, Memory = 0.0K)
    Checking Rule STARC05-2.1.3.1 (Rule 130 of total 292) .... done (Time = 0.00s, Memory = 0.0K)
    Checking Rule STARC05-2.10.1.4a (Rule 131 of total 292) .... done (Time = 0.00s, Memory = 0.0K)
    Checking Rule STARC05-2.10.1.4b (Rule 132 of total 292) .... done (Time = 0.00s, Memory = 0.0K)
    Checking Rule sim_race02 (Rule 133 of total 292) .... done (Time = 0.00s, Memory = 0.0K)
    Checking Rule W339a (Rule 134 of total 292) .... done (Time = 0.00s, Memory = 0.0K)
    Checking Rule W110 (Rule 135 of total 292) .... done (Time = 0.00s, Memory = 0.0K)
    Checking Rule W122 (Rule 136 of total 292) .... done (Time = 0.00s, Memory = 0.0K)
    Checking Rule W496a (Rule 137 of total 292) .... done (Time = 0.00s, Memory = 0.0K)
    Checking Rule W496b (Rule 138 of total 292) .... done (Time = 0.00s, Memory = 0.0K)
    Checking Rule W19 (Rule 139 of total 292) .... done (Time = 0.00s, Memory = 0.0K)
    Checking Rule W66 (Rule 140 of total 292) .... done (Time = 0.00s, Memory = 0.0K)
    Checking Rule W116 (Rule 141 of total 292) .... done (Time = 0.00s, Memory = 0.0K)
    Checking Rule W123 (Rule 142 of total 292) .... done (Time = 0.00s, Memory = 0.0K)
    Checking Rule W156 (Rule 143 of total 292) .... done (Time = 0.00s, Memory = 0.0K)
    Checking Rule W215 (Rule 144 of total 292) .... done (Time = 0.00s, Memory = 0.0K)
    Checking Rule W216 (Rule 145 of total 292) .... done (Time = 0.00s, Memory = 0.0K)
    Checking Rule W218 (Rule 146 of total 292) .... done (Time = 0.00s, Memory = 0.0K)
    Checking Rule W224 (Rule 147 of total 292) .... done (Time = 0.00s, Memory = 0.0K)
    Checking Rule W263 (Rule 148 of total 292) .... done (Time = 0.00s, Memory = 0.0K)
    Checking Rule W289 (Rule 149 of total 292) .... done (Time = 0.00s, Memory = 0.0K)
    Checking Rule W337 (Rule 150 of total 292) .... done (Time = 0.00s, Memory = 0.0K)
    Checking Rule W416 (Rule 151 of total 292) .... done (Time = 0.00s, Memory = 0.0K)
    Checking Rule W352 (Rule 152 of total 292) .... done (Time = 0.00s, Memory = 0.0K)
    Checking Rule W362 (Rule 153 of total 292) .... done (Time = 0.00s, Memory = 0.0K)
    Checking Rule W415a (Rule 154 of total 292) .... done (Time = 0.00s, Memory = 0.0K)
    Checking Rule W486 (Rule 155 of total 292) .... done (Time = 0.00s, Memory = 0.0K)
    Checking Rule W499 (Rule 156 of total 292) .... done (Time = 0.00s, Memory = 0.0K)
    Checking Rule W502 (Rule 157 of total 292) .... done (Time = 0.00s, Memory = 0.0K)
    Checking Rule W116 (Rule 158 of total 292) .... done (Time = 0.00s, Memory = 0.0K)
    Checking Rule W122 (Rule 159 of total 292) .... done (Time = 0.00s, Memory = 0.0K)
    Checking Rule W123 (Rule 160 of total 292) .... done (Time = 0.00s, Memory = 0.0K)
    Checking Rule W156 (Rule 161 of total 292) .... done (Time = 0.00s, Memory = 0.0K)
    Checking Rule W71 (Rule 162 of total 292) .... done (Time = 0.00s, Memory = 0.0K)
    Checking Rule W240 (Rule 163 of total 292) .... done (Time = 0.00s, Memory = 0.0K)
    Checking Rule W240 (Rule 164 of total 292) .... done (Time = 0.00s, Memory = 0.0K)
    Checking Rule W287a (Rule 165 of total 292) .... done (Time = 0.00s, Memory = 0.0K)
    Checking Rule W287b (Rule 166 of total 292) .... done (Time = 0.00s, Memory = 0.0K)
    Checking Rule W293 (Rule 167 of total 292) .... done (Time = 0.00s, Memory = 0.0K)
    Checking Rule W398 (Rule 168 of total 292) .... done (Time = 0.00s, Memory = 0.0K)
    Checking Rule W424 (Rule 169 of total 292) .... done (Time = 0.00s, Memory = 0.0K)
    Checking Rule W467 (Rule 170 of total 292) .... done (Time = 0.00s, Memory = 0.0K)
    Checking Rule W505 (Rule 171 of total 292) .... done (Time = 0.00s, Memory = 0.0K)
    Checking Rule W505 (Rule 172 of total 292) .... done (Time = 0.00s, Memory = 0.0K)
    Checking Rule W528 (Rule 173 of total 292) .... done (Time = 0.00s, Memory = 0.0K)
    Checking Rule W528 (Rule 174 of total 292) .... done (Time = 0.00s, Memory = 512.0K)
    Checking Rule Prereqs_Usage (Rule 175 of total 292) .... done (Time = 0.00s, Memory = 0.0K)
    Checking Rule Prereqs_ConstantInput-ML (Rule 176 of total 292) .... done (Time = 0.00s, Memory = 0.0K)
    Checking Rule ReportPortInfo-ML (Rule 177 of total 292) .... done (Time = 0.00s, Memory = 0.0K)
    Checking Rule Prereqs_ReportPortInfo-ML (Rule 178 of total 292) .... done (Time = 0.00s, Memory = 0.0K)
    Checking Rule Prereqs_ReportPortInfo-ML (Rule 179 of total 292) .... done (Time = 0.00s, Memory = 0.0K)
    Checking Rule Prereqs_Elab_Hier_Dialog (Rule 180 of total 292) .... done (Time = 0.00s, Memory = 0.0K)
    Checking Rule NoAssignX-ML (Rule 181 of total 292) .... done (Time = 0.00s, Memory = 0.0K)
    Checking Rule ParamWidthMismatch-ML (Rule 182 of total 292) .... done (Time = 0.00s, Memory = 0.0K)
    Checking Rule Postreqs_Usage_ML (Rule 183 of total 292) .... done (Time = 0.00s, Memory = 0.0K)
    Checking Rule NoXInCase-ML (Rule 184 of total 292) .... done (Time = 0.00s, Memory = 0.0K)
Checking ELABDU Rules for designUnit tlul_adapter_reg
    Checking Rule Ac_classify_param01 (Rule 118 of total 292) .... done (Time = 0.00s, Memory = 0.0K)
    Checking Rule AcOvlRtl (Rule 119 of total 292) .... done (Time = 0.00s, Memory = 0.0K)
    Checking Rule AcOvlRtl (Rule 120 of total 292) .... done (Time = 0.00s, Memory = 0.0K)
    Checking Rule GenTopLevelBlocksForAutoSoc (Rule 121 of total 292) .... done (Time = 0.00s, Memory = 0.0K)
    Checking Rule Prereqs_InferLatch (Rule 122 of total 292) .... done (Time = 0.00s, Memory = 0.0K)
    Checking Rule STARC05-2.1.4.5 (Rule 123 of total 292) .... done (Time = 0.00s, Memory = 0.0K)
    Checking Rule STARC05-2.1.5.3 (Rule 124 of total 292) .... done (Time = 0.00s, Memory = 0.0K)
    Checking Rule STARC05-2.2.3.3 (Rule 125 of total 292) .... done (Time = 0.00s, Memory = 0.0K)
    Checking Rule STARC05-2.3.1.6 (Rule 126 of total 292) .... done (Time = 0.00s, Memory = 0.0K)
    Checking Rule STARC05-2.10.2.3 (Rule 127 of total 292) .... done (Time = 0.00s, Memory = 0.0K)
    Checking Rule STARC05-2.10.3.2a (Rule 128 of total 292) .... done (Time = 0.00s, Memory = 0.0K)
    Checking Rule STARC05-2.11.3.1 (Rule 129 of total 292) .... done (Time = 0.00s, Memory = 0.0K)
    Checking Rule STARC05-2.1.3.1 (Rule 130 of total 292) .... done (Time = 0.00s, Memory = 0.0K)
    Checking Rule STARC05-2.10.1.4a (Rule 131 of total 292) .... done (Time = 0.00s, Memory = 0.0K)
    Checking Rule STARC05-2.10.1.4b (Rule 132 of total 292) .... done (Time = 0.00s, Memory = 0.0K)
    Checking Rule sim_race02 (Rule 133 of total 292) .... done (Time = 0.00s, Memory = 0.0K)
    Checking Rule W339a (Rule 134 of total 292) .... done (Time = 0.00s, Memory = 0.0K)
    Checking Rule W110 (Rule 135 of total 292) .... done (Time = 0.00s, Memory = 0.0K)
    Checking Rule W122 (Rule 136 of total 292) .... done (Time = 0.00s, Memory = 0.0K)
    Checking Rule W496a (Rule 137 of total 292) .... done (Time = 0.00s, Memory = 0.0K)
    Checking Rule W496b (Rule 138 of total 292) .... done (Time = 0.00s, Memory = 0.0K)
    Checking Rule W19 (Rule 139 of total 292) .... done (Time = 0.00s, Memory = 0.0K)
    Checking Rule W66 (Rule 140 of total 292) .... done (Time = 0.00s, Memory = 0.0K)
    Checking Rule W116 (Rule 141 of total 292) .... done (Time = 0.00s, Memory = 0.0K)
    Checking Rule W123 (Rule 142 of total 292) .... done (Time = 0.00s, Memory = 0.0K)
    Checking Rule W156 (Rule 143 of total 292) .... done (Time = 0.00s, Memory = 0.0K)
    Checking Rule W215 (Rule 144 of total 292) .... done (Time = 0.00s, Memory = 0.0K)
    Checking Rule W216 (Rule 145 of total 292) .... done (Time = 0.00s, Memory = 0.0K)
    Checking Rule W218 (Rule 146 of total 292) .... done (Time = 0.00s, Memory = 0.0K)
    Checking Rule W224 (Rule 147 of total 292) .... done (Time = 0.00s, Memory = 0.0K)
    Checking Rule W263 (Rule 148 of total 292) .... done (Time = 0.00s, Memory = 0.0K)
    Checking Rule W289 (Rule 149 of total 292) .... done (Time = 0.00s, Memory = 0.0K)
    Checking Rule W337 (Rule 150 of total 292) .... done (Time = 0.00s, Memory = 0.0K)
    Checking Rule W416 (Rule 151 of total 292) .... done (Time = 0.00s, Memory = 0.0K)
    Checking Rule W352 (Rule 152 of total 292) .... done (Time = 0.00s, Memory = 0.0K)
    Checking Rule W362 (Rule 153 of total 292) .... done (Time = 0.00s, Memory = 0.0K)
    Checking Rule W415a (Rule 154 of total 292) .... done (Time = 0.00s, Memory = -16.0K)
    Checking Rule W486 (Rule 155 of total 292) .... done (Time = 0.00s, Memory = 0.0K)
    Checking Rule W499 (Rule 156 of total 292) .... done (Time = 0.00s, Memory = 0.0K)
    Checking Rule W502 (Rule 157 of total 292) .... done (Time = 0.00s, Memory = 0.0K)
    Checking Rule W116 (Rule 158 of total 292) .... done (Time = 0.00s, Memory = 0.0K)
    Checking Rule W122 (Rule 159 of total 292) .... done (Time = 0.00s, Memory = 0.0K)
    Checking Rule W123 (Rule 160 of total 292) .... done (Time = 0.00s, Memory = 0.0K)
    Checking Rule W156 (Rule 161 of total 292) .... done (Time = 0.00s, Memory = 0.0K)
    Checking Rule W71 (Rule 162 of total 292) .... done (Time = 0.00s, Memory = 0.0K)
    Checking Rule W240 (Rule 163 of total 292) .... done (Time = 0.00s, Memory = 0.0K)
    Checking Rule W240 (Rule 164 of total 292) .... done (Time = 0.00s, Memory = 0.0K)
    Checking Rule W287a (Rule 165 of total 292) .... done (Time = 0.00s, Memory = 0.0K)
    Checking Rule W287b (Rule 166 of total 292) .... done (Time = 0.00s, Memory = 0.0K)
    Checking Rule W293 (Rule 167 of total 292) .... done (Time = 0.00s, Memory = 0.0K)
    Checking Rule W398 (Rule 168 of total 292) .... done (Time = 0.01s, Memory = 0.0K)
    Checking Rule W424 (Rule 169 of total 292) .... done (Time = 0.00s, Memory = 0.0K)
    Checking Rule W467 (Rule 170 of total 292) .... done (Time = 0.00s, Memory = 0.0K)
    Checking Rule W505 (Rule 171 of total 292) .... done (Time = 0.00s, Memory = 0.0K)
    Checking Rule W505 (Rule 172 of total 292) .... done (Time = 0.00s, Memory = 0.0K)
    Checking Rule W528 (Rule 173 of total 292) .... done (Time = 0.00s, Memory = 0.0K)
    Checking Rule W528 (Rule 174 of total 292) .... done (Time = 0.00s, Memory = 512.0K)
    Checking Rule Prereqs_Usage (Rule 175 of total 292) .... done (Time = 0.00s, Memory = 0.0K)
    Checking Rule Prereqs_ConstantInput-ML (Rule 176 of total 292) .... done (Time = 0.00s, Memory = 0.0K)
    Checking Rule ReportPortInfo-ML (Rule 177 of total 292) .... done (Time = 0.00s, Memory = 0.0K)
    Checking Rule Prereqs_ReportPortInfo-ML (Rule 178 of total 292) .... done (Time = 0.00s, Memory = 0.0K)
    Checking Rule Prereqs_ReportPortInfo-ML (Rule 179 of total 292) .... done (Time = 0.00s, Memory = 0.0K)
    Checking Rule Prereqs_Elab_Hier_Dialog (Rule 180 of total 292) .... done (Time = 0.00s, Memory = 0.0K)
    Checking Rule NoAssignX-ML (Rule 181 of total 292) .... done (Time = 0.00s, Memory = 0.0K)
    Checking Rule ParamWidthMismatch-ML (Rule 182 of total 292) .... done (Time = 0.00s, Memory = 0.0K)
    Checking Rule Postreqs_Usage_ML (Rule 183 of total 292) .... done (Time = 0.00s, Memory = 0.0K)
    Checking Rule NoXInCase-ML (Rule 184 of total 292) .... done (Time = 0.00s, Memory = 0.0K)
Checking ELABDU Rules for designUnit WORK_tlul_rsp_intg_gen_0_0_1_1
    Checking Rule Ac_classify_param01 (Rule 118 of total 292) .... done (Time = 0.00s, Memory = 0.0K)
    Checking Rule AcOvlRtl (Rule 119 of total 292) .... done (Time = 0.00s, Memory = 0.0K)
    Checking Rule AcOvlRtl (Rule 120 of total 292) .... done (Time = 0.00s, Memory = 0.0K)
    Checking Rule GenTopLevelBlocksForAutoSoc (Rule 121 of total 292) .... done (Time = 0.00s, Memory = 0.0K)
    Checking Rule Prereqs_InferLatch (Rule 122 of total 292) .... done (Time = 0.00s, Memory = 0.0K)
    Checking Rule STARC05-2.1.4.5 (Rule 123 of total 292) .... done (Time = 0.00s, Memory = 0.0K)
    Checking Rule STARC05-2.1.5.3 (Rule 124 of total 292) .... done (Time = 0.00s, Memory = 0.0K)
    Checking Rule STARC05-2.2.3.3 (Rule 125 of total 292) .... done (Time = 0.00s, Memory = 0.0K)
    Checking Rule STARC05-2.3.1.6 (Rule 126 of total 292) .... done (Time = 0.00s, Memory = 0.0K)
    Checking Rule STARC05-2.10.2.3 (Rule 127 of total 292) .... done (Time = 0.00s, Memory = 0.0K)
    Checking Rule STARC05-2.10.3.2a (Rule 128 of total 292) .... done (Time = 0.00s, Memory = 0.0K)
    Checking Rule STARC05-2.11.3.1 (Rule 129 of total 292) .... done (Time = 0.00s, Memory = 0.0K)
    Checking Rule STARC05-2.1.3.1 (Rule 130 of total 292) .... done (Time = 0.00s, Memory = 0.0K)
    Checking Rule STARC05-2.10.1.4a (Rule 131 of total 292) .... done (Time = 0.00s, Memory = 0.0K)
    Checking Rule STARC05-2.10.1.4b (Rule 132 of total 292) .... done (Time = 0.00s, Memory = 0.0K)
    Checking Rule sim_race02 (Rule 133 of total 292) .... done (Time = 0.00s, Memory = 0.0K)
    Checking Rule W339a (Rule 134 of total 292) .... done (Time = 0.00s, Memory = 0.0K)
    Checking Rule W110 (Rule 135 of total 292) .... done (Time = 0.00s, Memory = 0.0K)
    Checking Rule W122 (Rule 136 of total 292) .... done (Time = 0.00s, Memory = 0.0K)
    Checking Rule W496a (Rule 137 of total 292) .... done (Time = 0.00s, Memory = 0.0K)
    Checking Rule W496b (Rule 138 of total 292) .... done (Time = 0.00s, Memory = 0.0K)
    Checking Rule W19 (Rule 139 of total 292) .... done (Time = 0.00s, Memory = 0.0K)
    Checking Rule W66 (Rule 140 of total 292) .... done (Time = 0.00s, Memory = 0.0K)
    Checking Rule W116 (Rule 141 of total 292) .... done (Time = 0.00s, Memory = 0.0K)
    Checking Rule W123 (Rule 142 of total 292) .... done (Time = 0.00s, Memory = 0.0K)
    Checking Rule W156 (Rule 143 of total 292) .... done (Time = 0.00s, Memory = 0.0K)
    Checking Rule W215 (Rule 144 of total 292) .... done (Time = 0.00s, Memory = 0.0K)
    Checking Rule W216 (Rule 145 of total 292) .... done (Time = 0.00s, Memory = 0.0K)
    Checking Rule W218 (Rule 146 of total 292) .... done (Time = 0.00s, Memory = 0.0K)
    Checking Rule W224 (Rule 147 of total 292) .... done (Time = 0.00s, Memory = 0.0K)
    Checking Rule W263 (Rule 148 of total 292) .... done (Time = 0.00s, Memory = 0.0K)
    Checking Rule W289 (Rule 149 of total 292) .... done (Time = 0.00s, Memory = 0.0K)
    Checking Rule W337 (Rule 150 of total 292) .... done (Time = 0.00s, Memory = 0.0K)
    Checking Rule W416 (Rule 151 of total 292) .... done (Time = 0.00s, Memory = 0.0K)
    Checking Rule W352 (Rule 152 of total 292) .... done (Time = 0.00s, Memory = 0.0K)
    Checking Rule W362 (Rule 153 of total 292) .... done (Time = 0.00s, Memory = 0.0K)
    Checking Rule W415a (Rule 154 of total 292) .... done (Time = 0.00s, Memory = 0.0K)
    Checking Rule W486 (Rule 155 of total 292) .... done (Time = 0.00s, Memory = 0.0K)
    Checking Rule W499 (Rule 156 of total 292) .... done (Time = 0.00s, Memory = 0.0K)
    Checking Rule W502 (Rule 157 of total 292) .... done (Time = 0.00s, Memory = 0.0K)
    Checking Rule W116 (Rule 158 of total 292) .... done (Time = 0.00s, Memory = 0.0K)
    Checking Rule W122 (Rule 159 of total 292) .... done (Time = 0.00s, Memory = 0.0K)
    Checking Rule W123 (Rule 160 of total 292) .... done (Time = 0.00s, Memory = 0.0K)
    Checking Rule W156 (Rule 161 of total 292) .... done (Time = 0.00s, Memory = 0.0K)
    Checking Rule W71 (Rule 162 of total 292) .... done (Time = 0.00s, Memory = 0.0K)
    Checking Rule W240 (Rule 163 of total 292) .... done (Time = 0.00s, Memory = 0.0K)
    Checking Rule W240 (Rule 164 of total 292) .... done (Time = 0.00s, Memory = 0.0K)
    Checking Rule W287a (Rule 165 of total 292) .... done (Time = 0.00s, Memory = 0.0K)
    Checking Rule W287b (Rule 166 of total 292) .... done (Time = 0.00s, Memory = 0.0K)
    Checking Rule W293 (Rule 167 of total 292) .... done (Time = 0.00s, Memory = 0.0K)
    Checking Rule W398 (Rule 168 of total 292) .... done (Time = 0.00s, Memory = 0.0K)
    Checking Rule W424 (Rule 169 of total 292) .... done (Time = 0.00s, Memory = 0.0K)
    Checking Rule W467 (Rule 170 of total 292) .... done (Time = 0.00s, Memory = 0.0K)
    Checking Rule W505 (Rule 171 of total 292) .... done (Time = 0.00s, Memory = 0.0K)
    Checking Rule W505 (Rule 172 of total 292) .... done (Time = 0.00s, Memory = 0.0K)
    Checking Rule W528 (Rule 173 of total 292) .... done (Time = 0.00s, Memory = 0.0K)
    Checking Rule W528 (Rule 174 of total 292) .... done (Time = 0.00s, Memory = 512.0K)
    Checking Rule Prereqs_Usage (Rule 175 of total 292) .... done (Time = 0.00s, Memory = 0.0K)
    Checking Rule Prereqs_ConstantInput-ML (Rule 176 of total 292) .... done (Time = 0.00s, Memory = 0.0K)
    Checking Rule ReportPortInfo-ML (Rule 177 of total 292) .... done (Time = 0.00s, Memory = 0.0K)
    Checking Rule Prereqs_ReportPortInfo-ML (Rule 178 of total 292) .... done (Time = 0.00s, Memory = 0.0K)
    Checking Rule Prereqs_ReportPortInfo-ML (Rule 179 of total 292) .... done (Time = 0.00s, Memory = 0.0K)
    Checking Rule Prereqs_Elab_Hier_Dialog (Rule 180 of total 292) .... done (Time = 0.00s, Memory = 0.0K)
    Checking Rule NoAssignX-ML (Rule 181 of total 292) .... done (Time = 0.00s, Memory = 0.0K)
    Checking Rule ParamWidthMismatch-ML (Rule 182 of total 292) .... done (Time = 0.00s, Memory = 0.0K)
    Checking Rule Postreqs_Usage_ML (Rule 183 of total 292) .... done (Time = 0.00s, Memory = 0.0K)
    Checking Rule NoXInCase-ML (Rule 184 of total 292) .... done (Time = 0.00s, Memory = 0.0K)
Checking ELABDU Rules for designUnit tlul_err
    Checking Rule Ac_classify_param01 (Rule 118 of total 292) .... done (Time = 0.00s, Memory = 0.0K)
    Checking Rule AcOvlRtl (Rule 119 of total 292) .... done (Time = 0.00s, Memory = 0.0K)
    Checking Rule AcOvlRtl (Rule 120 of total 292) .... done (Time = 0.00s, Memory = 0.0K)
    Checking Rule GenTopLevelBlocksForAutoSoc (Rule 121 of total 292) .... done (Time = 0.00s, Memory = 0.0K)
    Checking Rule Prereqs_InferLatch (Rule 122 of total 292) .... done (Time = 0.00s, Memory = 0.0K)
    Checking Rule STARC05-2.1.4.5 (Rule 123 of total 292) .... done (Time = 0.00s, Memory = 0.0K)
    Checking Rule STARC05-2.1.5.3 (Rule 124 of total 292) .... done (Time = 0.00s, Memory = 0.0K)
    Checking Rule STARC05-2.2.3.3 (Rule 125 of total 292) .... done (Time = 0.00s, Memory = 0.0K)
    Checking Rule STARC05-2.3.1.6 (Rule 126 of total 292) .... done (Time = 0.00s, Memory = 0.0K)
    Checking Rule STARC05-2.10.2.3 (Rule 127 of total 292) .... done (Time = 0.00s, Memory = 0.0K)
    Checking Rule STARC05-2.10.3.2a (Rule 128 of total 292) .... done (Time = 0.00s, Memory = 0.0K)
    Checking Rule STARC05-2.11.3.1 (Rule 129 of total 292) .... done (Time = 0.00s, Memory = 0.0K)
    Checking Rule STARC05-2.1.3.1 (Rule 130 of total 292) .... done (Time = 0.00s, Memory = 0.0K)
    Checking Rule STARC05-2.10.1.4a (Rule 131 of total 292) .... done (Time = 0.00s, Memory = 0.0K)
    Checking Rule STARC05-2.10.1.4b (Rule 132 of total 292) .... done (Time = 0.00s, Memory = 0.0K)
    Checking Rule sim_race02 (Rule 133 of total 292) .... done (Time = 0.00s, Memory = 0.0K)
    Checking Rule W339a (Rule 134 of total 292) .... done (Time = 0.00s, Memory = 0.0K)
    Checking Rule W110 (Rule 135 of total 292) .... done (Time = 0.00s, Memory = 0.0K)
    Checking Rule W122 (Rule 136 of total 292) .... done (Time = 0.00s, Memory = 0.0K)
    Checking Rule W496a (Rule 137 of total 292) .... done (Time = 0.00s, Memory = 0.0K)
    Checking Rule W496b (Rule 138 of total 292) .... done (Time = 0.00s, Memory = 0.0K)
    Checking Rule W19 (Rule 139 of total 292) .... done (Time = 0.00s, Memory = 0.0K)
    Checking Rule W66 (Rule 140 of total 292) .... done (Time = 0.00s, Memory = 0.0K)
    Checking Rule W116 (Rule 141 of total 292) .... done (Time = 0.00s, Memory = 0.0K)
    Checking Rule W123 (Rule 142 of total 292) .... done (Time = 0.00s, Memory = 0.0K)
    Checking Rule W156 (Rule 143 of total 292) .... done (Time = 0.00s, Memory = 0.0K)
    Checking Rule W215 (Rule 144 of total 292) .... done (Time = 0.00s, Memory = 0.0K)
    Checking Rule W216 (Rule 145 of total 292) .... done (Time = 0.00s, Memory = 0.0K)
    Checking Rule W218 (Rule 146 of total 292) .... done (Time = 0.00s, Memory = 0.0K)
    Checking Rule W224 (Rule 147 of total 292) .... done (Time = 0.00s, Memory = 0.0K)
    Checking Rule W263 (Rule 148 of total 292) .... done (Time = 0.00s, Memory = 0.0K)
    Checking Rule W289 (Rule 149 of total 292) .... done (Time = 0.00s, Memory = 0.0K)
    Checking Rule W337 (Rule 150 of total 292) .... done (Time = 0.00s, Memory = 0.0K)
    Checking Rule W416 (Rule 151 of total 292) .... done (Time = 0.00s, Memory = 0.0K)
    Checking Rule W352 (Rule 152 of total 292) .... done (Time = 0.00s, Memory = 0.0K)
    Checking Rule W362 (Rule 153 of total 292) .... done (Time = 0.00s, Memory = 0.0K)
    Checking Rule W415a (Rule 154 of total 292) .... done (Time = 0.00s, Memory = -16.0K)
    Checking Rule W486 (Rule 155 of total 292) .... done (Time = 0.00s, Memory = 0.0K)
    Checking Rule W499 (Rule 156 of total 292) .... done (Time = 0.00s, Memory = 0.0K)
    Checking Rule W502 (Rule 157 of total 292) .... done (Time = 0.00s, Memory = 0.0K)
    Checking Rule W116 (Rule 158 of total 292) .... done (Time = 0.00s, Memory = 0.0K)
    Checking Rule W122 (Rule 159 of total 292) .... done (Time = 0.00s, Memory = 0.0K)
    Checking Rule W123 (Rule 160 of total 292) .... done (Time = 0.00s, Memory = 0.0K)
    Checking Rule W156 (Rule 161 of total 292) .... done (Time = 0.00s, Memory = 0.0K)
    Checking Rule W71 (Rule 162 of total 292) .... done (Time = 0.00s, Memory = 0.0K)
    Checking Rule W240 (Rule 163 of total 292) .... done (Time = 0.00s, Memory = 0.0K)
    Checking Rule W240 (Rule 164 of total 292) .... done (Time = 0.00s, Memory = 0.0K)
    Checking Rule W287a (Rule 165 of total 292) .... done (Time = 0.00s, Memory = 0.0K)
    Checking Rule W287b (Rule 166 of total 292) .... done (Time = 0.00s, Memory = 0.0K)
    Checking Rule W293 (Rule 167 of total 292) .... done (Time = 0.00s, Memory = 0.0K)
    Checking Rule W398 (Rule 168 of total 292) .... done (Time = 0.00s, Memory = 0.0K)
    Checking Rule W424 (Rule 169 of total 292) .... done (Time = 0.00s, Memory = 0.0K)
    Checking Rule W467 (Rule 170 of total 292) .... done (Time = 0.00s, Memory = 0.0K)
    Checking Rule W505 (Rule 171 of total 292) .... done (Time = 0.00s, Memory = 0.0K)
    Checking Rule W505 (Rule 172 of total 292) .... done (Time = 0.00s, Memory = 0.0K)
    Checking Rule W528 (Rule 173 of total 292) .... done (Time = 0.00s, Memory = 0.0K)
    Checking Rule W528 (Rule 174 of total 292) .... done (Time = 0.00s, Memory = 512.0K)
    Checking Rule Prereqs_Usage (Rule 175 of total 292) .... done (Time = 0.00s, Memory = 0.0K)
    Checking Rule Prereqs_ConstantInput-ML (Rule 176 of total 292) .... done (Time = 0.00s, Memory = 0.0K)
    Checking Rule ReportPortInfo-ML (Rule 177 of total 292) .... done (Time = 0.00s, Memory = 0.0K)
    Checking Rule Prereqs_ReportPortInfo-ML (Rule 178 of total 292) .... done (Time = 0.00s, Memory = 0.0K)
    Checking Rule Prereqs_ReportPortInfo-ML (Rule 179 of total 292) .... done (Time = 0.00s, Memory = 0.0K)
    Checking Rule Prereqs_Elab_Hier_Dialog (Rule 180 of total 292) .... done (Time = 0.00s, Memory = 0.0K)
    Checking Rule NoAssignX-ML (Rule 181 of total 292) .... done (Time = 0.00s, Memory = 0.0K)
    Checking Rule ParamWidthMismatch-ML (Rule 182 of total 292) .... done (Time = 0.00s, Memory = 0.0K)
    Checking Rule Postreqs_Usage_ML (Rule 183 of total 292) .... done (Time = 0.00s, Memory = 0.0K)
    Checking Rule NoXInCase-ML (Rule 184 of total 292) .... done (Time = 0.00s, Memory = 0.0K)
Checking ELABDU Rules for designUnit WORK_prim_subreg_1_1_1_0
    Checking Rule Ac_classify_param01 (Rule 118 of total 292) .... done (Time = 0.00s, Memory = 0.0K)
    Checking Rule AcOvlRtl (Rule 119 of total 292) .... done (Time = 0.00s, Memory = 0.0K)
    Checking Rule AcOvlRtl (Rule 120 of total 292) .... done (Time = 0.00s, Memory = 0.0K)
    Checking Rule GenTopLevelBlocksForAutoSoc (Rule 121 of total 292) .... done (Time = 0.00s, Memory = 0.0K)
    Checking Rule Prereqs_InferLatch (Rule 122 of total 292) .... done (Time = 0.00s, Memory = 0.0K)
    Checking Rule STARC05-2.1.4.5 (Rule 123 of total 292) .... done (Time = 0.00s, Memory = 0.0K)
    Checking Rule STARC05-2.1.5.3 (Rule 124 of total 292) .... done (Time = 0.00s, Memory = 0.0K)
    Checking Rule STARC05-2.2.3.3 (Rule 125 of total 292) .... done (Time = 0.00s, Memory = 0.0K)
    Checking Rule STARC05-2.3.1.6 (Rule 126 of total 292) .... done (Time = 0.00s, Memory = 0.0K)
    Checking Rule STARC05-2.10.2.3 (Rule 127 of total 292) .... done (Time = 0.00s, Memory = 0.0K)
    Checking Rule STARC05-2.10.3.2a (Rule 128 of total 292) .... done (Time = 0.00s, Memory = 0.0K)
    Checking Rule STARC05-2.11.3.1 (Rule 129 of total 292) .... done (Time = 0.00s, Memory = 0.0K)
    Checking Rule STARC05-2.1.3.1 (Rule 130 of total 292) .... done (Time = 0.00s, Memory = 0.0K)
    Checking Rule STARC05-2.10.1.4a (Rule 131 of total 292) .... done (Time = 0.00s, Memory = 0.0K)
    Checking Rule STARC05-2.10.1.4b (Rule 132 of total 292) .... done (Time = 0.00s, Memory = 0.0K)
    Checking Rule sim_race02 (Rule 133 of total 292) .... done (Time = 0.00s, Memory = 0.0K)
    Checking Rule W339a (Rule 134 of total 292) .... done (Time = 0.00s, Memory = 0.0K)
    Checking Rule W110 (Rule 135 of total 292) .... done (Time = 0.00s, Memory = 0.0K)
    Checking Rule W122 (Rule 136 of total 292) .... done (Time = 0.00s, Memory = 0.0K)
    Checking Rule W496a (Rule 137 of total 292) .... done (Time = 0.00s, Memory = 0.0K)
    Checking Rule W496b (Rule 138 of total 292) .... done (Time = 0.00s, Memory = 0.0K)
    Checking Rule W19 (Rule 139 of total 292) .... done (Time = 0.00s, Memory = 0.0K)
    Checking Rule W66 (Rule 140 of total 292) .... done (Time = 0.00s, Memory = 0.0K)
    Checking Rule W116 (Rule 141 of total 292) .... done (Time = 0.00s, Memory = 0.0K)
    Checking Rule W123 (Rule 142 of total 292) .... done (Time = 0.00s, Memory = 0.0K)
    Checking Rule W156 (Rule 143 of total 292) .... done (Time = 0.00s, Memory = 0.0K)
    Checking Rule W215 (Rule 144 of total 292) .... done (Time = 0.00s, Memory = 0.0K)
    Checking Rule W216 (Rule 145 of total 292) .... done (Time = 0.00s, Memory = 0.0K)
    Checking Rule W218 (Rule 146 of total 292) .... done (Time = 0.00s, Memory = 0.0K)
    Checking Rule W224 (Rule 147 of total 292) .... done (Time = 0.00s, Memory = 0.0K)
    Checking Rule W263 (Rule 148 of total 292) .... done (Time = 0.00s, Memory = 0.0K)
    Checking Rule W289 (Rule 149 of total 292) .... done (Time = 0.00s, Memory = 0.0K)
    Checking Rule W337 (Rule 150 of total 292) .... done (Time = 0.00s, Memory = 0.0K)
    Checking Rule W416 (Rule 151 of total 292) .... done (Time = 0.00s, Memory = 0.0K)
    Checking Rule W352 (Rule 152 of total 292) .... done (Time = 0.00s, Memory = 0.0K)
    Checking Rule W362 (Rule 153 of total 292) .... done (Time = 0.00s, Memory = 0.0K)
    Checking Rule W415a (Rule 154 of total 292) .... done (Time = 0.00s, Memory = 0.0K)
    Checking Rule W486 (Rule 155 of total 292) .... done (Time = 0.00s, Memory = 0.0K)
    Checking Rule W499 (Rule 156 of total 292) .... done (Time = 0.00s, Memory = 0.0K)
    Checking Rule W502 (Rule 157 of total 292) .... done (Time = 0.00s, Memory = 0.0K)
    Checking Rule W116 (Rule 158 of total 292) .... done (Time = 0.00s, Memory = 0.0K)
    Checking Rule W122 (Rule 159 of total 292) .... done (Time = 0.00s, Memory = 0.0K)
    Checking Rule W123 (Rule 160 of total 292) .... done (Time = 0.00s, Memory = 0.0K)
    Checking Rule W156 (Rule 161 of total 292) .... done (Time = 0.00s, Memory = 0.0K)
    Checking Rule W71 (Rule 162 of total 292) .... done (Time = 0.00s, Memory = 0.0K)
    Checking Rule W240 (Rule 163 of total 292) .... done (Time = 0.00s, Memory = 0.0K)
    Checking Rule W240 (Rule 164 of total 292) .... done (Time = 0.00s, Memory = 0.0K)
    Checking Rule W287a (Rule 165 of total 292) .... done (Time = 0.00s, Memory = 0.0K)
    Checking Rule W287b (Rule 166 of total 292) .... done (Time = 0.00s, Memory = 0.0K)
    Checking Rule W293 (Rule 167 of total 292) .... done (Time = 0.00s, Memory = 0.0K)
    Checking Rule W398 (Rule 168 of total 292) .... done (Time = 0.00s, Memory = 0.0K)
    Checking Rule W424 (Rule 169 of total 292) .... done (Time = 0.00s, Memory = 0.0K)
    Checking Rule W467 (Rule 170 of total 292) .... done (Time = 0.00s, Memory = 0.0K)
    Checking Rule W505 (Rule 171 of total 292) .... done (Time = 0.00s, Memory = 0.0K)
    Checking Rule W505 (Rule 172 of total 292) .... done (Time = 0.00s, Memory = 0.0K)
    Checking Rule W528 (Rule 173 of total 292) .... done (Time = 0.00s, Memory = 0.0K)
    Checking Rule W528 (Rule 174 of total 292) .... done (Time = 0.00s, Memory = 512.0K)
    Checking Rule Prereqs_Usage (Rule 175 of total 292) .... done (Time = 0.00s, Memory = 0.0K)
    Checking Rule Prereqs_ConstantInput-ML (Rule 176 of total 292) .... done (Time = 0.00s, Memory = 0.0K)
    Checking Rule ReportPortInfo-ML (Rule 177 of total 292) .... done (Time = 0.00s, Memory = 0.0K)
    Checking Rule Prereqs_ReportPortInfo-ML (Rule 178 of total 292) .... done (Time = 0.00s, Memory = 0.0K)
    Checking Rule Prereqs_ReportPortInfo-ML (Rule 179 of total 292) .... done (Time = 0.00s, Memory = 0.0K)
    Checking Rule Prereqs_Elab_Hier_Dialog (Rule 180 of total 292) .... done (Time = 0.00s, Memory = 0.0K)
    Checking Rule NoAssignX-ML (Rule 181 of total 292) .... done (Time = 0.00s, Memory = 0.0K)
    Checking Rule ParamWidthMismatch-ML (Rule 182 of total 292) .... done (Time = 0.00s, Memory = 0.0K)
    Checking Rule Postreqs_Usage_ML (Rule 183 of total 292) .... done (Time = 0.00s, Memory = 0.0K)
    Checking Rule NoXInCase-ML (Rule 184 of total 292) .... done (Time = 0.00s, Memory = 0.0K)
Checking ELABDU Rules for designUnit WORK_prim_subreg_arb_1_1_0
    Checking Rule Ac_classify_param01 (Rule 118 of total 292) .... done (Time = 0.00s, Memory = 0.0K)
    Checking Rule AcOvlRtl (Rule 119 of total 292) .... done (Time = 0.00s, Memory = 0.0K)
    Checking Rule AcOvlRtl (Rule 120 of total 292) .... done (Time = 0.00s, Memory = 0.0K)
    Checking Rule GenTopLevelBlocksForAutoSoc (Rule 121 of total 292) .... done (Time = 0.00s, Memory = 0.0K)
    Checking Rule Prereqs_InferLatch (Rule 122 of total 292) .... done (Time = 0.00s, Memory = 0.0K)
    Checking Rule STARC05-2.1.4.5 (Rule 123 of total 292) .... done (Time = 0.00s, Memory = 0.0K)
    Checking Rule STARC05-2.1.5.3 (Rule 124 of total 292) .... done (Time = 0.00s, Memory = 0.0K)
    Checking Rule STARC05-2.2.3.3 (Rule 125 of total 292) .... done (Time = 0.00s, Memory = 0.0K)
    Checking Rule STARC05-2.3.1.6 (Rule 126 of total 292) .... done (Time = 0.00s, Memory = 0.0K)
    Checking Rule STARC05-2.10.2.3 (Rule 127 of total 292) .... done (Time = 0.00s, Memory = 0.0K)
    Checking Rule STARC05-2.10.3.2a (Rule 128 of total 292) .... done (Time = 0.00s, Memory = 0.0K)
    Checking Rule STARC05-2.11.3.1 (Rule 129 of total 292) .... done (Time = 0.00s, Memory = 0.0K)
    Checking Rule STARC05-2.1.3.1 (Rule 130 of total 292) .... done (Time = 0.00s, Memory = 0.0K)
    Checking Rule STARC05-2.10.1.4a (Rule 131 of total 292) .... done (Time = 0.00s, Memory = 0.0K)
    Checking Rule STARC05-2.10.1.4b (Rule 132 of total 292) .... done (Time = 0.00s, Memory = 0.0K)
    Checking Rule sim_race02 (Rule 133 of total 292) .... done (Time = 0.00s, Memory = 0.0K)
    Checking Rule W339a (Rule 134 of total 292) .... done (Time = 0.00s, Memory = 0.0K)
    Checking Rule W110 (Rule 135 of total 292) .... done (Time = 0.00s, Memory = 0.0K)
    Checking Rule W122 (Rule 136 of total 292) .... done (Time = 0.00s, Memory = 0.0K)
    Checking Rule W496a (Rule 137 of total 292) .... done (Time = 0.00s, Memory = 0.0K)
    Checking Rule W496b (Rule 138 of total 292) .... done (Time = 0.00s, Memory = 0.0K)
    Checking Rule W19 (Rule 139 of total 292) .... done (Time = 0.00s, Memory = 0.0K)
    Checking Rule W66 (Rule 140 of total 292) .... done (Time = 0.00s, Memory = 0.0K)
    Checking Rule W116 (Rule 141 of total 292) .... done (Time = 0.00s, Memory = 0.0K)
    Checking Rule W123 (Rule 142 of total 292) .... done (Time = 0.00s, Memory = 0.0K)
    Checking Rule W156 (Rule 143 of total 292) .... done (Time = 0.00s, Memory = 0.0K)
    Checking Rule W215 (Rule 144 of total 292) .... done (Time = 0.00s, Memory = 0.0K)
    Checking Rule W216 (Rule 145 of total 292) .... done (Time = 0.00s, Memory = 0.0K)
    Checking Rule W218 (Rule 146 of total 292) .... done (Time = 0.00s, Memory = 0.0K)
    Checking Rule W224 (Rule 147 of total 292) .... done (Time = 0.00s, Memory = 0.0K)
    Checking Rule W263 (Rule 148 of total 292) .... done (Time = 0.00s, Memory = 0.0K)
    Checking Rule W289 (Rule 149 of total 292) .... done (Time = 0.00s, Memory = 0.0K)
    Checking Rule W337 (Rule 150 of total 292) .... done (Time = 0.00s, Memory = 0.0K)
    Checking Rule W416 (Rule 151 of total 292) .... done (Time = 0.00s, Memory = 0.0K)
    Checking Rule W352 (Rule 152 of total 292) .... done (Time = 0.00s, Memory = 0.0K)
    Checking Rule W362 (Rule 153 of total 292) .... done (Time = 0.00s, Memory = 0.0K)
    Checking Rule W415a (Rule 154 of total 292) .... done (Time = 0.00s, Memory = 0.0K)
    Checking Rule W486 (Rule 155 of total 292) .... done (Time = 0.00s, Memory = 0.0K)
    Checking Rule W499 (Rule 156 of total 292) .... done (Time = 0.00s, Memory = 0.0K)
    Checking Rule W502 (Rule 157 of total 292) .... done (Time = 0.00s, Memory = 0.0K)
    Checking Rule W116 (Rule 158 of total 292) .... done (Time = 0.00s, Memory = 0.0K)
    Checking Rule W122 (Rule 159 of total 292) .... done (Time = 0.00s, Memory = 0.0K)
    Checking Rule W123 (Rule 160 of total 292) .... done (Time = 0.00s, Memory = 0.0K)
    Checking Rule W156 (Rule 161 of total 292) .... done (Time = 0.00s, Memory = 0.0K)
    Checking Rule W71 (Rule 162 of total 292) .... done (Time = 0.00s, Memory = 0.0K)
    Checking Rule W240 (Rule 163 of total 292) .... done (Time = 0.00s, Memory = 0.0K)
    Checking Rule W240 (Rule 164 of total 292) .... done (Time = 0.00s, Memory = 0.0K)
    Checking Rule W287a (Rule 165 of total 292) .... done (Time = 0.00s, Memory = 0.0K)
    Checking Rule W287b (Rule 166 of total 292) .... done (Time = 0.00s, Memory = 0.0K)
    Checking Rule W293 (Rule 167 of total 292) .... done (Time = 0.00s, Memory = 0.0K)
    Checking Rule W398 (Rule 168 of total 292) .... done (Time = 0.00s, Memory = 0.0K)
    Checking Rule W424 (Rule 169 of total 292) .... done (Time = 0.00s, Memory = 0.0K)
    Checking Rule W467 (Rule 170 of total 292) .... done (Time = 0.00s, Memory = 0.0K)
    Checking Rule W505 (Rule 171 of total 292) .... done (Time = 0.01s, Memory = 0.0K)
    Checking Rule W505 (Rule 172 of total 292) .... done (Time = 0.00s, Memory = 0.0K)
    Checking Rule W528 (Rule 173 of total 292) .... done (Time = 0.00s, Memory = 0.0K)
    Checking Rule W528 (Rule 174 of total 292) .... done (Time = 0.00s, Memory = 512.0K)
    Checking Rule Prereqs_Usage (Rule 175 of total 292) .... done (Time = 0.00s, Memory = 0.0K)
    Checking Rule Prereqs_ConstantInput-ML (Rule 176 of total 292) .... done (Time = 0.00s, Memory = 0.0K)
    Checking Rule ReportPortInfo-ML (Rule 177 of total 292) .... done (Time = 0.00s, Memory = 0.0K)
    Checking Rule Prereqs_ReportPortInfo-ML (Rule 178 of total 292) .... done (Time = 0.00s, Memory = 0.0K)
    Checking Rule Prereqs_ReportPortInfo-ML (Rule 179 of total 292) .... done (Time = 0.00s, Memory = 0.0K)
    Checking Rule Prereqs_Elab_Hier_Dialog (Rule 180 of total 292) .... done (Time = 0.00s, Memory = 0.0K)
    Checking Rule NoAssignX-ML (Rule 181 of total 292) .... done (Time = 0.00s, Memory = 0.0K)
    Checking Rule ParamWidthMismatch-ML (Rule 182 of total 292) .... done (Time = 0.00s, Memory = 0.0K)
    Checking Rule Postreqs_Usage_ML (Rule 183 of total 292) .... done (Time = 0.00s, Memory = 0.0K)
    Checking Rule NoXInCase-ML (Rule 184 of total 292) .... done (Time = 0.00s, Memory = 0.0K)
Checking ELABDU Rules for designUnit WORK_prim_subreg_1_1_0_0
    Checking Rule Ac_classify_param01 (Rule 118 of total 292) .... done (Time = 0.00s, Memory = 0.0K)
    Checking Rule AcOvlRtl (Rule 119 of total 292) .... done (Time = 0.00s, Memory = 0.0K)
    Checking Rule AcOvlRtl (Rule 120 of total 292) .... done (Time = 0.00s, Memory = 0.0K)
    Checking Rule GenTopLevelBlocksForAutoSoc (Rule 121 of total 292) .... done (Time = 0.00s, Memory = 0.0K)
    Checking Rule Prereqs_InferLatch (Rule 122 of total 292) .... done (Time = 0.00s, Memory = 0.0K)
    Checking Rule STARC05-2.1.4.5 (Rule 123 of total 292) .... done (Time = 0.00s, Memory = 0.0K)
    Checking Rule STARC05-2.1.5.3 (Rule 124 of total 292) .... done (Time = 0.00s, Memory = 0.0K)
    Checking Rule STARC05-2.2.3.3 (Rule 125 of total 292) .... done (Time = 0.00s, Memory = 0.0K)
    Checking Rule STARC05-2.3.1.6 (Rule 126 of total 292) .... done (Time = 0.00s, Memory = 0.0K)
    Checking Rule STARC05-2.10.2.3 (Rule 127 of total 292) .... done (Time = 0.00s, Memory = 0.0K)
    Checking Rule STARC05-2.10.3.2a (Rule 128 of total 292) .... done (Time = 0.00s, Memory = 0.0K)
    Checking Rule STARC05-2.11.3.1 (Rule 129 of total 292) .... done (Time = 0.00s, Memory = 0.0K)
    Checking Rule STARC05-2.1.3.1 (Rule 130 of total 292) .... done (Time = 0.00s, Memory = 0.0K)
    Checking Rule STARC05-2.10.1.4a (Rule 131 of total 292) .... done (Time = 0.00s, Memory = 0.0K)
    Checking Rule STARC05-2.10.1.4b (Rule 132 of total 292) .... done (Time = 0.00s, Memory = 0.0K)
    Checking Rule sim_race02 (Rule 133 of total 292) .... done (Time = 0.00s, Memory = 0.0K)
    Checking Rule W339a (Rule 134 of total 292) .... done (Time = 0.00s, Memory = 0.0K)
    Checking Rule W110 (Rule 135 of total 292) .... done (Time = 0.00s, Memory = 0.0K)
    Checking Rule W122 (Rule 136 of total 292) .... done (Time = 0.00s, Memory = 0.0K)
    Checking Rule W496a (Rule 137 of total 292) .... done (Time = 0.00s, Memory = 0.0K)
    Checking Rule W496b (Rule 138 of total 292) .... done (Time = 0.00s, Memory = 0.0K)
    Checking Rule W19 (Rule 139 of total 292) .... done (Time = 0.00s, Memory = 0.0K)
    Checking Rule W66 (Rule 140 of total 292) .... done (Time = 0.00s, Memory = 0.0K)
    Checking Rule W116 (Rule 141 of total 292) .... done (Time = 0.00s, Memory = 0.0K)
    Checking Rule W123 (Rule 142 of total 292) .... done (Time = 0.00s, Memory = 0.0K)
    Checking Rule W156 (Rule 143 of total 292) .... done (Time = 0.00s, Memory = 0.0K)
    Checking Rule W215 (Rule 144 of total 292) .... done (Time = 0.00s, Memory = 0.0K)
    Checking Rule W216 (Rule 145 of total 292) .... done (Time = 0.00s, Memory = 0.0K)
    Checking Rule W218 (Rule 146 of total 292) .... done (Time = 0.00s, Memory = 0.0K)
    Checking Rule W224 (Rule 147 of total 292) .... done (Time = 0.00s, Memory = 0.0K)
    Checking Rule W263 (Rule 148 of total 292) .... done (Time = 0.00s, Memory = 0.0K)
    Checking Rule W289 (Rule 149 of total 292) .... done (Time = 0.00s, Memory = 0.0K)
    Checking Rule W337 (Rule 150 of total 292) .... done (Time = 0.00s, Memory = 0.0K)
    Checking Rule W416 (Rule 151 of total 292) .... done (Time = 0.00s, Memory = 0.0K)
    Checking Rule W352 (Rule 152 of total 292) .... done (Time = 0.00s, Memory = 0.0K)
    Checking Rule W362 (Rule 153 of total 292) .... done (Time = 0.00s, Memory = 0.0K)
    Checking Rule W415a (Rule 154 of total 292) .... done (Time = 0.00s, Memory = 0.0K)
    Checking Rule W486 (Rule 155 of total 292) .... done (Time = 0.00s, Memory = 0.0K)
    Checking Rule W499 (Rule 156 of total 292) .... done (Time = 0.00s, Memory = 0.0K)
    Checking Rule W502 (Rule 157 of total 292) .... done (Time = 0.00s, Memory = 0.0K)
    Checking Rule W116 (Rule 158 of total 292) .... done (Time = 0.00s, Memory = 0.0K)
    Checking Rule W122 (Rule 159 of total 292) .... done (Time = 0.00s, Memory = 0.0K)
    Checking Rule W123 (Rule 160 of total 292) .... done (Time = 0.00s, Memory = 0.0K)
    Checking Rule W156 (Rule 161 of total 292) .... done (Time = 0.00s, Memory = 0.0K)
    Checking Rule W71 (Rule 162 of total 292) .... done (Time = 0.00s, Memory = 0.0K)
    Checking Rule W240 (Rule 163 of total 292) .... done (Time = 0.00s, Memory = 0.0K)
    Checking Rule W240 (Rule 164 of total 292) .... done (Time = 0.00s, Memory = 0.0K)
    Checking Rule W287a (Rule 165 of total 292) .... done (Time = 0.00s, Memory = 0.0K)
    Checking Rule W287b (Rule 166 of total 292) .... done (Time = 0.00s, Memory = 0.0K)
    Checking Rule W293 (Rule 167 of total 292) .... done (Time = 0.00s, Memory = 0.0K)
    Checking Rule W398 (Rule 168 of total 292) .... done (Time = 0.00s, Memory = 0.0K)
    Checking Rule W424 (Rule 169 of total 292) .... done (Time = 0.00s, Memory = 0.0K)
    Checking Rule W467 (Rule 170 of total 292) .... done (Time = 0.00s, Memory = 0.0K)
    Checking Rule W505 (Rule 171 of total 292) .... done (Time = 0.00s, Memory = 0.0K)
    Checking Rule W505 (Rule 172 of total 292) .... done (Time = 0.00s, Memory = 0.0K)
    Checking Rule W528 (Rule 173 of total 292) .... done (Time = 0.00s, Memory = 0.0K)
    Checking Rule W528 (Rule 174 of total 292) .... done (Time = 0.00s, Memory = 512.0K)
    Checking Rule Prereqs_Usage (Rule 175 of total 292) .... done (Time = 0.00s, Memory = 0.0K)
    Checking Rule Prereqs_ConstantInput-ML (Rule 176 of total 292) .... done (Time = 0.00s, Memory = 0.0K)
    Checking Rule ReportPortInfo-ML (Rule 177 of total 292) .... done (Time = 0.00s, Memory = 0.0K)
    Checking Rule Prereqs_ReportPortInfo-ML (Rule 178 of total 292) .... done (Time = 0.00s, Memory = 0.0K)
    Checking Rule Prereqs_ReportPortInfo-ML (Rule 179 of total 292) .... done (Time = 0.00s, Memory = 0.0K)
    Checking Rule Prereqs_Elab_Hier_Dialog (Rule 180 of total 292) .... done (Time = 0.00s, Memory = 0.0K)
    Checking Rule NoAssignX-ML (Rule 181 of total 292) .... done (Time = 0.00s, Memory = 0.0K)
    Checking Rule ParamWidthMismatch-ML (Rule 182 of total 292) .... done (Time = 0.00s, Memory = 0.0K)
    Checking Rule Postreqs_Usage_ML (Rule 183 of total 292) .... done (Time = 0.00s, Memory = 0.0K)
    Checking Rule NoXInCase-ML (Rule 184 of total 292) .... done (Time = 0.00s, Memory = 0.0K)
Checking ELABDU Rules for designUnit WORK_prim_subreg_1_3_0_0
    Checking Rule Ac_classify_param01 (Rule 118 of total 292) .... done (Time = 0.00s, Memory = 0.0K)
    Checking Rule AcOvlRtl (Rule 119 of total 292) .... done (Time = 0.00s, Memory = 0.0K)
    Checking Rule AcOvlRtl (Rule 120 of total 292) .... done (Time = 0.00s, Memory = 0.0K)
    Checking Rule GenTopLevelBlocksForAutoSoc (Rule 121 of total 292) .... done (Time = 0.00s, Memory = 0.0K)
    Checking Rule Prereqs_InferLatch (Rule 122 of total 292) .... done (Time = 0.00s, Memory = 0.0K)
    Checking Rule STARC05-2.1.4.5 (Rule 123 of total 292) .... done (Time = 0.00s, Memory = 0.0K)
    Checking Rule STARC05-2.1.5.3 (Rule 124 of total 292) .... done (Time = 0.00s, Memory = 0.0K)
    Checking Rule STARC05-2.2.3.3 (Rule 125 of total 292) .... done (Time = 0.00s, Memory = 0.0K)
    Checking Rule STARC05-2.3.1.6 (Rule 126 of total 292) .... done (Time = 0.00s, Memory = 0.0K)
    Checking Rule STARC05-2.10.2.3 (Rule 127 of total 292) .... done (Time = 0.00s, Memory = 0.0K)
    Checking Rule STARC05-2.10.3.2a (Rule 128 of total 292) .... done (Time = 0.00s, Memory = 0.0K)
    Checking Rule STARC05-2.11.3.1 (Rule 129 of total 292) .... done (Time = 0.00s, Memory = 0.0K)
    Checking Rule STARC05-2.1.3.1 (Rule 130 of total 292) .... done (Time = 0.00s, Memory = 0.0K)
    Checking Rule STARC05-2.10.1.4a (Rule 131 of total 292) .... done (Time = 0.00s, Memory = 0.0K)
    Checking Rule STARC05-2.10.1.4b (Rule 132 of total 292) .... done (Time = 0.00s, Memory = 0.0K)
    Checking Rule sim_race02 (Rule 133 of total 292) .... done (Time = 0.00s, Memory = 0.0K)
    Checking Rule W339a (Rule 134 of total 292) .... done (Time = 0.00s, Memory = 0.0K)
    Checking Rule W110 (Rule 135 of total 292) .... done (Time = 0.00s, Memory = 0.0K)
    Checking Rule W122 (Rule 136 of total 292) .... done (Time = 0.00s, Memory = 0.0K)
    Checking Rule W496a (Rule 137 of total 292) .... done (Time = 0.00s, Memory = 0.0K)
    Checking Rule W496b (Rule 138 of total 292) .... done (Time = 0.00s, Memory = 0.0K)
    Checking Rule W19 (Rule 139 of total 292) .... done (Time = 0.00s, Memory = 0.0K)
    Checking Rule W66 (Rule 140 of total 292) .... done (Time = 0.00s, Memory = 0.0K)
    Checking Rule W116 (Rule 141 of total 292) .... done (Time = 0.00s, Memory = 0.0K)
    Checking Rule W123 (Rule 142 of total 292) .... done (Time = 0.00s, Memory = 0.0K)
    Checking Rule W156 (Rule 143 of total 292) .... done (Time = 0.00s, Memory = 0.0K)
    Checking Rule W215 (Rule 144 of total 292) .... done (Time = 0.00s, Memory = 0.0K)
    Checking Rule W216 (Rule 145 of total 292) .... done (Time = 0.00s, Memory = 0.0K)
    Checking Rule W218 (Rule 146 of total 292) .... done (Time = 0.00s, Memory = 0.0K)
    Checking Rule W224 (Rule 147 of total 292) .... done (Time = 0.00s, Memory = 0.0K)
    Checking Rule W263 (Rule 148 of total 292) .... done (Time = 0.00s, Memory = 0.0K)
    Checking Rule W289 (Rule 149 of total 292) .... done (Time = 0.00s, Memory = 0.0K)
    Checking Rule W337 (Rule 150 of total 292) .... done (Time = 0.00s, Memory = 0.0K)
    Checking Rule W416 (Rule 151 of total 292) .... done (Time = 0.00s, Memory = 0.0K)
    Checking Rule W352 (Rule 152 of total 292) .... done (Time = 0.00s, Memory = 0.0K)
    Checking Rule W362 (Rule 153 of total 292) .... done (Time = 0.00s, Memory = 0.0K)
    Checking Rule W415a (Rule 154 of total 292) .... done (Time = 0.00s, Memory = 0.0K)
    Checking Rule W486 (Rule 155 of total 292) .... done (Time = 0.00s, Memory = 0.0K)
    Checking Rule W499 (Rule 156 of total 292) .... done (Time = 0.00s, Memory = 0.0K)
    Checking Rule W502 (Rule 157 of total 292) .... done (Time = 0.00s, Memory = 0.0K)
    Checking Rule W116 (Rule 158 of total 292) .... done (Time = 0.00s, Memory = 0.0K)
    Checking Rule W122 (Rule 159 of total 292) .... done (Time = 0.00s, Memory = 0.0K)
    Checking Rule W123 (Rule 160 of total 292) .... done (Time = 0.00s, Memory = 0.0K)
    Checking Rule W156 (Rule 161 of total 292) .... done (Time = 0.00s, Memory = 0.0K)
    Checking Rule W71 (Rule 162 of total 292) .... done (Time = 0.00s, Memory = 0.0K)
    Checking Rule W240 (Rule 163 of total 292) .... done (Time = 0.00s, Memory = 0.0K)
    Checking Rule W240 (Rule 164 of total 292) .... done (Time = 0.00s, Memory = 0.0K)
    Checking Rule W287a (Rule 165 of total 292) .... done (Time = 0.00s, Memory = 0.0K)
    Checking Rule W287b (Rule 166 of total 292) .... done (Time = 0.00s, Memory = 0.0K)
    Checking Rule W293 (Rule 167 of total 292) .... done (Time = 0.00s, Memory = 0.0K)
    Checking Rule W398 (Rule 168 of total 292) .... done (Time = 0.00s, Memory = 0.0K)
    Checking Rule W424 (Rule 169 of total 292) .... done (Time = 0.00s, Memory = 0.0K)
    Checking Rule W467 (Rule 170 of total 292) .... done (Time = 0.00s, Memory = 0.0K)
    Checking Rule W505 (Rule 171 of total 292) .... done (Time = 0.00s, Memory = 0.0K)
    Checking Rule W505 (Rule 172 of total 292) .... done (Time = 0.00s, Memory = 0.0K)
    Checking Rule W528 (Rule 173 of total 292) .... done (Time = 0.00s, Memory = 0.0K)
    Checking Rule W528 (Rule 174 of total 292) .... done (Time = 0.00s, Memory = 512.0K)
    Checking Rule Prereqs_Usage (Rule 175 of total 292) .... done (Time = 0.00s, Memory = 0.0K)
    Checking Rule Prereqs_ConstantInput-ML (Rule 176 of total 292) .... done (Time = 0.00s, Memory = 0.0K)
    Checking Rule ReportPortInfo-ML (Rule 177 of total 292) .... done (Time = 0.00s, Memory = 0.0K)
    Checking Rule Prereqs_ReportPortInfo-ML (Rule 178 of total 292) .... done (Time = 0.00s, Memory = 0.0K)
    Checking Rule Prereqs_ReportPortInfo-ML (Rule 179 of total 292) .... done (Time = 0.00s, Memory = 0.0K)
    Checking Rule Prereqs_Elab_Hier_Dialog (Rule 180 of total 292) .... done (Time = 0.00s, Memory = 0.0K)
    Checking Rule NoAssignX-ML (Rule 181 of total 292) .... done (Time = 0.00s, Memory = 0.0K)
    Checking Rule ParamWidthMismatch-ML (Rule 182 of total 292) .... done (Time = 0.00s, Memory = 0.0K)
    Checking Rule Postreqs_Usage_ML (Rule 183 of total 292) .... done (Time = 0.00s, Memory = 0.0K)
    Checking Rule NoXInCase-ML (Rule 184 of total 292) .... done (Time = 0.00s, Memory = 0.0K)
Checking ELABDU Rules for designUnit WORK_prim_subreg_arb_1_3_0
    Checking Rule Ac_classify_param01 (Rule 118 of total 292) .... done (Time = 0.00s, Memory = 0.0K)
    Checking Rule AcOvlRtl (Rule 119 of total 292) .... done (Time = 0.00s, Memory = 0.0K)
    Checking Rule AcOvlRtl (Rule 120 of total 292) .... done (Time = 0.00s, Memory = 0.0K)
    Checking Rule GenTopLevelBlocksForAutoSoc (Rule 121 of total 292) .... done (Time = 0.00s, Memory = 0.0K)
    Checking Rule Prereqs_InferLatch (Rule 122 of total 292) .... done (Time = 0.00s, Memory = 0.0K)
    Checking Rule STARC05-2.1.4.5 (Rule 123 of total 292) .... done (Time = 0.00s, Memory = 0.0K)
    Checking Rule STARC05-2.1.5.3 (Rule 124 of total 292) .... done (Time = 0.00s, Memory = 0.0K)
    Checking Rule STARC05-2.2.3.3 (Rule 125 of total 292) .... done (Time = 0.00s, Memory = 0.0K)
    Checking Rule STARC05-2.3.1.6 (Rule 126 of total 292) .... done (Time = 0.00s, Memory = 0.0K)
    Checking Rule STARC05-2.10.2.3 (Rule 127 of total 292) .... done (Time = 0.00s, Memory = 0.0K)
    Checking Rule STARC05-2.10.3.2a (Rule 128 of total 292) .... done (Time = 0.00s, Memory = 0.0K)
    Checking Rule STARC05-2.11.3.1 (Rule 129 of total 292) .... done (Time = 0.00s, Memory = 0.0K)
    Checking Rule STARC05-2.1.3.1 (Rule 130 of total 292) .... done (Time = 0.00s, Memory = 0.0K)
    Checking Rule STARC05-2.10.1.4a (Rule 131 of total 292) .... done (Time = 0.00s, Memory = 0.0K)
    Checking Rule STARC05-2.10.1.4b (Rule 132 of total 292) .... done (Time = 0.00s, Memory = 0.0K)
    Checking Rule sim_race02 (Rule 133 of total 292) .... done (Time = 0.00s, Memory = 0.0K)
    Checking Rule W339a (Rule 134 of total 292) .... done (Time = 0.00s, Memory = 0.0K)
    Checking Rule W110 (Rule 135 of total 292) .... done (Time = 0.00s, Memory = 0.0K)
    Checking Rule W122 (Rule 136 of total 292) .... done (Time = 0.00s, Memory = 0.0K)
    Checking Rule W496a (Rule 137 of total 292) .... done (Time = 0.00s, Memory = 0.0K)
    Checking Rule W496b (Rule 138 of total 292) .... done (Time = 0.00s, Memory = 0.0K)
    Checking Rule W19 (Rule 139 of total 292) .... done (Time = 0.00s, Memory = 0.0K)
    Checking Rule W66 (Rule 140 of total 292) .... done (Time = 0.00s, Memory = 0.0K)
    Checking Rule W116 (Rule 141 of total 292) .... done (Time = 0.00s, Memory = 0.0K)
    Checking Rule W123 (Rule 142 of total 292) .... done (Time = 0.00s, Memory = 0.0K)
    Checking Rule W156 (Rule 143 of total 292) .... done (Time = 0.00s, Memory = 0.0K)
    Checking Rule W215 (Rule 144 of total 292) .... done (Time = 0.00s, Memory = 0.0K)
    Checking Rule W216 (Rule 145 of total 292) .... done (Time = 0.00s, Memory = 0.0K)
    Checking Rule W218 (Rule 146 of total 292) .... done (Time = 0.00s, Memory = 0.0K)
    Checking Rule W224 (Rule 147 of total 292) .... done (Time = 0.00s, Memory = 0.0K)
    Checking Rule W263 (Rule 148 of total 292) .... done (Time = 0.00s, Memory = 0.0K)
    Checking Rule W289 (Rule 149 of total 292) .... done (Time = 0.00s, Memory = 0.0K)
    Checking Rule W337 (Rule 150 of total 292) .... done (Time = 0.00s, Memory = 0.0K)
    Checking Rule W416 (Rule 151 of total 292) .... done (Time = 0.00s, Memory = 0.0K)
    Checking Rule W352 (Rule 152 of total 292) .... done (Time = 0.00s, Memory = 0.0K)
    Checking Rule W362 (Rule 153 of total 292) .... done (Time = 0.00s, Memory = 0.0K)
    Checking Rule W415a (Rule 154 of total 292) .... done (Time = 0.00s, Memory = 0.0K)
    Checking Rule W486 (Rule 155 of total 292) .... done (Time = 0.00s, Memory = 0.0K)
    Checking Rule W499 (Rule 156 of total 292) .... done (Time = 0.00s, Memory = 0.0K)
    Checking Rule W502 (Rule 157 of total 292) .... done (Time = 0.00s, Memory = 0.0K)
    Checking Rule W116 (Rule 158 of total 292) .... done (Time = 0.00s, Memory = 0.0K)
    Checking Rule W122 (Rule 159 of total 292) .... done (Time = 0.00s, Memory = 0.0K)
    Checking Rule W123 (Rule 160 of total 292) .... done (Time = 0.00s, Memory = 0.0K)
    Checking Rule W156 (Rule 161 of total 292) .... done (Time = 0.00s, Memory = 0.0K)
    Checking Rule W71 (Rule 162 of total 292) .... done (Time = 0.00s, Memory = 0.0K)
    Checking Rule W240 (Rule 163 of total 292) .... done (Time = 0.00s, Memory = 0.0K)
    Checking Rule W240 (Rule 164 of total 292) .... done (Time = 0.00s, Memory = 0.0K)
    Checking Rule W287a (Rule 165 of total 292) .... done (Time = 0.00s, Memory = 0.0K)
    Checking Rule W287b (Rule 166 of total 292) .... done (Time = 0.00s, Memory = 0.0K)
    Checking Rule W293 (Rule 167 of total 292) .... done (Time = 0.00s, Memory = 0.0K)
    Checking Rule W398 (Rule 168 of total 292) .... done (Time = 0.00s, Memory = 0.0K)
    Checking Rule W424 (Rule 169 of total 292) .... done (Time = 0.00s, Memory = 0.0K)
    Checking Rule W467 (Rule 170 of total 292) .... done (Time = 0.00s, Memory = 0.0K)
    Checking Rule W505 (Rule 171 of total 292) .... done (Time = 0.00s, Memory = 0.0K)
    Checking Rule W505 (Rule 172 of total 292) .... done (Time = 0.00s, Memory = 0.0K)
    Checking Rule W528 (Rule 173 of total 292) .... done (Time = 0.00s, Memory = 0.0K)
    Checking Rule W528 (Rule 174 of total 292) .... done (Time = 0.00s, Memory = 512.0K)
    Checking Rule Prereqs_Usage (Rule 175 of total 292) .... done (Time = 0.00s, Memory = 0.0K)
    Checking Rule Prereqs_ConstantInput-ML (Rule 176 of total 292) .... done (Time = 0.00s, Memory = 0.0K)
    Checking Rule ReportPortInfo-ML (Rule 177 of total 292) .... done (Time = 0.00s, Memory = 0.0K)
    Checking Rule Prereqs_ReportPortInfo-ML (Rule 178 of total 292) .... done (Time = 0.00s, Memory = 0.0K)
    Checking Rule Prereqs_ReportPortInfo-ML (Rule 179 of total 292) .... done (Time = 0.00s, Memory = 0.0K)
    Checking Rule Prereqs_Elab_Hier_Dialog (Rule 180 of total 292) .... done (Time = 0.00s, Memory = 0.0K)
    Checking Rule NoAssignX-ML (Rule 181 of total 292) .... done (Time = 0.00s, Memory = 0.0K)
    Checking Rule ParamWidthMismatch-ML (Rule 182 of total 292) .... done (Time = 0.00s, Memory = 0.0K)
    Checking Rule Postreqs_Usage_ML (Rule 183 of total 292) .... done (Time = 0.00s, Memory = 0.0K)
    Checking Rule NoXInCase-ML (Rule 184 of total 292) .... done (Time = 0.00s, Memory = 0.0K)
Checking ELABDU Rules for designUnit WORK_prim_subreg_1_0_0_0
    Checking Rule Ac_classify_param01 (Rule 118 of total 292) .... done (Time = 0.00s, Memory = 0.0K)
    Checking Rule AcOvlRtl (Rule 119 of total 292) .... done (Time = 0.00s, Memory = 0.0K)
    Checking Rule AcOvlRtl (Rule 120 of total 292) .... done (Time = 0.00s, Memory = 0.0K)
    Checking Rule GenTopLevelBlocksForAutoSoc (Rule 121 of total 292) .... done (Time = 0.00s, Memory = 0.0K)
    Checking Rule Prereqs_InferLatch (Rule 122 of total 292) .... done (Time = 0.00s, Memory = 0.0K)
    Checking Rule STARC05-2.1.4.5 (Rule 123 of total 292) .... done (Time = 0.00s, Memory = 0.0K)
    Checking Rule STARC05-2.1.5.3 (Rule 124 of total 292) .... done (Time = 0.00s, Memory = 0.0K)
    Checking Rule STARC05-2.2.3.3 (Rule 125 of total 292) .... done (Time = 0.00s, Memory = 0.0K)
    Checking Rule STARC05-2.3.1.6 (Rule 126 of total 292) .... done (Time = 0.00s, Memory = 0.0K)
    Checking Rule STARC05-2.10.2.3 (Rule 127 of total 292) .... done (Time = 0.00s, Memory = 0.0K)
    Checking Rule STARC05-2.10.3.2a (Rule 128 of total 292) .... done (Time = 0.00s, Memory = 0.0K)
    Checking Rule STARC05-2.11.3.1 (Rule 129 of total 292) .... done (Time = 0.00s, Memory = 0.0K)
    Checking Rule STARC05-2.1.3.1 (Rule 130 of total 292) .... done (Time = 0.00s, Memory = 0.0K)
    Checking Rule STARC05-2.10.1.4a (Rule 131 of total 292) .... done (Time = 0.00s, Memory = 0.0K)
    Checking Rule STARC05-2.10.1.4b (Rule 132 of total 292) .... done (Time = 0.00s, Memory = 0.0K)
    Checking Rule sim_race02 (Rule 133 of total 292) .... done (Time = 0.00s, Memory = 0.0K)
    Checking Rule W339a (Rule 134 of total 292) .... done (Time = 0.00s, Memory = 0.0K)
    Checking Rule W110 (Rule 135 of total 292) .... done (Time = 0.00s, Memory = 0.0K)
    Checking Rule W122 (Rule 136 of total 292) .... done (Time = 0.00s, Memory = 0.0K)
    Checking Rule W496a (Rule 137 of total 292) .... done (Time = 0.00s, Memory = 0.0K)
    Checking Rule W496b (Rule 138 of total 292) .... done (Time = 0.00s, Memory = 0.0K)
    Checking Rule W19 (Rule 139 of total 292) .... done (Time = 0.00s, Memory = 0.0K)
    Checking Rule W66 (Rule 140 of total 292) .... done (Time = 0.00s, Memory = 0.0K)
    Checking Rule W116 (Rule 141 of total 292) .... done (Time = 0.00s, Memory = 0.0K)
    Checking Rule W123 (Rule 142 of total 292) .... done (Time = 0.00s, Memory = 0.0K)
    Checking Rule W156 (Rule 143 of total 292) .... done (Time = 0.00s, Memory = 0.0K)
    Checking Rule W215 (Rule 144 of total 292) .... done (Time = 0.00s, Memory = 0.0K)
    Checking Rule W216 (Rule 145 of total 292) .... done (Time = 0.00s, Memory = 0.0K)
    Checking Rule W218 (Rule 146 of total 292) .... done (Time = 0.00s, Memory = 0.0K)
    Checking Rule W224 (Rule 147 of total 292) .... done (Time = 0.00s, Memory = 0.0K)
    Checking Rule W263 (Rule 148 of total 292) .... done (Time = 0.00s, Memory = 0.0K)
    Checking Rule W289 (Rule 149 of total 292) .... done (Time = 0.00s, Memory = 0.0K)
    Checking Rule W337 (Rule 150 of total 292) .... done (Time = 0.00s, Memory = 0.0K)
    Checking Rule W416 (Rule 151 of total 292) .... done (Time = 0.00s, Memory = 0.0K)
    Checking Rule W352 (Rule 152 of total 292) .... done (Time = 0.00s, Memory = 0.0K)
    Checking Rule W362 (Rule 153 of total 292) .... done (Time = 0.00s, Memory = 0.0K)
    Checking Rule W415a (Rule 154 of total 292) .... done (Time = 0.00s, Memory = 0.0K)
    Checking Rule W486 (Rule 155 of total 292) .... done (Time = 0.00s, Memory = 0.0K)
    Checking Rule W499 (Rule 156 of total 292) .... done (Time = 0.00s, Memory = 0.0K)
    Checking Rule W502 (Rule 157 of total 292) .... done (Time = 0.00s, Memory = 0.0K)
    Checking Rule W116 (Rule 158 of total 292) .... done (Time = 0.00s, Memory = 0.0K)
    Checking Rule W122 (Rule 159 of total 292) .... done (Time = 0.00s, Memory = 0.0K)
    Checking Rule W123 (Rule 160 of total 292) .... done (Time = 0.00s, Memory = 0.0K)
    Checking Rule W156 (Rule 161 of total 292) .... done (Time = 0.00s, Memory = 0.0K)
    Checking Rule W71 (Rule 162 of total 292) .... done (Time = 0.00s, Memory = 0.0K)
    Checking Rule W240 (Rule 163 of total 292) .... done (Time = 0.00s, Memory = 0.0K)
    Checking Rule W240 (Rule 164 of total 292) .... done (Time = 0.00s, Memory = 0.0K)
    Checking Rule W287a (Rule 165 of total 292) .... done (Time = 0.00s, Memory = 0.0K)
    Checking Rule W287b (Rule 166 of total 292) .... done (Time = 0.00s, Memory = 0.0K)
    Checking Rule W293 (Rule 167 of total 292) .... done (Time = 0.00s, Memory = 0.0K)
    Checking Rule W398 (Rule 168 of total 292) .... done (Time = 0.00s, Memory = 0.0K)
    Checking Rule W424 (Rule 169 of total 292) .... done (Time = 0.00s, Memory = 0.0K)
    Checking Rule W467 (Rule 170 of total 292) .... done (Time = 0.00s, Memory = 0.0K)
    Checking Rule W505 (Rule 171 of total 292) .... done (Time = 0.00s, Memory = 0.0K)
    Checking Rule W505 (Rule 172 of total 292) .... done (Time = 0.00s, Memory = 0.0K)
    Checking Rule W528 (Rule 173 of total 292) .... done (Time = 0.00s, Memory = 0.0K)
    Checking Rule W528 (Rule 174 of total 292) .... done (Time = 0.00s, Memory = 512.0K)
    Checking Rule Prereqs_Usage (Rule 175 of total 292) .... done (Time = 0.00s, Memory = 0.0K)
    Checking Rule Prereqs_ConstantInput-ML (Rule 176 of total 292) .... done (Time = 0.00s, Memory = 0.0K)
    Checking Rule ReportPortInfo-ML (Rule 177 of total 292) .... done (Time = 0.00s, Memory = 0.0K)
    Checking Rule Prereqs_ReportPortInfo-ML (Rule 178 of total 292) .... done (Time = 0.00s, Memory = 0.0K)
    Checking Rule Prereqs_ReportPortInfo-ML (Rule 179 of total 292) .... done (Time = 0.00s, Memory = 0.0K)
    Checking Rule Prereqs_Elab_Hier_Dialog (Rule 180 of total 292) .... done (Time = 0.00s, Memory = 0.0K)
    Checking Rule NoAssignX-ML (Rule 181 of total 292) .... done (Time = 0.00s, Memory = 0.0K)
    Checking Rule ParamWidthMismatch-ML (Rule 182 of total 292) .... done (Time = 0.00s, Memory = 0.0K)
    Checking Rule Postreqs_Usage_ML (Rule 183 of total 292) .... done (Time = 0.00s, Memory = 0.0K)
    Checking Rule NoXInCase-ML (Rule 184 of total 292) .... done (Time = 0.00s, Memory = 0.0K)
Checking ELABDU Rules for designUnit WORK_prim_subreg_arb_1_0_0
    Checking Rule Ac_classify_param01 (Rule 118 of total 292) .... done (Time = 0.00s, Memory = 0.0K)
    Checking Rule AcOvlRtl (Rule 119 of total 292) .... done (Time = 0.00s, Memory = 0.0K)
    Checking Rule AcOvlRtl (Rule 120 of total 292) .... done (Time = 0.00s, Memory = 0.0K)
    Checking Rule GenTopLevelBlocksForAutoSoc (Rule 121 of total 292) .... done (Time = 0.00s, Memory = 0.0K)
    Checking Rule Prereqs_InferLatch (Rule 122 of total 292) .... done (Time = 0.00s, Memory = 0.0K)
    Checking Rule STARC05-2.1.4.5 (Rule 123 of total 292) .... done (Time = 0.00s, Memory = 0.0K)
    Checking Rule STARC05-2.1.5.3 (Rule 124 of total 292) .... done (Time = 0.00s, Memory = 0.0K)
    Checking Rule STARC05-2.2.3.3 (Rule 125 of total 292) .... done (Time = 0.00s, Memory = 0.0K)
    Checking Rule STARC05-2.3.1.6 (Rule 126 of total 292) .... done (Time = 0.00s, Memory = 0.0K)
    Checking Rule STARC05-2.10.2.3 (Rule 127 of total 292) .... done (Time = 0.00s, Memory = 0.0K)
    Checking Rule STARC05-2.10.3.2a (Rule 128 of total 292) .... done (Time = 0.00s, Memory = 0.0K)
    Checking Rule STARC05-2.11.3.1 (Rule 129 of total 292) .... done (Time = 0.00s, Memory = 0.0K)
    Checking Rule STARC05-2.1.3.1 (Rule 130 of total 292) .... done (Time = 0.00s, Memory = 0.0K)
    Checking Rule STARC05-2.10.1.4a (Rule 131 of total 292) .... done (Time = 0.00s, Memory = 0.0K)
    Checking Rule STARC05-2.10.1.4b (Rule 132 of total 292) .... done (Time = 0.00s, Memory = 0.0K)
    Checking Rule sim_race02 (Rule 133 of total 292) .... done (Time = 0.00s, Memory = 0.0K)
    Checking Rule W339a (Rule 134 of total 292) .... done (Time = 0.00s, Memory = 0.0K)
    Checking Rule W110 (Rule 135 of total 292) .... done (Time = 0.00s, Memory = 0.0K)
    Checking Rule W122 (Rule 136 of total 292) .... done (Time = 0.00s, Memory = 0.0K)
    Checking Rule W496a (Rule 137 of total 292) .... done (Time = 0.00s, Memory = 0.0K)
    Checking Rule W496b (Rule 138 of total 292) .... done (Time = 0.00s, Memory = 0.0K)
    Checking Rule W19 (Rule 139 of total 292) .... done (Time = 0.00s, Memory = 0.0K)
    Checking Rule W66 (Rule 140 of total 292) .... done (Time = 0.00s, Memory = 0.0K)
    Checking Rule W116 (Rule 141 of total 292) .... done (Time = 0.00s, Memory = 0.0K)
    Checking Rule W123 (Rule 142 of total 292) .... done (Time = 0.00s, Memory = 0.0K)
    Checking Rule W156 (Rule 143 of total 292) .... done (Time = 0.00s, Memory = 0.0K)
    Checking Rule W215 (Rule 144 of total 292) .... done (Time = 0.00s, Memory = 0.0K)
    Checking Rule W216 (Rule 145 of total 292) .... done (Time = 0.00s, Memory = 0.0K)
    Checking Rule W218 (Rule 146 of total 292) .... done (Time = 0.00s, Memory = 0.0K)
    Checking Rule W224 (Rule 147 of total 292) .... done (Time = 0.00s, Memory = 0.0K)
    Checking Rule W263 (Rule 148 of total 292) .... done (Time = 0.00s, Memory = 0.0K)
    Checking Rule W289 (Rule 149 of total 292) .... done (Time = 0.00s, Memory = 0.0K)
    Checking Rule W337 (Rule 150 of total 292) .... done (Time = 0.00s, Memory = 0.0K)
    Checking Rule W416 (Rule 151 of total 292) .... done (Time = 0.00s, Memory = 0.0K)
    Checking Rule W352 (Rule 152 of total 292) .... done (Time = 0.00s, Memory = 0.0K)
    Checking Rule W362 (Rule 153 of total 292) .... done (Time = 0.00s, Memory = 0.0K)
    Checking Rule W415a (Rule 154 of total 292) .... done (Time = 0.00s, Memory = 0.0K)
    Checking Rule W486 (Rule 155 of total 292) .... done (Time = 0.00s, Memory = 0.0K)
    Checking Rule W499 (Rule 156 of total 292) .... done (Time = 0.00s, Memory = 0.0K)
    Checking Rule W502 (Rule 157 of total 292) .... done (Time = 0.00s, Memory = 0.0K)
    Checking Rule W116 (Rule 158 of total 292) .... done (Time = 0.00s, Memory = 0.0K)
    Checking Rule W122 (Rule 159 of total 292) .... done (Time = 0.00s, Memory = 0.0K)
    Checking Rule W123 (Rule 160 of total 292) .... done (Time = 0.00s, Memory = 0.0K)
    Checking Rule W156 (Rule 161 of total 292) .... done (Time = 0.00s, Memory = 0.0K)
    Checking Rule W71 (Rule 162 of total 292) .... done (Time = 0.00s, Memory = 0.0K)
    Checking Rule W240 (Rule 163 of total 292) .... done (Time = 0.00s, Memory = 0.0K)
    Checking Rule W240 (Rule 164 of total 292) .... done (Time = 0.00s, Memory = 0.0K)
    Checking Rule W287a (Rule 165 of total 292) .... done (Time = 0.00s, Memory = 0.0K)
    Checking Rule W287b (Rule 166 of total 292) .... done (Time = 0.00s, Memory = 0.0K)
    Checking Rule W293 (Rule 167 of total 292) .... done (Time = 0.00s, Memory = 0.0K)
    Checking Rule W398 (Rule 168 of total 292) .... done (Time = 0.00s, Memory = 0.0K)
    Checking Rule W424 (Rule 169 of total 292) .... done (Time = 0.00s, Memory = 0.0K)
    Checking Rule W467 (Rule 170 of total 292) .... done (Time = 0.00s, Memory = 0.0K)
    Checking Rule W505 (Rule 171 of total 292) .... done (Time = 0.00s, Memory = 0.0K)
    Checking Rule W505 (Rule 172 of total 292) .... done (Time = 0.00s, Memory = 0.0K)
    Checking Rule W528 (Rule 173 of total 292) .... done (Time = 0.00s, Memory = 0.0K)
    Checking Rule W528 (Rule 174 of total 292) .... done (Time = 0.00s, Memory = 512.0K)
    Checking Rule Prereqs_Usage (Rule 175 of total 292) .... done (Time = 0.00s, Memory = 0.0K)
    Checking Rule Prereqs_ConstantInput-ML (Rule 176 of total 292) .... done (Time = 0.00s, Memory = 0.0K)
    Checking Rule ReportPortInfo-ML (Rule 177 of total 292) .... done (Time = 0.00s, Memory = 0.0K)
    Checking Rule Prereqs_ReportPortInfo-ML (Rule 178 of total 292) .... done (Time = 0.00s, Memory = 0.0K)
    Checking Rule Prereqs_ReportPortInfo-ML (Rule 179 of total 292) .... done (Time = 0.00s, Memory = 0.0K)
    Checking Rule Prereqs_Elab_Hier_Dialog (Rule 180 of total 292) .... done (Time = 0.00s, Memory = 0.0K)
    Checking Rule NoAssignX-ML (Rule 181 of total 292) .... done (Time = 0.00s, Memory = 0.0K)
    Checking Rule ParamWidthMismatch-ML (Rule 182 of total 292) .... done (Time = 0.00s, Memory = 0.0K)
    Checking Rule Postreqs_Usage_ML (Rule 183 of total 292) .... done (Time = 0.00s, Memory = 0.0K)
    Checking Rule NoXInCase-ML (Rule 184 of total 292) .... done (Time = 0.00s, Memory = 0.0K)
Checking ELABDU Rules for designUnit WORK_prim_subreg_ext_1
    Checking Rule Ac_classify_param01 (Rule 118 of total 292) .... done (Time = 0.00s, Memory = 0.0K)
    Checking Rule AcOvlRtl (Rule 119 of total 292) .... done (Time = 0.00s, Memory = 0.0K)
    Checking Rule AcOvlRtl (Rule 120 of total 292) .... done (Time = 0.00s, Memory = 0.0K)
    Checking Rule GenTopLevelBlocksForAutoSoc (Rule 121 of total 292) .... done (Time = 0.00s, Memory = 0.0K)
    Checking Rule Prereqs_InferLatch (Rule 122 of total 292) .... done (Time = 0.00s, Memory = 0.0K)
    Checking Rule STARC05-2.1.4.5 (Rule 123 of total 292) .... done (Time = 0.00s, Memory = 0.0K)
    Checking Rule STARC05-2.1.5.3 (Rule 124 of total 292) .... done (Time = 0.00s, Memory = 0.0K)
    Checking Rule STARC05-2.2.3.3 (Rule 125 of total 292) .... done (Time = 0.00s, Memory = 0.0K)
    Checking Rule STARC05-2.3.1.6 (Rule 126 of total 292) .... done (Time = 0.00s, Memory = 0.0K)
    Checking Rule STARC05-2.10.2.3 (Rule 127 of total 292) .... done (Time = 0.00s, Memory = 0.0K)
    Checking Rule STARC05-2.10.3.2a (Rule 128 of total 292) .... done (Time = 0.00s, Memory = 0.0K)
    Checking Rule STARC05-2.11.3.1 (Rule 129 of total 292) .... done (Time = 0.00s, Memory = 0.0K)
    Checking Rule STARC05-2.1.3.1 (Rule 130 of total 292) .... done (Time = 0.00s, Memory = 0.0K)
    Checking Rule STARC05-2.10.1.4a (Rule 131 of total 292) .... done (Time = 0.00s, Memory = 0.0K)
    Checking Rule STARC05-2.10.1.4b (Rule 132 of total 292) .... done (Time = 0.00s, Memory = 0.0K)
    Checking Rule sim_race02 (Rule 133 of total 292) .... done (Time = 0.00s, Memory = 0.0K)
    Checking Rule W339a (Rule 134 of total 292) .... done (Time = 0.00s, Memory = 0.0K)
    Checking Rule W110 (Rule 135 of total 292) .... done (Time = 0.00s, Memory = 0.0K)
    Checking Rule W122 (Rule 136 of total 292) .... done (Time = 0.00s, Memory = 0.0K)
    Checking Rule W496a (Rule 137 of total 292) .... done (Time = 0.00s, Memory = 0.0K)
    Checking Rule W496b (Rule 138 of total 292) .... done (Time = 0.00s, Memory = 0.0K)
    Checking Rule W19 (Rule 139 of total 292) .... done (Time = 0.00s, Memory = 0.0K)
    Checking Rule W66 (Rule 140 of total 292) .... done (Time = 0.00s, Memory = 0.0K)
    Checking Rule W116 (Rule 141 of total 292) .... done (Time = 0.00s, Memory = 0.0K)
    Checking Rule W123 (Rule 142 of total 292) .... done (Time = 0.00s, Memory = 0.0K)
    Checking Rule W156 (Rule 143 of total 292) .... done (Time = 0.00s, Memory = 0.0K)
    Checking Rule W215 (Rule 144 of total 292) .... done (Time = 0.00s, Memory = 0.0K)
    Checking Rule W216 (Rule 145 of total 292) .... done (Time = 0.00s, Memory = 0.0K)
    Checking Rule W218 (Rule 146 of total 292) .... done (Time = 0.00s, Memory = 0.0K)
    Checking Rule W224 (Rule 147 of total 292) .... done (Time = 0.00s, Memory = 0.0K)
    Checking Rule W263 (Rule 148 of total 292) .... done (Time = 0.00s, Memory = 0.0K)
    Checking Rule W289 (Rule 149 of total 292) .... done (Time = 0.00s, Memory = 0.0K)
    Checking Rule W337 (Rule 150 of total 292) .... done (Time = 0.00s, Memory = 0.0K)
    Checking Rule W416 (Rule 151 of total 292) .... done (Time = 0.00s, Memory = 0.0K)
    Checking Rule W352 (Rule 152 of total 292) .... done (Time = 0.00s, Memory = 0.0K)
    Checking Rule W362 (Rule 153 of total 292) .... done (Time = 0.00s, Memory = 0.0K)
    Checking Rule W415a (Rule 154 of total 292) .... done (Time = 0.00s, Memory = 0.0K)
    Checking Rule W486 (Rule 155 of total 292) .... done (Time = 0.00s, Memory = 0.0K)
    Checking Rule W499 (Rule 156 of total 292) .... done (Time = 0.00s, Memory = 0.0K)
    Checking Rule W502 (Rule 157 of total 292) .... done (Time = 0.00s, Memory = 0.0K)
    Checking Rule W116 (Rule 158 of total 292) .... done (Time = 0.00s, Memory = 0.0K)
    Checking Rule W122 (Rule 159 of total 292) .... done (Time = 0.00s, Memory = 0.0K)
    Checking Rule W123 (Rule 160 of total 292) .... done (Time = 0.00s, Memory = 0.0K)
    Checking Rule W156 (Rule 161 of total 292) .... done (Time = 0.00s, Memory = 0.0K)
    Checking Rule W71 (Rule 162 of total 292) .... done (Time = 0.00s, Memory = 0.0K)
    Checking Rule W240 (Rule 163 of total 292) .... done (Time = 0.00s, Memory = 0.0K)
    Checking Rule W240 (Rule 164 of total 292) .... done (Time = 0.00s, Memory = 0.0K)
    Checking Rule W287a (Rule 165 of total 292) .... done (Time = 0.00s, Memory = 0.0K)
    Checking Rule W287b (Rule 166 of total 292) .... done (Time = 0.00s, Memory = 0.0K)
    Checking Rule W293 (Rule 167 of total 292) .... done (Time = 0.00s, Memory = 0.0K)
    Checking Rule W398 (Rule 168 of total 292) .... done (Time = 0.00s, Memory = 0.0K)
    Checking Rule W424 (Rule 169 of total 292) .... done (Time = 0.00s, Memory = 0.0K)
    Checking Rule W467 (Rule 170 of total 292) .... done (Time = 0.00s, Memory = 0.0K)
    Checking Rule W505 (Rule 171 of total 292) .... done (Time = 0.00s, Memory = 0.0K)
    Checking Rule W505 (Rule 172 of total 292) .... done (Time = 0.00s, Memory = 0.0K)
    Checking Rule W528 (Rule 173 of total 292) .... done (Time = 0.00s, Memory = 0.0K)
    Checking Rule W528 (Rule 174 of total 292) .... done (Time = 0.00s, Memory = 512.0K)
    Checking Rule Prereqs_Usage (Rule 175 of total 292) .... done (Time = 0.00s, Memory = 0.0K)
    Checking Rule Prereqs_ConstantInput-ML (Rule 176 of total 292) .... done (Time = 0.00s, Memory = 0.0K)
    Checking Rule ReportPortInfo-ML (Rule 177 of total 292) .... done (Time = 0.00s, Memory = 0.0K)
    Checking Rule Prereqs_ReportPortInfo-ML (Rule 178 of total 292) .... done (Time = 0.00s, Memory = 0.0K)
    Checking Rule Prereqs_ReportPortInfo-ML (Rule 179 of total 292) .... done (Time = 0.00s, Memory = 0.0K)
    Checking Rule Prereqs_Elab_Hier_Dialog (Rule 180 of total 292) .... done (Time = 0.00s, Memory = 0.0K)
    Checking Rule NoAssignX-ML (Rule 181 of total 292) .... done (Time = 0.00s, Memory = 0.0K)
    Checking Rule ParamWidthMismatch-ML (Rule 182 of total 292) .... done (Time = 0.00s, Memory = 0.0K)
    Checking Rule Postreqs_Usage_ML (Rule 183 of total 292) .... done (Time = 0.00s, Memory = 0.0K)
    Checking Rule NoXInCase-ML (Rule 184 of total 292) .... done (Time = 0.00s, Memory = 0.0K)
Checking ELABDU Rules for designUnit WORK_prim_subreg_2_0_0_0
    Checking Rule Ac_classify_param01 (Rule 118 of total 292) .... done (Time = 0.00s, Memory = 0.0K)
    Checking Rule AcOvlRtl (Rule 119 of total 292) .... done (Time = 0.00s, Memory = 0.0K)
    Checking Rule AcOvlRtl (Rule 120 of total 292) .... done (Time = 0.00s, Memory = 0.0K)
    Checking Rule GenTopLevelBlocksForAutoSoc (Rule 121 of total 292) .... done (Time = 0.00s, Memory = 0.0K)
    Checking Rule Prereqs_InferLatch (Rule 122 of total 292) .... done (Time = 0.00s, Memory = 0.0K)
    Checking Rule STARC05-2.1.4.5 (Rule 123 of total 292) .... done (Time = 0.00s, Memory = 0.0K)
    Checking Rule STARC05-2.1.5.3 (Rule 124 of total 292) .... done (Time = 0.00s, Memory = 0.0K)
    Checking Rule STARC05-2.2.3.3 (Rule 125 of total 292) .... done (Time = 0.00s, Memory = 0.0K)
    Checking Rule STARC05-2.3.1.6 (Rule 126 of total 292) .... done (Time = 0.00s, Memory = 0.0K)
    Checking Rule STARC05-2.10.2.3 (Rule 127 of total 292) .... done (Time = 0.00s, Memory = 0.0K)
    Checking Rule STARC05-2.10.3.2a (Rule 128 of total 292) .... done (Time = 0.00s, Memory = 0.0K)
    Checking Rule STARC05-2.11.3.1 (Rule 129 of total 292) .... done (Time = 0.00s, Memory = 0.0K)
    Checking Rule STARC05-2.1.3.1 (Rule 130 of total 292) .... done (Time = 0.00s, Memory = 0.0K)
    Checking Rule STARC05-2.10.1.4a (Rule 131 of total 292) .... done (Time = 0.00s, Memory = 0.0K)
    Checking Rule STARC05-2.10.1.4b (Rule 132 of total 292) .... done (Time = 0.00s, Memory = 0.0K)
    Checking Rule sim_race02 (Rule 133 of total 292) .... done (Time = 0.00s, Memory = 0.0K)
    Checking Rule W339a (Rule 134 of total 292) .... done (Time = 0.00s, Memory = 0.0K)
    Checking Rule W110 (Rule 135 of total 292) .... done (Time = 0.00s, Memory = 0.0K)
    Checking Rule W122 (Rule 136 of total 292) .... done (Time = 0.00s, Memory = 0.0K)
    Checking Rule W496a (Rule 137 of total 292) .... done (Time = 0.00s, Memory = 0.0K)
    Checking Rule W496b (Rule 138 of total 292) .... done (Time = 0.00s, Memory = 0.0K)
    Checking Rule W19 (Rule 139 of total 292) .... done (Time = 0.00s, Memory = 0.0K)
    Checking Rule W66 (Rule 140 of total 292) .... done (Time = 0.00s, Memory = 0.0K)
    Checking Rule W116 (Rule 141 of total 292) .... done (Time = 0.00s, Memory = 0.0K)
    Checking Rule W123 (Rule 142 of total 292) .... done (Time = 0.00s, Memory = 0.0K)
    Checking Rule W156 (Rule 143 of total 292) .... done (Time = 0.00s, Memory = 0.0K)
    Checking Rule W215 (Rule 144 of total 292) .... done (Time = 0.00s, Memory = 0.0K)
    Checking Rule W216 (Rule 145 of total 292) .... done (Time = 0.00s, Memory = 0.0K)
    Checking Rule W218 (Rule 146 of total 292) .... done (Time = 0.00s, Memory = 0.0K)
    Checking Rule W224 (Rule 147 of total 292) .... done (Time = 0.00s, Memory = 0.0K)
    Checking Rule W263 (Rule 148 of total 292) .... done (Time = 0.00s, Memory = 0.0K)
    Checking Rule W289 (Rule 149 of total 292) .... done (Time = 0.00s, Memory = 0.0K)
    Checking Rule W337 (Rule 150 of total 292) .... done (Time = 0.00s, Memory = 0.0K)
    Checking Rule W416 (Rule 151 of total 292) .... done (Time = 0.00s, Memory = 0.0K)
    Checking Rule W352 (Rule 152 of total 292) .... done (Time = 0.00s, Memory = 0.0K)
    Checking Rule W362 (Rule 153 of total 292) .... done (Time = 0.00s, Memory = 0.0K)
    Checking Rule W415a (Rule 154 of total 292) .... done (Time = 0.00s, Memory = 0.0K)
    Checking Rule W486 (Rule 155 of total 292) .... done (Time = 0.00s, Memory = 0.0K)
    Checking Rule W499 (Rule 156 of total 292) .... done (Time = 0.00s, Memory = 0.0K)
    Checking Rule W502 (Rule 157 of total 292) .... done (Time = 0.00s, Memory = 0.0K)
    Checking Rule W116 (Rule 158 of total 292) .... done (Time = 0.00s, Memory = 0.0K)
    Checking Rule W122 (Rule 159 of total 292) .... done (Time = 0.00s, Memory = 0.0K)
    Checking Rule W123 (Rule 160 of total 292) .... done (Time = 0.00s, Memory = 0.0K)
    Checking Rule W156 (Rule 161 of total 292) .... done (Time = 0.00s, Memory = 0.0K)
    Checking Rule W71 (Rule 162 of total 292) .... done (Time = 0.00s, Memory = 0.0K)
    Checking Rule W240 (Rule 163 of total 292) .... done (Time = 0.00s, Memory = 0.0K)
    Checking Rule W240 (Rule 164 of total 292) .... done (Time = 0.00s, Memory = 0.0K)
    Checking Rule W287a (Rule 165 of total 292) .... done (Time = 0.00s, Memory = 0.0K)
    Checking Rule W287b (Rule 166 of total 292) .... done (Time = 0.00s, Memory = 0.0K)
    Checking Rule W293 (Rule 167 of total 292) .... done (Time = 0.00s, Memory = 0.0K)
    Checking Rule W398 (Rule 168 of total 292) .... done (Time = 0.00s, Memory = 0.0K)
    Checking Rule W424 (Rule 169 of total 292) .... done (Time = 0.00s, Memory = 0.0K)
    Checking Rule W467 (Rule 170 of total 292) .... done (Time = 0.00s, Memory = 0.0K)
    Checking Rule W505 (Rule 171 of total 292) .... done (Time = 0.00s, Memory = 0.0K)
    Checking Rule W505 (Rule 172 of total 292) .... done (Time = 0.00s, Memory = 0.0K)
    Checking Rule W528 (Rule 173 of total 292) .... done (Time = 0.00s, Memory = 0.0K)
    Checking Rule W528 (Rule 174 of total 292) .... done (Time = 0.00s, Memory = 512.0K)
    Checking Rule Prereqs_Usage (Rule 175 of total 292) .... done (Time = 0.00s, Memory = 0.0K)
    Checking Rule Prereqs_ConstantInput-ML (Rule 176 of total 292) .... done (Time = 0.00s, Memory = 0.0K)
    Checking Rule ReportPortInfo-ML (Rule 177 of total 292) .... done (Time = 0.00s, Memory = 0.0K)
    Checking Rule Prereqs_ReportPortInfo-ML (Rule 178 of total 292) .... done (Time = 0.00s, Memory = 0.0K)
    Checking Rule Prereqs_ReportPortInfo-ML (Rule 179 of total 292) .... done (Time = 0.00s, Memory = 0.0K)
    Checking Rule Prereqs_Elab_Hier_Dialog (Rule 180 of total 292) .... done (Time = 0.00s, Memory = 0.0K)
    Checking Rule NoAssignX-ML (Rule 181 of total 292) .... done (Time = 0.00s, Memory = 0.0K)
    Checking Rule ParamWidthMismatch-ML (Rule 182 of total 292) .... done (Time = 0.00s, Memory = 0.0K)
    Checking Rule Postreqs_Usage_ML (Rule 183 of total 292) .... done (Time = 0.00s, Memory = 0.0K)
    Checking Rule NoXInCase-ML (Rule 184 of total 292) .... done (Time = 0.00s, Memory = 0.0K)
Checking ELABDU Rules for designUnit WORK_prim_subreg_arb_2_0_0
    Checking Rule Ac_classify_param01 (Rule 118 of total 292) .... done (Time = 0.00s, Memory = 0.0K)
    Checking Rule AcOvlRtl (Rule 119 of total 292) .... done (Time = 0.00s, Memory = 0.0K)
    Checking Rule AcOvlRtl (Rule 120 of total 292) .... done (Time = 0.00s, Memory = 0.0K)
    Checking Rule GenTopLevelBlocksForAutoSoc (Rule 121 of total 292) .... done (Time = 0.00s, Memory = 0.0K)
    Checking Rule Prereqs_InferLatch (Rule 122 of total 292) .... done (Time = 0.00s, Memory = 0.0K)
    Checking Rule STARC05-2.1.4.5 (Rule 123 of total 292) .... done (Time = 0.00s, Memory = 0.0K)
    Checking Rule STARC05-2.1.5.3 (Rule 124 of total 292) .... done (Time = 0.00s, Memory = 0.0K)
    Checking Rule STARC05-2.2.3.3 (Rule 125 of total 292) .... done (Time = 0.00s, Memory = 0.0K)
    Checking Rule STARC05-2.3.1.6 (Rule 126 of total 292) .... done (Time = 0.00s, Memory = 0.0K)
    Checking Rule STARC05-2.10.2.3 (Rule 127 of total 292) .... done (Time = 0.00s, Memory = 0.0K)
    Checking Rule STARC05-2.10.3.2a (Rule 128 of total 292) .... done (Time = 0.00s, Memory = 0.0K)
    Checking Rule STARC05-2.11.3.1 (Rule 129 of total 292) .... done (Time = 0.00s, Memory = 0.0K)
    Checking Rule STARC05-2.1.3.1 (Rule 130 of total 292) .... done (Time = 0.00s, Memory = 0.0K)
    Checking Rule STARC05-2.10.1.4a (Rule 131 of total 292) .... done (Time = 0.00s, Memory = 0.0K)
    Checking Rule STARC05-2.10.1.4b (Rule 132 of total 292) .... done (Time = 0.00s, Memory = 0.0K)
    Checking Rule sim_race02 (Rule 133 of total 292) .... done (Time = 0.00s, Memory = 0.0K)
    Checking Rule W339a (Rule 134 of total 292) .... done (Time = 0.00s, Memory = 0.0K)
    Checking Rule W110 (Rule 135 of total 292) .... done (Time = 0.00s, Memory = 0.0K)
    Checking Rule W122 (Rule 136 of total 292) .... done (Time = 0.00s, Memory = 0.0K)
    Checking Rule W496a (Rule 137 of total 292) .... done (Time = 0.00s, Memory = 0.0K)
    Checking Rule W496b (Rule 138 of total 292) .... done (Time = 0.00s, Memory = 0.0K)
    Checking Rule W19 (Rule 139 of total 292) .... done (Time = 0.00s, Memory = 0.0K)
    Checking Rule W66 (Rule 140 of total 292) .... done (Time = 0.00s, Memory = 0.0K)
    Checking Rule W116 (Rule 141 of total 292) .... done (Time = 0.00s, Memory = 0.0K)
    Checking Rule W123 (Rule 142 of total 292) .... done (Time = 0.00s, Memory = 0.0K)
    Checking Rule W156 (Rule 143 of total 292) .... done (Time = 0.00s, Memory = 0.0K)
    Checking Rule W215 (Rule 144 of total 292) .... done (Time = 0.00s, Memory = 0.0K)
    Checking Rule W216 (Rule 145 of total 292) .... done (Time = 0.00s, Memory = 0.0K)
    Checking Rule W218 (Rule 146 of total 292) .... done (Time = 0.00s, Memory = 0.0K)
    Checking Rule W224 (Rule 147 of total 292) .... done (Time = 0.00s, Memory = 0.0K)
    Checking Rule W263 (Rule 148 of total 292) .... done (Time = 0.00s, Memory = 0.0K)
    Checking Rule W289 (Rule 149 of total 292) .... done (Time = 0.00s, Memory = 0.0K)
    Checking Rule W337 (Rule 150 of total 292) .... done (Time = 0.00s, Memory = 0.0K)
    Checking Rule W416 (Rule 151 of total 292) .... done (Time = 0.00s, Memory = 0.0K)
    Checking Rule W352 (Rule 152 of total 292) .... done (Time = 0.00s, Memory = 0.0K)
    Checking Rule W362 (Rule 153 of total 292) .... done (Time = 0.00s, Memory = 0.0K)
    Checking Rule W415a (Rule 154 of total 292) .... done (Time = 0.00s, Memory = 0.0K)
    Checking Rule W486 (Rule 155 of total 292) .... done (Time = 0.00s, Memory = 0.0K)
    Checking Rule W499 (Rule 156 of total 292) .... done (Time = 0.00s, Memory = 0.0K)
    Checking Rule W502 (Rule 157 of total 292) .... done (Time = 0.00s, Memory = 0.0K)
    Checking Rule W116 (Rule 158 of total 292) .... done (Time = 0.00s, Memory = 0.0K)
    Checking Rule W122 (Rule 159 of total 292) .... done (Time = 0.00s, Memory = 0.0K)
    Checking Rule W123 (Rule 160 of total 292) .... done (Time = 0.00s, Memory = 0.0K)
    Checking Rule W156 (Rule 161 of total 292) .... done (Time = 0.00s, Memory = 0.0K)
    Checking Rule W71 (Rule 162 of total 292) .... done (Time = 0.00s, Memory = 0.0K)
    Checking Rule W240 (Rule 163 of total 292) .... done (Time = 0.00s, Memory = 0.0K)
    Checking Rule W240 (Rule 164 of total 292) .... done (Time = 0.00s, Memory = 0.0K)
    Checking Rule W287a (Rule 165 of total 292) .... done (Time = 0.00s, Memory = 0.0K)
    Checking Rule W287b (Rule 166 of total 292) .... done (Time = 0.00s, Memory = 0.0K)
    Checking Rule W293 (Rule 167 of total 292) .... done (Time = 0.00s, Memory = 0.0K)
    Checking Rule W398 (Rule 168 of total 292) .... done (Time = 0.00s, Memory = 0.0K)
    Checking Rule W424 (Rule 169 of total 292) .... done (Time = 0.00s, Memory = 0.0K)
    Checking Rule W467 (Rule 170 of total 292) .... done (Time = 0.00s, Memory = 0.0K)
    Checking Rule W505 (Rule 171 of total 292) .... done (Time = 0.00s, Memory = 0.0K)
    Checking Rule W505 (Rule 172 of total 292) .... done (Time = 0.00s, Memory = 0.0K)
    Checking Rule W528 (Rule 173 of total 292) .... done (Time = 0.00s, Memory = 0.0K)
    Checking Rule W528 (Rule 174 of total 292) .... done (Time = 0.00s, Memory = 512.0K)
    Checking Rule Prereqs_Usage (Rule 175 of total 292) .... done (Time = 0.00s, Memory = 0.0K)
    Checking Rule Prereqs_ConstantInput-ML (Rule 176 of total 292) .... done (Time = 0.00s, Memory = 0.0K)
    Checking Rule ReportPortInfo-ML (Rule 177 of total 292) .... done (Time = 0.00s, Memory = 0.0K)
    Checking Rule Prereqs_ReportPortInfo-ML (Rule 178 of total 292) .... done (Time = 0.00s, Memory = 0.0K)
    Checking Rule Prereqs_ReportPortInfo-ML (Rule 179 of total 292) .... done (Time = 0.00s, Memory = 0.0K)
    Checking Rule Prereqs_Elab_Hier_Dialog (Rule 180 of total 292) .... done (Time = 0.00s, Memory = 0.0K)
    Checking Rule NoAssignX-ML (Rule 181 of total 292) .... done (Time = 0.00s, Memory = 0.0K)
    Checking Rule ParamWidthMismatch-ML (Rule 182 of total 292) .... done (Time = 0.00s, Memory = 0.0K)
    Checking Rule Postreqs_Usage_ML (Rule 183 of total 292) .... done (Time = 0.00s, Memory = 0.0K)
    Checking Rule NoXInCase-ML (Rule 184 of total 292) .... done (Time = 0.00s, Memory = 0.0K)
Checking ELABDU Rules for designUnit WORK_prim_subreg_16_0_0_0
    Checking Rule Ac_classify_param01 (Rule 118 of total 292) .... done (Time = 0.00s, Memory = 0.0K)
    Checking Rule AcOvlRtl (Rule 119 of total 292) .... done (Time = 0.00s, Memory = 0.0K)
    Checking Rule AcOvlRtl (Rule 120 of total 292) .... done (Time = 0.00s, Memory = 0.0K)
    Checking Rule GenTopLevelBlocksForAutoSoc (Rule 121 of total 292) .... done (Time = 0.00s, Memory = 0.0K)
    Checking Rule Prereqs_InferLatch (Rule 122 of total 292) .... done (Time = 0.00s, Memory = 0.0K)
    Checking Rule STARC05-2.1.4.5 (Rule 123 of total 292) .... done (Time = 0.00s, Memory = 0.0K)
    Checking Rule STARC05-2.1.5.3 (Rule 124 of total 292) .... done (Time = 0.00s, Memory = 0.0K)
    Checking Rule STARC05-2.2.3.3 (Rule 125 of total 292) .... done (Time = 0.00s, Memory = 0.0K)
    Checking Rule STARC05-2.3.1.6 (Rule 126 of total 292) .... done (Time = 0.00s, Memory = 0.0K)
    Checking Rule STARC05-2.10.2.3 (Rule 127 of total 292) .... done (Time = 0.00s, Memory = 0.0K)
    Checking Rule STARC05-2.10.3.2a (Rule 128 of total 292) .... done (Time = 0.00s, Memory = 0.0K)
    Checking Rule STARC05-2.11.3.1 (Rule 129 of total 292) .... done (Time = 0.00s, Memory = 0.0K)
    Checking Rule STARC05-2.1.3.1 (Rule 130 of total 292) .... done (Time = 0.00s, Memory = 0.0K)
    Checking Rule STARC05-2.10.1.4a (Rule 131 of total 292) .... done (Time = 0.00s, Memory = 0.0K)
    Checking Rule STARC05-2.10.1.4b (Rule 132 of total 292) .... done (Time = 0.00s, Memory = 0.0K)
    Checking Rule sim_race02 (Rule 133 of total 292) .... done (Time = 0.00s, Memory = 0.0K)
    Checking Rule W339a (Rule 134 of total 292) .... done (Time = 0.00s, Memory = 0.0K)
    Checking Rule W110 (Rule 135 of total 292) .... done (Time = 0.00s, Memory = 0.0K)
    Checking Rule W122 (Rule 136 of total 292) .... done (Time = 0.00s, Memory = 0.0K)
    Checking Rule W496a (Rule 137 of total 292) .... done (Time = 0.00s, Memory = 0.0K)
    Checking Rule W496b (Rule 138 of total 292) .... done (Time = 0.00s, Memory = 0.0K)
    Checking Rule W19 (Rule 139 of total 292) .... done (Time = 0.00s, Memory = 0.0K)
    Checking Rule W66 (Rule 140 of total 292) .... done (Time = 0.00s, Memory = 0.0K)
    Checking Rule W116 (Rule 141 of total 292) .... done (Time = 0.00s, Memory = 0.0K)
    Checking Rule W123 (Rule 142 of total 292) .... done (Time = 0.00s, Memory = 0.0K)
    Checking Rule W156 (Rule 143 of total 292) .... done (Time = 0.00s, Memory = 0.0K)
    Checking Rule W215 (Rule 144 of total 292) .... done (Time = 0.00s, Memory = 0.0K)
    Checking Rule W216 (Rule 145 of total 292) .... done (Time = 0.00s, Memory = 0.0K)
    Checking Rule W218 (Rule 146 of total 292) .... done (Time = 0.00s, Memory = 0.0K)
    Checking Rule W224 (Rule 147 of total 292) .... done (Time = 0.00s, Memory = 0.0K)
    Checking Rule W263 (Rule 148 of total 292) .... done (Time = 0.00s, Memory = 0.0K)
    Checking Rule W289 (Rule 149 of total 292) .... done (Time = 0.00s, Memory = 0.0K)
    Checking Rule W337 (Rule 150 of total 292) .... done (Time = 0.00s, Memory = 0.0K)
    Checking Rule W416 (Rule 151 of total 292) .... done (Time = 0.00s, Memory = 0.0K)
    Checking Rule W352 (Rule 152 of total 292) .... done (Time = 0.00s, Memory = 0.0K)
    Checking Rule W362 (Rule 153 of total 292) .... done (Time = 0.00s, Memory = 0.0K)
    Checking Rule W415a (Rule 154 of total 292) .... done (Time = 0.00s, Memory = 0.0K)
    Checking Rule W486 (Rule 155 of total 292) .... done (Time = 0.00s, Memory = 0.0K)
    Checking Rule W499 (Rule 156 of total 292) .... done (Time = 0.00s, Memory = 0.0K)
    Checking Rule W502 (Rule 157 of total 292) .... done (Time = 0.00s, Memory = 0.0K)
    Checking Rule W116 (Rule 158 of total 292) .... done (Time = 0.00s, Memory = 0.0K)
    Checking Rule W122 (Rule 159 of total 292) .... done (Time = 0.00s, Memory = 0.0K)
    Checking Rule W123 (Rule 160 of total 292) .... done (Time = 0.00s, Memory = 0.0K)
    Checking Rule W156 (Rule 161 of total 292) .... done (Time = 0.00s, Memory = 0.0K)
    Checking Rule W71 (Rule 162 of total 292) .... done (Time = 0.00s, Memory = 0.0K)
    Checking Rule W240 (Rule 163 of total 292) .... done (Time = 0.00s, Memory = 0.0K)
    Checking Rule W240 (Rule 164 of total 292) .... done (Time = 0.00s, Memory = 0.0K)
    Checking Rule W287a (Rule 165 of total 292) .... done (Time = 0.00s, Memory = 0.0K)
    Checking Rule W287b (Rule 166 of total 292) .... done (Time = 0.00s, Memory = 0.0K)
    Checking Rule W293 (Rule 167 of total 292) .... done (Time = 0.00s, Memory = 0.0K)
    Checking Rule W398 (Rule 168 of total 292) .... done (Time = 0.00s, Memory = 0.0K)
    Checking Rule W424 (Rule 169 of total 292) .... done (Time = 0.00s, Memory = 0.0K)
    Checking Rule W467 (Rule 170 of total 292) .... done (Time = 0.00s, Memory = 0.0K)
    Checking Rule W505 (Rule 171 of total 292) .... done (Time = 0.00s, Memory = 0.0K)
    Checking Rule W505 (Rule 172 of total 292) .... done (Time = 0.00s, Memory = 0.0K)
    Checking Rule W528 (Rule 173 of total 292) .... done (Time = 0.00s, Memory = 0.0K)
    Checking Rule W528 (Rule 174 of total 292) .... done (Time = 0.00s, Memory = 512.0K)
    Checking Rule Prereqs_Usage (Rule 175 of total 292) .... done (Time = 0.00s, Memory = 0.0K)
    Checking Rule Prereqs_ConstantInput-ML (Rule 176 of total 292) .... done (Time = 0.00s, Memory = 0.0K)
    Checking Rule ReportPortInfo-ML (Rule 177 of total 292) .... done (Time = 0.00s, Memory = 0.0K)
    Checking Rule Prereqs_ReportPortInfo-ML (Rule 178 of total 292) .... done (Time = 0.00s, Memory = 0.0K)
    Checking Rule Prereqs_ReportPortInfo-ML (Rule 179 of total 292) .... done (Time = 0.00s, Memory = 0.0K)
    Checking Rule Prereqs_Elab_Hier_Dialog (Rule 180 of total 292) .... done (Time = 0.00s, Memory = 0.0K)
    Checking Rule NoAssignX-ML (Rule 181 of total 292) .... done (Time = 0.00s, Memory = 0.0K)
    Checking Rule ParamWidthMismatch-ML (Rule 182 of total 292) .... done (Time = 0.00s, Memory = 0.0K)
    Checking Rule Postreqs_Usage_ML (Rule 183 of total 292) .... done (Time = 0.00s, Memory = 0.0K)
    Checking Rule NoXInCase-ML (Rule 184 of total 292) .... done (Time = 0.00s, Memory = 0.0K)
Checking ELABDU Rules for designUnit WORK_prim_subreg_arb_16_0_0
    Checking Rule Ac_classify_param01 (Rule 118 of total 292) .... done (Time = 0.00s, Memory = 0.0K)
    Checking Rule AcOvlRtl (Rule 119 of total 292) .... done (Time = 0.00s, Memory = 0.0K)
    Checking Rule AcOvlRtl (Rule 120 of total 292) .... done (Time = 0.00s, Memory = 0.0K)
    Checking Rule GenTopLevelBlocksForAutoSoc (Rule 121 of total 292) .... done (Time = 0.00s, Memory = 0.0K)
    Checking Rule Prereqs_InferLatch (Rule 122 of total 292) .... done (Time = 0.00s, Memory = 0.0K)
    Checking Rule STARC05-2.1.4.5 (Rule 123 of total 292) .... done (Time = 0.00s, Memory = 0.0K)
    Checking Rule STARC05-2.1.5.3 (Rule 124 of total 292) .... done (Time = 0.00s, Memory = 0.0K)
    Checking Rule STARC05-2.2.3.3 (Rule 125 of total 292) .... done (Time = 0.00s, Memory = 0.0K)
    Checking Rule STARC05-2.3.1.6 (Rule 126 of total 292) .... done (Time = 0.00s, Memory = 0.0K)
    Checking Rule STARC05-2.10.2.3 (Rule 127 of total 292) .... done (Time = 0.00s, Memory = 0.0K)
    Checking Rule STARC05-2.10.3.2a (Rule 128 of total 292) .... done (Time = 0.00s, Memory = 0.0K)
    Checking Rule STARC05-2.11.3.1 (Rule 129 of total 292) .... done (Time = 0.00s, Memory = 0.0K)
    Checking Rule STARC05-2.1.3.1 (Rule 130 of total 292) .... done (Time = 0.00s, Memory = 0.0K)
    Checking Rule STARC05-2.10.1.4a (Rule 131 of total 292) .... done (Time = 0.00s, Memory = 0.0K)
    Checking Rule STARC05-2.10.1.4b (Rule 132 of total 292) .... done (Time = 0.00s, Memory = 0.0K)
    Checking Rule sim_race02 (Rule 133 of total 292) .... done (Time = 0.00s, Memory = 0.0K)
    Checking Rule W339a (Rule 134 of total 292) .... done (Time = 0.00s, Memory = 0.0K)
    Checking Rule W110 (Rule 135 of total 292) .... done (Time = 0.00s, Memory = 0.0K)
    Checking Rule W122 (Rule 136 of total 292) .... done (Time = 0.00s, Memory = 0.0K)
    Checking Rule W496a (Rule 137 of total 292) .... done (Time = 0.00s, Memory = 0.0K)
    Checking Rule W496b (Rule 138 of total 292) .... done (Time = 0.00s, Memory = 0.0K)
    Checking Rule W19 (Rule 139 of total 292) .... done (Time = 0.00s, Memory = 0.0K)
    Checking Rule W66 (Rule 140 of total 292) .... done (Time = 0.00s, Memory = 0.0K)
    Checking Rule W116 (Rule 141 of total 292) .... done (Time = 0.00s, Memory = 0.0K)
    Checking Rule W123 (Rule 142 of total 292) .... done (Time = 0.00s, Memory = 0.0K)
    Checking Rule W156 (Rule 143 of total 292) .... done (Time = 0.00s, Memory = 0.0K)
    Checking Rule W215 (Rule 144 of total 292) .... done (Time = 0.00s, Memory = 0.0K)
    Checking Rule W216 (Rule 145 of total 292) .... done (Time = 0.00s, Memory = 0.0K)
    Checking Rule W218 (Rule 146 of total 292) .... done (Time = 0.00s, Memory = 0.0K)
    Checking Rule W224 (Rule 147 of total 292) .... done (Time = 0.00s, Memory = 0.0K)
    Checking Rule W263 (Rule 148 of total 292) .... done (Time = 0.00s, Memory = 0.0K)
    Checking Rule W289 (Rule 149 of total 292) .... done (Time = 0.00s, Memory = 0.0K)
    Checking Rule W337 (Rule 150 of total 292) .... done (Time = 0.00s, Memory = 0.0K)
    Checking Rule W416 (Rule 151 of total 292) .... done (Time = 0.00s, Memory = 0.0K)
    Checking Rule W352 (Rule 152 of total 292) .... done (Time = 0.00s, Memory = 0.0K)
    Checking Rule W362 (Rule 153 of total 292) .... done (Time = 0.00s, Memory = 0.0K)
    Checking Rule W415a (Rule 154 of total 292) .... done (Time = 0.00s, Memory = 0.0K)
    Checking Rule W486 (Rule 155 of total 292) .... done (Time = 0.00s, Memory = 0.0K)
    Checking Rule W499 (Rule 156 of total 292) .... done (Time = 0.00s, Memory = 0.0K)
    Checking Rule W502 (Rule 157 of total 292) .... done (Time = 0.00s, Memory = 0.0K)
    Checking Rule W116 (Rule 158 of total 292) .... done (Time = 0.00s, Memory = 0.0K)
    Checking Rule W122 (Rule 159 of total 292) .... done (Time = 0.00s, Memory = 0.0K)
    Checking Rule W123 (Rule 160 of total 292) .... done (Time = 0.00s, Memory = 0.0K)
    Checking Rule W156 (Rule 161 of total 292) .... done (Time = 0.00s, Memory = 0.0K)
    Checking Rule W71 (Rule 162 of total 292) .... done (Time = 0.00s, Memory = 0.0K)
    Checking Rule W240 (Rule 163 of total 292) .... done (Time = 0.00s, Memory = 0.0K)
    Checking Rule W240 (Rule 164 of total 292) .... done (Time = 0.00s, Memory = 0.0K)
    Checking Rule W287a (Rule 165 of total 292) .... done (Time = 0.00s, Memory = 0.0K)
    Checking Rule W287b (Rule 166 of total 292) .... done (Time = 0.00s, Memory = 0.0K)
    Checking Rule W293 (Rule 167 of total 292) .... done (Time = 0.00s, Memory = 0.0K)
    Checking Rule W398 (Rule 168 of total 292) .... done (Time = 0.00s, Memory = 0.0K)
    Checking Rule W424 (Rule 169 of total 292) .... done (Time = 0.00s, Memory = 0.0K)
    Checking Rule W467 (Rule 170 of total 292) .... done (Time = 0.00s, Memory = 0.0K)
    Checking Rule W505 (Rule 171 of total 292) .... done (Time = 0.00s, Memory = 0.0K)
    Checking Rule W505 (Rule 172 of total 292) .... done (Time = 0.00s, Memory = 0.0K)
    Checking Rule W528 (Rule 173 of total 292) .... done (Time = 0.00s, Memory = 0.0K)
    Checking Rule W528 (Rule 174 of total 292) .... done (Time = 0.00s, Memory = 512.0K)
    Checking Rule Prereqs_Usage (Rule 175 of total 292) .... done (Time = 0.00s, Memory = 0.0K)
    Checking Rule Prereqs_ConstantInput-ML (Rule 176 of total 292) .... done (Time = 0.00s, Memory = 0.0K)
    Checking Rule ReportPortInfo-ML (Rule 177 of total 292) .... done (Time = 0.00s, Memory = 0.0K)
    Checking Rule Prereqs_ReportPortInfo-ML (Rule 178 of total 292) .... done (Time = 0.00s, Memory = 0.0K)
    Checking Rule Prereqs_ReportPortInfo-ML (Rule 179 of total 292) .... done (Time = 0.00s, Memory = 0.0K)
    Checking Rule Prereqs_Elab_Hier_Dialog (Rule 180 of total 292) .... done (Time = 0.00s, Memory = 0.0K)
    Checking Rule NoAssignX-ML (Rule 181 of total 292) .... done (Time = 0.00s, Memory = 0.0K)
    Checking Rule ParamWidthMismatch-ML (Rule 182 of total 292) .... done (Time = 0.00s, Memory = 0.0K)
    Checking Rule Postreqs_Usage_ML (Rule 183 of total 292) .... done (Time = 0.00s, Memory = 0.0K)
    Checking Rule NoXInCase-ML (Rule 184 of total 292) .... done (Time = 0.00s, Memory = 0.0K)
Checking ELABDU Rules for designUnit WORK_prim_subreg_ext_8
    Checking Rule Ac_classify_param01 (Rule 118 of total 292) .... done (Time = 0.00s, Memory = 0.0K)
    Checking Rule AcOvlRtl (Rule 119 of total 292) .... done (Time = 0.00s, Memory = 0.0K)
    Checking Rule AcOvlRtl (Rule 120 of total 292) .... done (Time = 0.00s, Memory = 0.0K)
    Checking Rule GenTopLevelBlocksForAutoSoc (Rule 121 of total 292) .... done (Time = 0.00s, Memory = 0.0K)
    Checking Rule Prereqs_InferLatch (Rule 122 of total 292) .... done (Time = 0.00s, Memory = 0.0K)
    Checking Rule STARC05-2.1.4.5 (Rule 123 of total 292) .... done (Time = 0.00s, Memory = 0.0K)
    Checking Rule STARC05-2.1.5.3 (Rule 124 of total 292) .... done (Time = 0.00s, Memory = 0.0K)
    Checking Rule STARC05-2.2.3.3 (Rule 125 of total 292) .... done (Time = 0.00s, Memory = 0.0K)
    Checking Rule STARC05-2.3.1.6 (Rule 126 of total 292) .... done (Time = 0.00s, Memory = 0.0K)
    Checking Rule STARC05-2.10.2.3 (Rule 127 of total 292) .... done (Time = 0.00s, Memory = 0.0K)
    Checking Rule STARC05-2.10.3.2a (Rule 128 of total 292) .... done (Time = 0.00s, Memory = 0.0K)
    Checking Rule STARC05-2.11.3.1 (Rule 129 of total 292) .... done (Time = 0.00s, Memory = 0.0K)
    Checking Rule STARC05-2.1.3.1 (Rule 130 of total 292) .... done (Time = 0.00s, Memory = 0.0K)
    Checking Rule STARC05-2.10.1.4a (Rule 131 of total 292) .... done (Time = 0.00s, Memory = 0.0K)
    Checking Rule STARC05-2.10.1.4b (Rule 132 of total 292) .... done (Time = 0.00s, Memory = 0.0K)
    Checking Rule sim_race02 (Rule 133 of total 292) .... done (Time = 0.00s, Memory = 0.0K)
    Checking Rule W339a (Rule 134 of total 292) .... done (Time = 0.00s, Memory = 0.0K)
    Checking Rule W110 (Rule 135 of total 292) .... done (Time = 0.00s, Memory = 0.0K)
    Checking Rule W122 (Rule 136 of total 292) .... done (Time = 0.00s, Memory = 0.0K)
    Checking Rule W496a (Rule 137 of total 292) .... done (Time = 0.00s, Memory = 0.0K)
    Checking Rule W496b (Rule 138 of total 292) .... done (Time = 0.00s, Memory = 0.0K)
    Checking Rule W19 (Rule 139 of total 292) .... done (Time = 0.00s, Memory = 0.0K)
    Checking Rule W66 (Rule 140 of total 292) .... done (Time = 0.00s, Memory = 0.0K)
    Checking Rule W116 (Rule 141 of total 292) .... done (Time = 0.00s, Memory = 0.0K)
    Checking Rule W123 (Rule 142 of total 292) .... done (Time = 0.00s, Memory = 0.0K)
    Checking Rule W156 (Rule 143 of total 292) .... done (Time = 0.00s, Memory = 0.0K)
    Checking Rule W215 (Rule 144 of total 292) .... done (Time = 0.00s, Memory = 0.0K)
    Checking Rule W216 (Rule 145 of total 292) .... done (Time = 0.00s, Memory = 0.0K)
    Checking Rule W218 (Rule 146 of total 292) .... done (Time = 0.00s, Memory = 0.0K)
    Checking Rule W224 (Rule 147 of total 292) .... done (Time = 0.00s, Memory = 0.0K)
    Checking Rule W263 (Rule 148 of total 292) .... done (Time = 0.00s, Memory = 0.0K)
    Checking Rule W289 (Rule 149 of total 292) .... done (Time = 0.00s, Memory = 0.0K)
    Checking Rule W337 (Rule 150 of total 292) .... done (Time = 0.00s, Memory = 0.0K)
    Checking Rule W416 (Rule 151 of total 292) .... done (Time = 0.00s, Memory = 0.0K)
    Checking Rule W352 (Rule 152 of total 292) .... done (Time = 0.00s, Memory = 0.0K)
    Checking Rule W362 (Rule 153 of total 292) .... done (Time = 0.00s, Memory = 0.0K)
    Checking Rule W415a (Rule 154 of total 292) .... done (Time = 0.00s, Memory = 0.0K)
    Checking Rule W486 (Rule 155 of total 292) .... done (Time = 0.00s, Memory = 0.0K)
    Checking Rule W499 (Rule 156 of total 292) .... done (Time = 0.00s, Memory = 0.0K)
    Checking Rule W502 (Rule 157 of total 292) .... done (Time = 0.00s, Memory = 0.0K)
    Checking Rule W116 (Rule 158 of total 292) .... done (Time = 0.00s, Memory = 0.0K)
    Checking Rule W122 (Rule 159 of total 292) .... done (Time = 0.00s, Memory = 0.0K)
    Checking Rule W123 (Rule 160 of total 292) .... done (Time = 0.00s, Memory = 0.0K)
    Checking Rule W156 (Rule 161 of total 292) .... done (Time = 0.00s, Memory = 0.0K)
    Checking Rule W71 (Rule 162 of total 292) .... done (Time = 0.00s, Memory = 0.0K)
    Checking Rule W240 (Rule 163 of total 292) .... done (Time = 0.00s, Memory = 0.0K)
    Checking Rule W240 (Rule 164 of total 292) .... done (Time = 0.00s, Memory = 0.0K)
    Checking Rule W287a (Rule 165 of total 292) .... done (Time = 0.00s, Memory = 0.0K)
    Checking Rule W287b (Rule 166 of total 292) .... done (Time = 0.00s, Memory = 0.0K)
    Checking Rule W293 (Rule 167 of total 292) .... done (Time = 0.00s, Memory = 0.0K)
    Checking Rule W398 (Rule 168 of total 292) .... done (Time = 0.00s, Memory = 0.0K)
    Checking Rule W424 (Rule 169 of total 292) .... done (Time = 0.00s, Memory = 0.0K)
    Checking Rule W467 (Rule 170 of total 292) .... done (Time = 0.00s, Memory = 0.0K)
    Checking Rule W505 (Rule 171 of total 292) .... done (Time = 0.00s, Memory = 0.0K)
    Checking Rule W505 (Rule 172 of total 292) .... done (Time = 0.00s, Memory = 0.0K)
    Checking Rule W528 (Rule 173 of total 292) .... done (Time = 0.00s, Memory = 0.0K)
    Checking Rule W528 (Rule 174 of total 292) .... done (Time = 0.00s, Memory = 512.0K)
    Checking Rule Prereqs_Usage (Rule 175 of total 292) .... done (Time = 0.00s, Memory = 0.0K)
    Checking Rule Prereqs_ConstantInput-ML (Rule 176 of total 292) .... done (Time = 0.00s, Memory = 0.0K)
    Checking Rule ReportPortInfo-ML (Rule 177 of total 292) .... done (Time = 0.00s, Memory = 0.0K)
    Checking Rule Prereqs_ReportPortInfo-ML (Rule 178 of total 292) .... done (Time = 0.00s, Memory = 0.0K)
    Checking Rule Prereqs_ReportPortInfo-ML (Rule 179 of total 292) .... done (Time = 0.00s, Memory = 0.0K)
    Checking Rule Prereqs_Elab_Hier_Dialog (Rule 180 of total 292) .... done (Time = 0.00s, Memory = 0.0K)
    Checking Rule NoAssignX-ML (Rule 181 of total 292) .... done (Time = 0.00s, Memory = 0.0K)
    Checking Rule ParamWidthMismatch-ML (Rule 182 of total 292) .... done (Time = 0.00s, Memory = 0.0K)
    Checking Rule Postreqs_Usage_ML (Rule 183 of total 292) .... done (Time = 0.00s, Memory = 0.0K)
    Checking Rule NoXInCase-ML (Rule 184 of total 292) .... done (Time = 0.00s, Memory = 0.0K)
Checking ELABDU Rules for designUnit WORK_prim_flop_1_0
    Checking Rule Ac_classify_param01 (Rule 118 of total 292) .... done (Time = 0.00s, Memory = 0.0K)
    Checking Rule AcOvlRtl (Rule 119 of total 292) .... done (Time = 0.00s, Memory = 0.0K)
    Checking Rule AcOvlRtl (Rule 120 of total 292) .... done (Time = 0.00s, Memory = 0.0K)
    Checking Rule GenTopLevelBlocksForAutoSoc (Rule 121 of total 292) .... done (Time = 0.00s, Memory = 0.0K)
    Checking Rule Prereqs_InferLatch (Rule 122 of total 292) .... done (Time = 0.00s, Memory = 0.0K)
    Checking Rule STARC05-2.1.4.5 (Rule 123 of total 292) .... done (Time = 0.00s, Memory = 0.0K)
    Checking Rule STARC05-2.1.5.3 (Rule 124 of total 292) .... done (Time = 0.00s, Memory = 0.0K)
    Checking Rule STARC05-2.2.3.3 (Rule 125 of total 292) .... done (Time = 0.00s, Memory = 0.0K)
    Checking Rule STARC05-2.3.1.6 (Rule 126 of total 292) .... done (Time = 0.00s, Memory = 0.0K)
    Checking Rule STARC05-2.10.2.3 (Rule 127 of total 292) .... done (Time = 0.00s, Memory = 0.0K)
    Checking Rule STARC05-2.10.3.2a (Rule 128 of total 292) .... done (Time = 0.00s, Memory = 0.0K)
    Checking Rule STARC05-2.11.3.1 (Rule 129 of total 292) .... done (Time = 0.00s, Memory = 0.0K)
    Checking Rule STARC05-2.1.3.1 (Rule 130 of total 292) .... done (Time = 0.00s, Memory = 0.0K)
    Checking Rule STARC05-2.10.1.4a (Rule 131 of total 292) .... done (Time = 0.00s, Memory = 0.0K)
    Checking Rule STARC05-2.10.1.4b (Rule 132 of total 292) .... done (Time = 0.00s, Memory = 0.0K)
    Checking Rule sim_race02 (Rule 133 of total 292) .... done (Time = 0.00s, Memory = 0.0K)
    Checking Rule W339a (Rule 134 of total 292) .... done (Time = 0.00s, Memory = 0.0K)
    Checking Rule W110 (Rule 135 of total 292) .... done (Time = 0.00s, Memory = 0.0K)
    Checking Rule W122 (Rule 136 of total 292) .... done (Time = 0.00s, Memory = 0.0K)
    Checking Rule W496a (Rule 137 of total 292) .... done (Time = 0.00s, Memory = 0.0K)
    Checking Rule W496b (Rule 138 of total 292) .... done (Time = 0.00s, Memory = 0.0K)
    Checking Rule W19 (Rule 139 of total 292) .... done (Time = 0.00s, Memory = 0.0K)
    Checking Rule W66 (Rule 140 of total 292) .... done (Time = 0.00s, Memory = 0.0K)
    Checking Rule W116 (Rule 141 of total 292) .... done (Time = 0.00s, Memory = 0.0K)
    Checking Rule W123 (Rule 142 of total 292) .... done (Time = 0.00s, Memory = 0.0K)
    Checking Rule W156 (Rule 143 of total 292) .... done (Time = 0.00s, Memory = 0.0K)
    Checking Rule W215 (Rule 144 of total 292) .... done (Time = 0.00s, Memory = 0.0K)
    Checking Rule W216 (Rule 145 of total 292) .... done (Time = 0.00s, Memory = 0.0K)
    Checking Rule W218 (Rule 146 of total 292) .... done (Time = 0.00s, Memory = 0.0K)
    Checking Rule W224 (Rule 147 of total 292) .... done (Time = 0.00s, Memory = 0.0K)
    Checking Rule W263 (Rule 148 of total 292) .... done (Time = 0.00s, Memory = 0.0K)
    Checking Rule W289 (Rule 149 of total 292) .... done (Time = 0.00s, Memory = 0.0K)
    Checking Rule W337 (Rule 150 of total 292) .... done (Time = 0.00s, Memory = 0.0K)
    Checking Rule W416 (Rule 151 of total 292) .... done (Time = 0.00s, Memory = 0.0K)
    Checking Rule W352 (Rule 152 of total 292) .... done (Time = 0.00s, Memory = 0.0K)
    Checking Rule W362 (Rule 153 of total 292) .... done (Time = 0.00s, Memory = 0.0K)
    Checking Rule W415a (Rule 154 of total 292) .... done (Time = 0.00s, Memory = 0.0K)
    Checking Rule W486 (Rule 155 of total 292) .... done (Time = 0.00s, Memory = 0.0K)
    Checking Rule W499 (Rule 156 of total 292) .... done (Time = 0.00s, Memory = 0.0K)
    Checking Rule W502 (Rule 157 of total 292) .... done (Time = 0.00s, Memory = 0.0K)
    Checking Rule W116 (Rule 158 of total 292) .... done (Time = 0.00s, Memory = 0.0K)
    Checking Rule W122 (Rule 159 of total 292) .... done (Time = 0.00s, Memory = 0.0K)
    Checking Rule W123 (Rule 160 of total 292) .... done (Time = 0.00s, Memory = 0.0K)
    Checking Rule W156 (Rule 161 of total 292) .... done (Time = 0.00s, Memory = 0.0K)
    Checking Rule W71 (Rule 162 of total 292) .... done (Time = 0.00s, Memory = 0.0K)
    Checking Rule W240 (Rule 163 of total 292) .... done (Time = 0.00s, Memory = 0.0K)
    Checking Rule W240 (Rule 164 of total 292) .... done (Time = 0.00s, Memory = 0.0K)
    Checking Rule W287a (Rule 165 of total 292) .... done (Time = 0.00s, Memory = 0.0K)
    Checking Rule W287b (Rule 166 of total 292) .... done (Time = 0.00s, Memory = 0.0K)
    Checking Rule W293 (Rule 167 of total 292) .... done (Time = 0.00s, Memory = 0.0K)
    Checking Rule W398 (Rule 168 of total 292) .... done (Time = 0.00s, Memory = 0.0K)
    Checking Rule W424 (Rule 169 of total 292) .... done (Time = 0.00s, Memory = 0.0K)
    Checking Rule W467 (Rule 170 of total 292) .... done (Time = 0.00s, Memory = 0.0K)
    Checking Rule W505 (Rule 171 of total 292) .... done (Time = 0.00s, Memory = 0.0K)
    Checking Rule W505 (Rule 172 of total 292) .... done (Time = 0.00s, Memory = 0.0K)
    Checking Rule W528 (Rule 173 of total 292) .... done (Time = 0.00s, Memory = 0.0K)
    Checking Rule W528 (Rule 174 of total 292) .... done (Time = 0.00s, Memory = 512.0K)
    Checking Rule Prereqs_Usage (Rule 175 of total 292) .... done (Time = 0.00s, Memory = 0.0K)
    Checking Rule Prereqs_ConstantInput-ML (Rule 176 of total 292) .... done (Time = 0.00s, Memory = 0.0K)
    Checking Rule ReportPortInfo-ML (Rule 177 of total 292) .... done (Time = 0.00s, Memory = 0.0K)
    Checking Rule Prereqs_ReportPortInfo-ML (Rule 178 of total 292) .... done (Time = 0.00s, Memory = 0.0K)
    Checking Rule Prereqs_ReportPortInfo-ML (Rule 179 of total 292) .... done (Time = 0.00s, Memory = 0.0K)
    Checking Rule Prereqs_Elab_Hier_Dialog (Rule 180 of total 292) .... done (Time = 0.00s, Memory = 0.0K)
    Checking Rule NoAssignX-ML (Rule 181 of total 292) .... done (Time = 0.00s, Memory = 0.0K)
    Checking Rule ParamWidthMismatch-ML (Rule 182 of total 292) .... done (Time = 0.00s, Memory = 0.0K)
    Checking Rule Postreqs_Usage_ML (Rule 183 of total 292) .... done (Time = 0.00s, Memory = 0.0K)
    Checking Rule NoXInCase-ML (Rule 184 of total 292) .... done (Time = 0.00s, Memory = 0.0K)
Checking ELABDU Rules for designUnit WORK_prim_subreg_8_2_0_0
    Checking Rule Ac_classify_param01 (Rule 118 of total 292) .... done (Time = 0.00s, Memory = 0.0K)
    Checking Rule AcOvlRtl (Rule 119 of total 292) .... done (Time = 0.00s, Memory = 0.0K)
    Checking Rule AcOvlRtl (Rule 120 of total 292) .... done (Time = 0.00s, Memory = 0.0K)
    Checking Rule GenTopLevelBlocksForAutoSoc (Rule 121 of total 292) .... done (Time = 0.00s, Memory = 0.0K)
    Checking Rule Prereqs_InferLatch (Rule 122 of total 292) .... done (Time = 0.00s, Memory = 0.0K)
    Checking Rule STARC05-2.1.4.5 (Rule 123 of total 292) .... done (Time = 0.00s, Memory = 0.0K)
    Checking Rule STARC05-2.1.5.3 (Rule 124 of total 292) .... done (Time = 0.00s, Memory = 0.0K)
    Checking Rule STARC05-2.2.3.3 (Rule 125 of total 292) .... done (Time = 0.00s, Memory = 0.0K)
    Checking Rule STARC05-2.3.1.6 (Rule 126 of total 292) .... done (Time = 0.00s, Memory = 0.0K)
    Checking Rule STARC05-2.10.2.3 (Rule 127 of total 292) .... done (Time = 0.00s, Memory = 0.0K)
    Checking Rule STARC05-2.10.3.2a (Rule 128 of total 292) .... done (Time = 0.00s, Memory = 0.0K)
    Checking Rule STARC05-2.11.3.1 (Rule 129 of total 292) .... done (Time = 0.00s, Memory = 0.0K)
    Checking Rule STARC05-2.1.3.1 (Rule 130 of total 292) .... done (Time = 0.00s, Memory = 0.0K)
    Checking Rule STARC05-2.10.1.4a (Rule 131 of total 292) .... done (Time = 0.00s, Memory = 0.0K)
    Checking Rule STARC05-2.10.1.4b (Rule 132 of total 292) .... done (Time = 0.00s, Memory = 0.0K)
    Checking Rule sim_race02 (Rule 133 of total 292) .... done (Time = 0.00s, Memory = 0.0K)
    Checking Rule W339a (Rule 134 of total 292) .... done (Time = 0.00s, Memory = 0.0K)
    Checking Rule W110 (Rule 135 of total 292) .... done (Time = 0.00s, Memory = 0.0K)
    Checking Rule W122 (Rule 136 of total 292) .... done (Time = 0.00s, Memory = 0.0K)
    Checking Rule W496a (Rule 137 of total 292) .... done (Time = 0.00s, Memory = 0.0K)
    Checking Rule W496b (Rule 138 of total 292) .... done (Time = 0.00s, Memory = 0.0K)
    Checking Rule W19 (Rule 139 of total 292) .... done (Time = 0.00s, Memory = 0.0K)
    Checking Rule W66 (Rule 140 of total 292) .... done (Time = 0.00s, Memory = 0.0K)
    Checking Rule W116 (Rule 141 of total 292) .... done (Time = 0.00s, Memory = 0.0K)
    Checking Rule W123 (Rule 142 of total 292) .... done (Time = 0.00s, Memory = 0.0K)
    Checking Rule W156 (Rule 143 of total 292) .... done (Time = 0.00s, Memory = 0.0K)
    Checking Rule W215 (Rule 144 of total 292) .... done (Time = 0.00s, Memory = 0.0K)
    Checking Rule W216 (Rule 145 of total 292) .... done (Time = 0.00s, Memory = 0.0K)
    Checking Rule W218 (Rule 146 of total 292) .... done (Time = 0.00s, Memory = 0.0K)
    Checking Rule W224 (Rule 147 of total 292) .... done (Time = 0.00s, Memory = 0.0K)
    Checking Rule W263 (Rule 148 of total 292) .... done (Time = 0.00s, Memory = 0.0K)
    Checking Rule W289 (Rule 149 of total 292) .... done (Time = 0.00s, Memory = 0.0K)
    Checking Rule W337 (Rule 150 of total 292) .... done (Time = 0.00s, Memory = 0.0K)
    Checking Rule W416 (Rule 151 of total 292) .... done (Time = 0.00s, Memory = 0.0K)
    Checking Rule W352 (Rule 152 of total 292) .... done (Time = 0.00s, Memory = 0.0K)
    Checking Rule W362 (Rule 153 of total 292) .... done (Time = 0.00s, Memory = 0.0K)
    Checking Rule W415a (Rule 154 of total 292) .... done (Time = 0.00s, Memory = 0.0K)
    Checking Rule W486 (Rule 155 of total 292) .... done (Time = 0.00s, Memory = 0.0K)
    Checking Rule W499 (Rule 156 of total 292) .... done (Time = 0.00s, Memory = 0.0K)
    Checking Rule W502 (Rule 157 of total 292) .... done (Time = 0.00s, Memory = 0.0K)
    Checking Rule W116 (Rule 158 of total 292) .... done (Time = 0.00s, Memory = 0.0K)
    Checking Rule W122 (Rule 159 of total 292) .... done (Time = 0.00s, Memory = 0.0K)
    Checking Rule W123 (Rule 160 of total 292) .... done (Time = 0.00s, Memory = 0.0K)
    Checking Rule W156 (Rule 161 of total 292) .... done (Time = 0.00s, Memory = 0.0K)
    Checking Rule W71 (Rule 162 of total 292) .... done (Time = 0.00s, Memory = 0.0K)
    Checking Rule W240 (Rule 163 of total 292) .... done (Time = 0.00s, Memory = 0.0K)
    Checking Rule W240 (Rule 164 of total 292) .... done (Time = 0.00s, Memory = 0.0K)
    Checking Rule W287a (Rule 165 of total 292) .... done (Time = 0.00s, Memory = 0.0K)
    Checking Rule W287b (Rule 166 of total 292) .... done (Time = 0.00s, Memory = 0.0K)
    Checking Rule W293 (Rule 167 of total 292) .... done (Time = 0.00s, Memory = 0.0K)
    Checking Rule W398 (Rule 168 of total 292) .... done (Time = 0.00s, Memory = 0.0K)
    Checking Rule W424 (Rule 169 of total 292) .... done (Time = 0.00s, Memory = 0.0K)
    Checking Rule W467 (Rule 170 of total 292) .... done (Time = 0.00s, Memory = 0.0K)
    Checking Rule W505 (Rule 171 of total 292) .... done (Time = 0.00s, Memory = 0.0K)
    Checking Rule W505 (Rule 172 of total 292) .... done (Time = 0.00s, Memory = 0.0K)
    Checking Rule W528 (Rule 173 of total 292) .... done (Time = 0.00s, Memory = 0.0K)
    Checking Rule W528 (Rule 174 of total 292) .... done (Time = 0.00s, Memory = 512.0K)
    Checking Rule Prereqs_Usage (Rule 175 of total 292) .... done (Time = 0.00s, Memory = 0.0K)
    Checking Rule Prereqs_ConstantInput-ML (Rule 176 of total 292) .... done (Time = 0.00s, Memory = 0.0K)
    Checking Rule ReportPortInfo-ML (Rule 177 of total 292) .... done (Time = 0.00s, Memory = 0.0K)
    Checking Rule Prereqs_ReportPortInfo-ML (Rule 178 of total 292) .... done (Time = 0.00s, Memory = 0.0K)
    Checking Rule Prereqs_ReportPortInfo-ML (Rule 179 of total 292) .... done (Time = 0.00s, Memory = 0.0K)
    Checking Rule Prereqs_Elab_Hier_Dialog (Rule 180 of total 292) .... done (Time = 0.00s, Memory = 0.0K)
    Checking Rule NoAssignX-ML (Rule 181 of total 292) .... done (Time = 0.00s, Memory = 0.0K)
    Checking Rule ParamWidthMismatch-ML (Rule 182 of total 292) .... done (Time = 0.00s, Memory = 0.0K)
    Checking Rule Postreqs_Usage_ML (Rule 183 of total 292) .... done (Time = 0.00s, Memory = 0.0K)
    Checking Rule NoXInCase-ML (Rule 184 of total 292) .... done (Time = 0.00s, Memory = 0.0K)
Checking ELABDU Rules for designUnit WORK_prim_subreg_arb_8_2_0
    Checking Rule Ac_classify_param01 (Rule 118 of total 292) .... done (Time = 0.00s, Memory = 0.0K)
    Checking Rule AcOvlRtl (Rule 119 of total 292) .... done (Time = 0.00s, Memory = 0.0K)
    Checking Rule AcOvlRtl (Rule 120 of total 292) .... done (Time = 0.00s, Memory = 0.0K)
    Checking Rule GenTopLevelBlocksForAutoSoc (Rule 121 of total 292) .... done (Time = 0.00s, Memory = 0.0K)
    Checking Rule Prereqs_InferLatch (Rule 122 of total 292) .... done (Time = 0.00s, Memory = 0.0K)
    Checking Rule STARC05-2.1.4.5 (Rule 123 of total 292) .... done (Time = 0.00s, Memory = 0.0K)
    Checking Rule STARC05-2.1.5.3 (Rule 124 of total 292) .... done (Time = 0.00s, Memory = 0.0K)
    Checking Rule STARC05-2.2.3.3 (Rule 125 of total 292) .... done (Time = 0.00s, Memory = 0.0K)
    Checking Rule STARC05-2.3.1.6 (Rule 126 of total 292) .... done (Time = 0.00s, Memory = 0.0K)
    Checking Rule STARC05-2.10.2.3 (Rule 127 of total 292) .... done (Time = 0.00s, Memory = 0.0K)
    Checking Rule STARC05-2.10.3.2a (Rule 128 of total 292) .... done (Time = 0.00s, Memory = 0.0K)
    Checking Rule STARC05-2.11.3.1 (Rule 129 of total 292) .... done (Time = 0.00s, Memory = 0.0K)
    Checking Rule STARC05-2.1.3.1 (Rule 130 of total 292) .... done (Time = 0.00s, Memory = 0.0K)
    Checking Rule STARC05-2.10.1.4a (Rule 131 of total 292) .... done (Time = 0.00s, Memory = 0.0K)
    Checking Rule STARC05-2.10.1.4b (Rule 132 of total 292) .... done (Time = 0.00s, Memory = 0.0K)
    Checking Rule sim_race02 (Rule 133 of total 292) .... done (Time = 0.00s, Memory = 0.0K)
    Checking Rule W339a (Rule 134 of total 292) .... done (Time = 0.00s, Memory = 0.0K)
    Checking Rule W110 (Rule 135 of total 292) .... done (Time = 0.00s, Memory = 0.0K)
    Checking Rule W122 (Rule 136 of total 292) .... done (Time = 0.00s, Memory = 0.0K)
    Checking Rule W496a (Rule 137 of total 292) .... done (Time = 0.00s, Memory = 0.0K)
    Checking Rule W496b (Rule 138 of total 292) .... done (Time = 0.00s, Memory = 0.0K)
    Checking Rule W19 (Rule 139 of total 292) .... done (Time = 0.00s, Memory = 0.0K)
    Checking Rule W66 (Rule 140 of total 292) .... done (Time = 0.00s, Memory = 0.0K)
    Checking Rule W116 (Rule 141 of total 292) .... done (Time = 0.00s, Memory = 0.0K)
    Checking Rule W123 (Rule 142 of total 292) .... done (Time = 0.00s, Memory = 0.0K)
    Checking Rule W156 (Rule 143 of total 292) .... done (Time = 0.00s, Memory = 0.0K)
    Checking Rule W215 (Rule 144 of total 292) .... done (Time = 0.00s, Memory = 0.0K)
    Checking Rule W216 (Rule 145 of total 292) .... done (Time = 0.00s, Memory = 0.0K)
    Checking Rule W218 (Rule 146 of total 292) .... done (Time = 0.00s, Memory = 0.0K)
    Checking Rule W224 (Rule 147 of total 292) .... done (Time = 0.00s, Memory = 0.0K)
    Checking Rule W263 (Rule 148 of total 292) .... done (Time = 0.00s, Memory = 0.0K)
    Checking Rule W289 (Rule 149 of total 292) .... done (Time = 0.00s, Memory = 0.0K)
    Checking Rule W337 (Rule 150 of total 292) .... done (Time = 0.00s, Memory = 0.0K)
    Checking Rule W416 (Rule 151 of total 292) .... done (Time = 0.00s, Memory = 0.0K)
    Checking Rule W352 (Rule 152 of total 292) .... done (Time = 0.00s, Memory = 0.0K)
    Checking Rule W362 (Rule 153 of total 292) .... done (Time = 0.00s, Memory = 0.0K)
    Checking Rule W415a (Rule 154 of total 292) .... done (Time = 0.00s, Memory = 0.0K)
    Checking Rule W486 (Rule 155 of total 292) .... done (Time = 0.00s, Memory = 0.0K)
    Checking Rule W499 (Rule 156 of total 292) .... done (Time = 0.00s, Memory = 0.0K)
    Checking Rule W502 (Rule 157 of total 292) .... done (Time = 0.00s, Memory = 0.0K)
    Checking Rule W116 (Rule 158 of total 292) .... done (Time = 0.00s, Memory = 0.0K)
    Checking Rule W122 (Rule 159 of total 292) .... done (Time = 0.00s, Memory = 0.0K)
    Checking Rule W123 (Rule 160 of total 292) .... done (Time = 0.00s, Memory = 0.0K)
    Checking Rule W156 (Rule 161 of total 292) .... done (Time = 0.00s, Memory = 0.0K)
    Checking Rule W71 (Rule 162 of total 292) .... done (Time = 0.00s, Memory = 0.0K)
    Checking Rule W240 (Rule 163 of total 292) .... done (Time = 0.00s, Memory = 0.0K)
    Checking Rule W240 (Rule 164 of total 292) .... done (Time = 0.00s, Memory = 0.0K)
    Checking Rule W287a (Rule 165 of total 292) .... done (Time = 0.00s, Memory = 0.0K)
    Checking Rule W287b (Rule 166 of total 292) .... done (Time = 0.00s, Memory = 0.0K)
    Checking Rule W293 (Rule 167 of total 292) .... done (Time = 0.00s, Memory = 0.0K)
    Checking Rule W398 (Rule 168 of total 292) .... done (Time = 0.00s, Memory = 0.0K)
    Checking Rule W424 (Rule 169 of total 292) .... done (Time = 0.00s, Memory = 0.0K)
    Checking Rule W467 (Rule 170 of total 292) .... done (Time = 0.00s, Memory = 0.0K)
    Checking Rule W505 (Rule 171 of total 292) .... done (Time = 0.00s, Memory = 0.0K)
    Checking Rule W505 (Rule 172 of total 292) .... done (Time = 0.00s, Memory = 0.0K)
    Checking Rule W528 (Rule 173 of total 292) .... done (Time = 0.00s, Memory = 0.0K)
    Checking Rule W528 (Rule 174 of total 292) .... done (Time = 0.00s, Memory = 512.0K)
    Checking Rule Prereqs_Usage (Rule 175 of total 292) .... done (Time = 0.00s, Memory = 0.0K)
    Checking Rule Prereqs_ConstantInput-ML (Rule 176 of total 292) .... done (Time = 0.00s, Memory = 0.0K)
    Checking Rule ReportPortInfo-ML (Rule 177 of total 292) .... done (Time = 0.00s, Memory = 0.0K)
    Checking Rule Prereqs_ReportPortInfo-ML (Rule 178 of total 292) .... done (Time = 0.00s, Memory = 0.0K)
    Checking Rule Prereqs_ReportPortInfo-ML (Rule 179 of total 292) .... done (Time = 0.00s, Memory = 0.0K)
    Checking Rule Prereqs_Elab_Hier_Dialog (Rule 180 of total 292) .... done (Time = 0.00s, Memory = 0.0K)
    Checking Rule NoAssignX-ML (Rule 181 of total 292) .... done (Time = 0.00s, Memory = 0.0K)
    Checking Rule ParamWidthMismatch-ML (Rule 182 of total 292) .... done (Time = 0.00s, Memory = 0.0K)
    Checking Rule Postreqs_Usage_ML (Rule 183 of total 292) .... done (Time = 0.00s, Memory = 0.0K)
    Checking Rule NoXInCase-ML (Rule 184 of total 292) .... done (Time = 0.00s, Memory = 0.0K)
Checking ELABDU Rules for designUnit WORK_prim_subreg_1_2_0_0
    Checking Rule Ac_classify_param01 (Rule 118 of total 292) .... done (Time = 0.00s, Memory = 0.0K)
    Checking Rule AcOvlRtl (Rule 119 of total 292) .... done (Time = 0.00s, Memory = 0.0K)
    Checking Rule AcOvlRtl (Rule 120 of total 292) .... done (Time = 0.00s, Memory = 0.0K)
    Checking Rule GenTopLevelBlocksForAutoSoc (Rule 121 of total 292) .... done (Time = 0.00s, Memory = 0.0K)
    Checking Rule Prereqs_InferLatch (Rule 122 of total 292) .... done (Time = 0.00s, Memory = 0.0K)
    Checking Rule STARC05-2.1.4.5 (Rule 123 of total 292) .... done (Time = 0.00s, Memory = 0.0K)
    Checking Rule STARC05-2.1.5.3 (Rule 124 of total 292) .... done (Time = 0.00s, Memory = 0.0K)
    Checking Rule STARC05-2.2.3.3 (Rule 125 of total 292) .... done (Time = 0.00s, Memory = 0.0K)
    Checking Rule STARC05-2.3.1.6 (Rule 126 of total 292) .... done (Time = 0.00s, Memory = 0.0K)
    Checking Rule STARC05-2.10.2.3 (Rule 127 of total 292) .... done (Time = 0.00s, Memory = 0.0K)
    Checking Rule STARC05-2.10.3.2a (Rule 128 of total 292) .... done (Time = 0.00s, Memory = 0.0K)
    Checking Rule STARC05-2.11.3.1 (Rule 129 of total 292) .... done (Time = 0.00s, Memory = 0.0K)
    Checking Rule STARC05-2.1.3.1 (Rule 130 of total 292) .... done (Time = 0.00s, Memory = 0.0K)
    Checking Rule STARC05-2.10.1.4a (Rule 131 of total 292) .... done (Time = 0.00s, Memory = 0.0K)
    Checking Rule STARC05-2.10.1.4b (Rule 132 of total 292) .... done (Time = 0.00s, Memory = 0.0K)
    Checking Rule sim_race02 (Rule 133 of total 292) .... done (Time = 0.00s, Memory = 0.0K)
    Checking Rule W339a (Rule 134 of total 292) .... done (Time = 0.00s, Memory = 0.0K)
    Checking Rule W110 (Rule 135 of total 292) .... done (Time = 0.00s, Memory = 0.0K)
    Checking Rule W122 (Rule 136 of total 292) .... done (Time = 0.00s, Memory = 0.0K)
    Checking Rule W496a (Rule 137 of total 292) .... done (Time = 0.00s, Memory = 0.0K)
    Checking Rule W496b (Rule 138 of total 292) .... done (Time = 0.00s, Memory = 0.0K)
    Checking Rule W19 (Rule 139 of total 292) .... done (Time = 0.00s, Memory = 0.0K)
    Checking Rule W66 (Rule 140 of total 292) .... done (Time = 0.00s, Memory = 0.0K)
    Checking Rule W116 (Rule 141 of total 292) .... done (Time = 0.00s, Memory = 0.0K)
    Checking Rule W123 (Rule 142 of total 292) .... done (Time = 0.00s, Memory = 0.0K)
    Checking Rule W156 (Rule 143 of total 292) .... done (Time = 0.00s, Memory = 0.0K)
    Checking Rule W215 (Rule 144 of total 292) .... done (Time = 0.00s, Memory = 0.0K)
    Checking Rule W216 (Rule 145 of total 292) .... done (Time = 0.00s, Memory = 0.0K)
    Checking Rule W218 (Rule 146 of total 292) .... done (Time = 0.00s, Memory = 0.0K)
    Checking Rule W224 (Rule 147 of total 292) .... done (Time = 0.00s, Memory = 0.0K)
    Checking Rule W263 (Rule 148 of total 292) .... done (Time = 0.00s, Memory = 0.0K)
    Checking Rule W289 (Rule 149 of total 292) .... done (Time = 0.00s, Memory = 0.0K)
    Checking Rule W337 (Rule 150 of total 292) .... done (Time = 0.00s, Memory = 0.0K)
    Checking Rule W416 (Rule 151 of total 292) .... done (Time = 0.00s, Memory = 0.0K)
    Checking Rule W352 (Rule 152 of total 292) .... done (Time = 0.00s, Memory = 0.0K)
    Checking Rule W362 (Rule 153 of total 292) .... done (Time = 0.00s, Memory = 0.0K)
    Checking Rule W415a (Rule 154 of total 292) .... done (Time = 0.00s, Memory = 0.0K)
    Checking Rule W486 (Rule 155 of total 292) .... done (Time = 0.00s, Memory = 0.0K)
    Checking Rule W499 (Rule 156 of total 292) .... done (Time = 0.00s, Memory = 0.0K)
    Checking Rule W502 (Rule 157 of total 292) .... done (Time = 0.00s, Memory = 0.0K)
    Checking Rule W116 (Rule 158 of total 292) .... done (Time = 0.00s, Memory = 0.0K)
    Checking Rule W122 (Rule 159 of total 292) .... done (Time = 0.00s, Memory = 0.0K)
    Checking Rule W123 (Rule 160 of total 292) .... done (Time = 0.00s, Memory = 0.0K)
    Checking Rule W156 (Rule 161 of total 292) .... done (Time = 0.00s, Memory = 0.0K)
    Checking Rule W71 (Rule 162 of total 292) .... done (Time = 0.00s, Memory = 0.0K)
    Checking Rule W240 (Rule 163 of total 292) .... done (Time = 0.00s, Memory = 0.0K)
    Checking Rule W240 (Rule 164 of total 292) .... done (Time = 0.00s, Memory = 0.0K)
    Checking Rule W287a (Rule 165 of total 292) .... done (Time = 0.00s, Memory = 0.0K)
    Checking Rule W287b (Rule 166 of total 292) .... done (Time = 0.00s, Memory = 0.0K)
    Checking Rule W293 (Rule 167 of total 292) .... done (Time = 0.00s, Memory = 0.0K)
    Checking Rule W398 (Rule 168 of total 292) .... done (Time = 0.00s, Memory = 0.0K)
    Checking Rule W424 (Rule 169 of total 292) .... done (Time = 0.00s, Memory = 0.0K)
    Checking Rule W467 (Rule 170 of total 292) .... done (Time = 0.00s, Memory = 0.0K)
    Checking Rule W505 (Rule 171 of total 292) .... done (Time = 0.00s, Memory = 0.0K)
    Checking Rule W505 (Rule 172 of total 292) .... done (Time = 0.00s, Memory = 0.0K)
    Checking Rule W528 (Rule 173 of total 292) .... done (Time = 0.00s, Memory = 0.0K)
    Checking Rule W528 (Rule 174 of total 292) .... done (Time = 0.00s, Memory = 512.0K)
    Checking Rule Prereqs_Usage (Rule 175 of total 292) .... done (Time = 0.00s, Memory = 0.0K)
    Checking Rule Prereqs_ConstantInput-ML (Rule 176 of total 292) .... done (Time = 0.00s, Memory = 0.0K)
    Checking Rule ReportPortInfo-ML (Rule 177 of total 292) .... done (Time = 0.00s, Memory = 0.0K)
    Checking Rule Prereqs_ReportPortInfo-ML (Rule 178 of total 292) .... done (Time = 0.00s, Memory = 0.0K)
    Checking Rule Prereqs_ReportPortInfo-ML (Rule 179 of total 292) .... done (Time = 0.00s, Memory = 0.0K)
    Checking Rule Prereqs_Elab_Hier_Dialog (Rule 180 of total 292) .... done (Time = 0.00s, Memory = 0.0K)
    Checking Rule NoAssignX-ML (Rule 181 of total 292) .... done (Time = 0.00s, Memory = 0.0K)
    Checking Rule ParamWidthMismatch-ML (Rule 182 of total 292) .... done (Time = 0.00s, Memory = 0.0K)
    Checking Rule Postreqs_Usage_ML (Rule 183 of total 292) .... done (Time = 0.00s, Memory = 0.0K)
    Checking Rule NoXInCase-ML (Rule 184 of total 292) .... done (Time = 0.00s, Memory = 0.0K)
Checking ELABDU Rules for designUnit WORK_prim_subreg_arb_1_2_0
    Checking Rule Ac_classify_param01 (Rule 118 of total 292) .... done (Time = 0.00s, Memory = 0.0K)
    Checking Rule AcOvlRtl (Rule 119 of total 292) .... done (Time = 0.00s, Memory = 0.0K)
    Checking Rule AcOvlRtl (Rule 120 of total 292) .... done (Time = 0.00s, Memory = 0.0K)
    Checking Rule GenTopLevelBlocksForAutoSoc (Rule 121 of total 292) .... done (Time = 0.00s, Memory = 0.0K)
    Checking Rule Prereqs_InferLatch (Rule 122 of total 292) .... done (Time = 0.00s, Memory = 0.0K)
    Checking Rule STARC05-2.1.4.5 (Rule 123 of total 292) .... done (Time = 0.00s, Memory = 0.0K)
    Checking Rule STARC05-2.1.5.3 (Rule 124 of total 292) .... done (Time = 0.00s, Memory = 0.0K)
    Checking Rule STARC05-2.2.3.3 (Rule 125 of total 292) .... done (Time = 0.00s, Memory = 0.0K)
    Checking Rule STARC05-2.3.1.6 (Rule 126 of total 292) .... done (Time = 0.00s, Memory = 0.0K)
    Checking Rule STARC05-2.10.2.3 (Rule 127 of total 292) .... done (Time = 0.00s, Memory = 0.0K)
    Checking Rule STARC05-2.10.3.2a (Rule 128 of total 292) .... done (Time = 0.00s, Memory = 0.0K)
    Checking Rule STARC05-2.11.3.1 (Rule 129 of total 292) .... done (Time = 0.00s, Memory = 0.0K)
    Checking Rule STARC05-2.1.3.1 (Rule 130 of total 292) .... done (Time = 0.00s, Memory = 0.0K)
    Checking Rule STARC05-2.10.1.4a (Rule 131 of total 292) .... done (Time = 0.00s, Memory = 0.0K)
    Checking Rule STARC05-2.10.1.4b (Rule 132 of total 292) .... done (Time = 0.00s, Memory = 0.0K)
    Checking Rule sim_race02 (Rule 133 of total 292) .... done (Time = 0.00s, Memory = 0.0K)
    Checking Rule W339a (Rule 134 of total 292) .... done (Time = 0.00s, Memory = 0.0K)
    Checking Rule W110 (Rule 135 of total 292) .... done (Time = 0.00s, Memory = 0.0K)
    Checking Rule W122 (Rule 136 of total 292) .... done (Time = 0.00s, Memory = 0.0K)
    Checking Rule W496a (Rule 137 of total 292) .... done (Time = 0.00s, Memory = 0.0K)
    Checking Rule W496b (Rule 138 of total 292) .... done (Time = 0.00s, Memory = 0.0K)
    Checking Rule W19 (Rule 139 of total 292) .... done (Time = 0.00s, Memory = 0.0K)
    Checking Rule W66 (Rule 140 of total 292) .... done (Time = 0.00s, Memory = 0.0K)
    Checking Rule W116 (Rule 141 of total 292) .... done (Time = 0.00s, Memory = 0.0K)
    Checking Rule W123 (Rule 142 of total 292) .... done (Time = 0.00s, Memory = 0.0K)
    Checking Rule W156 (Rule 143 of total 292) .... done (Time = 0.00s, Memory = 0.0K)
    Checking Rule W215 (Rule 144 of total 292) .... done (Time = 0.00s, Memory = 0.0K)
    Checking Rule W216 (Rule 145 of total 292) .... done (Time = 0.00s, Memory = 0.0K)
    Checking Rule W218 (Rule 146 of total 292) .... done (Time = 0.00s, Memory = 0.0K)
    Checking Rule W224 (Rule 147 of total 292) .... done (Time = 0.00s, Memory = 0.0K)
    Checking Rule W263 (Rule 148 of total 292) .... done (Time = 0.00s, Memory = 0.0K)
    Checking Rule W289 (Rule 149 of total 292) .... done (Time = 0.00s, Memory = 0.0K)
    Checking Rule W337 (Rule 150 of total 292) .... done (Time = 0.00s, Memory = 0.0K)
    Checking Rule W416 (Rule 151 of total 292) .... done (Time = 0.00s, Memory = 0.0K)
    Checking Rule W352 (Rule 152 of total 292) .... done (Time = 0.00s, Memory = 0.0K)
    Checking Rule W362 (Rule 153 of total 292) .... done (Time = 0.00s, Memory = 0.0K)
    Checking Rule W415a (Rule 154 of total 292) .... done (Time = 0.00s, Memory = 0.0K)
    Checking Rule W486 (Rule 155 of total 292) .... done (Time = 0.00s, Memory = 0.0K)
    Checking Rule W499 (Rule 156 of total 292) .... done (Time = 0.00s, Memory = 0.0K)
    Checking Rule W502 (Rule 157 of total 292) .... done (Time = 0.00s, Memory = 0.0K)
    Checking Rule W116 (Rule 158 of total 292) .... done (Time = 0.00s, Memory = 0.0K)
    Checking Rule W122 (Rule 159 of total 292) .... done (Time = 0.00s, Memory = 0.0K)
    Checking Rule W123 (Rule 160 of total 292) .... done (Time = 0.00s, Memory = 0.0K)
    Checking Rule W156 (Rule 161 of total 292) .... done (Time = 0.00s, Memory = 0.0K)
    Checking Rule W71 (Rule 162 of total 292) .... done (Time = 0.00s, Memory = 0.0K)
    Checking Rule W240 (Rule 163 of total 292) .... done (Time = 0.00s, Memory = 0.0K)
    Checking Rule W240 (Rule 164 of total 292) .... done (Time = 0.00s, Memory = 0.0K)
    Checking Rule W287a (Rule 165 of total 292) .... done (Time = 0.00s, Memory = 0.0K)
    Checking Rule W287b (Rule 166 of total 292) .... done (Time = 0.00s, Memory = 0.0K)
    Checking Rule W293 (Rule 167 of total 292) .... done (Time = 0.00s, Memory = 0.0K)
    Checking Rule W398 (Rule 168 of total 292) .... done (Time = 0.00s, Memory = 0.0K)
    Checking Rule W424 (Rule 169 of total 292) .... done (Time = 0.00s, Memory = 0.0K)
    Checking Rule W467 (Rule 170 of total 292) .... done (Time = 0.00s, Memory = 0.0K)
    Checking Rule W505 (Rule 171 of total 292) .... done (Time = 0.00s, Memory = 0.0K)
    Checking Rule W505 (Rule 172 of total 292) .... done (Time = 0.00s, Memory = 0.0K)
    Checking Rule W528 (Rule 173 of total 292) .... done (Time = 0.00s, Memory = 0.0K)
    Checking Rule W528 (Rule 174 of total 292) .... done (Time = 0.00s, Memory = 512.0K)
    Checking Rule Prereqs_Usage (Rule 175 of total 292) .... done (Time = 0.00s, Memory = 0.0K)
    Checking Rule Prereqs_ConstantInput-ML (Rule 176 of total 292) .... done (Time = 0.00s, Memory = 0.0K)
    Checking Rule ReportPortInfo-ML (Rule 177 of total 292) .... done (Time = 0.00s, Memory = 0.0K)
    Checking Rule Prereqs_ReportPortInfo-ML (Rule 178 of total 292) .... done (Time = 0.00s, Memory = 0.0K)
    Checking Rule Prereqs_ReportPortInfo-ML (Rule 179 of total 292) .... done (Time = 0.00s, Memory = 0.0K)
    Checking Rule Prereqs_Elab_Hier_Dialog (Rule 180 of total 292) .... done (Time = 0.00s, Memory = 0.0K)
    Checking Rule NoAssignX-ML (Rule 181 of total 292) .... done (Time = 0.00s, Memory = 0.0K)
    Checking Rule ParamWidthMismatch-ML (Rule 182 of total 292) .... done (Time = 0.00s, Memory = 0.0K)
    Checking Rule Postreqs_Usage_ML (Rule 183 of total 292) .... done (Time = 0.00s, Memory = 0.0K)
    Checking Rule NoXInCase-ML (Rule 184 of total 292) .... done (Time = 0.00s, Memory = 0.0K)
Checking ELABDU Rules for designUnit WORK_prim_subreg_3_0_0_0
    Checking Rule Ac_classify_param01 (Rule 118 of total 292) .... done (Time = 0.00s, Memory = 0.0K)
    Checking Rule AcOvlRtl (Rule 119 of total 292) .... done (Time = 0.00s, Memory = 0.0K)
    Checking Rule AcOvlRtl (Rule 120 of total 292) .... done (Time = 0.00s, Memory = 0.0K)
    Checking Rule GenTopLevelBlocksForAutoSoc (Rule 121 of total 292) .... done (Time = 0.00s, Memory = 0.0K)
    Checking Rule Prereqs_InferLatch (Rule 122 of total 292) .... done (Time = 0.00s, Memory = 0.0K)
    Checking Rule STARC05-2.1.4.5 (Rule 123 of total 292) .... done (Time = 0.00s, Memory = 0.0K)
    Checking Rule STARC05-2.1.5.3 (Rule 124 of total 292) .... done (Time = 0.00s, Memory = 0.0K)
    Checking Rule STARC05-2.2.3.3 (Rule 125 of total 292) .... done (Time = 0.00s, Memory = 0.0K)
    Checking Rule STARC05-2.3.1.6 (Rule 126 of total 292) .... done (Time = 0.00s, Memory = 0.0K)
    Checking Rule STARC05-2.10.2.3 (Rule 127 of total 292) .... done (Time = 0.00s, Memory = 0.0K)
    Checking Rule STARC05-2.10.3.2a (Rule 128 of total 292) .... done (Time = 0.00s, Memory = 0.0K)
    Checking Rule STARC05-2.11.3.1 (Rule 129 of total 292) .... done (Time = 0.00s, Memory = 0.0K)
    Checking Rule STARC05-2.1.3.1 (Rule 130 of total 292) .... done (Time = 0.00s, Memory = 0.0K)
    Checking Rule STARC05-2.10.1.4a (Rule 131 of total 292) .... done (Time = 0.00s, Memory = 0.0K)
    Checking Rule STARC05-2.10.1.4b (Rule 132 of total 292) .... done (Time = 0.00s, Memory = 0.0K)
    Checking Rule sim_race02 (Rule 133 of total 292) .... done (Time = 0.00s, Memory = 0.0K)
    Checking Rule W339a (Rule 134 of total 292) .... done (Time = 0.00s, Memory = 0.0K)
    Checking Rule W110 (Rule 135 of total 292) .... done (Time = 0.00s, Memory = 0.0K)
    Checking Rule W122 (Rule 136 of total 292) .... done (Time = 0.00s, Memory = 0.0K)
    Checking Rule W496a (Rule 137 of total 292) .... done (Time = 0.00s, Memory = 0.0K)
    Checking Rule W496b (Rule 138 of total 292) .... done (Time = 0.00s, Memory = 0.0K)
    Checking Rule W19 (Rule 139 of total 292) .... done (Time = 0.00s, Memory = 0.0K)
    Checking Rule W66 (Rule 140 of total 292) .... done (Time = 0.00s, Memory = 0.0K)
    Checking Rule W116 (Rule 141 of total 292) .... done (Time = 0.00s, Memory = 0.0K)
    Checking Rule W123 (Rule 142 of total 292) .... done (Time = 0.00s, Memory = 0.0K)
    Checking Rule W156 (Rule 143 of total 292) .... done (Time = 0.00s, Memory = 0.0K)
    Checking Rule W215 (Rule 144 of total 292) .... done (Time = 0.00s, Memory = 0.0K)
    Checking Rule W216 (Rule 145 of total 292) .... done (Time = 0.00s, Memory = 0.0K)
    Checking Rule W218 (Rule 146 of total 292) .... done (Time = 0.00s, Memory = 0.0K)
    Checking Rule W224 (Rule 147 of total 292) .... done (Time = 0.00s, Memory = 0.0K)
    Checking Rule W263 (Rule 148 of total 292) .... done (Time = 0.00s, Memory = 0.0K)
    Checking Rule W289 (Rule 149 of total 292) .... done (Time = 0.00s, Memory = 0.0K)
    Checking Rule W337 (Rule 150 of total 292) .... done (Time = 0.00s, Memory = 0.0K)
    Checking Rule W416 (Rule 151 of total 292) .... done (Time = 0.00s, Memory = 0.0K)
    Checking Rule W352 (Rule 152 of total 292) .... done (Time = 0.00s, Memory = 0.0K)
    Checking Rule W362 (Rule 153 of total 292) .... done (Time = 0.00s, Memory = 0.0K)
    Checking Rule W415a (Rule 154 of total 292) .... done (Time = 0.00s, Memory = 0.0K)
    Checking Rule W486 (Rule 155 of total 292) .... done (Time = 0.00s, Memory = 0.0K)
    Checking Rule W499 (Rule 156 of total 292) .... done (Time = 0.00s, Memory = 0.0K)
    Checking Rule W502 (Rule 157 of total 292) .... done (Time = 0.00s, Memory = 0.0K)
    Checking Rule W116 (Rule 158 of total 292) .... done (Time = 0.00s, Memory = 0.0K)
    Checking Rule W122 (Rule 159 of total 292) .... done (Time = 0.00s, Memory = 0.0K)
    Checking Rule W123 (Rule 160 of total 292) .... done (Time = 0.00s, Memory = 0.0K)
    Checking Rule W156 (Rule 161 of total 292) .... done (Time = 0.00s, Memory = 0.0K)
    Checking Rule W71 (Rule 162 of total 292) .... done (Time = 0.00s, Memory = 0.0K)
    Checking Rule W240 (Rule 163 of total 292) .... done (Time = 0.00s, Memory = 0.0K)
    Checking Rule W240 (Rule 164 of total 292) .... done (Time = 0.00s, Memory = 0.0K)
    Checking Rule W287a (Rule 165 of total 292) .... done (Time = 0.00s, Memory = 0.0K)
    Checking Rule W287b (Rule 166 of total 292) .... done (Time = 0.00s, Memory = 0.0K)
    Checking Rule W293 (Rule 167 of total 292) .... done (Time = 0.00s, Memory = 0.0K)
    Checking Rule W398 (Rule 168 of total 292) .... done (Time = 0.00s, Memory = 0.0K)
    Checking Rule W424 (Rule 169 of total 292) .... done (Time = 0.00s, Memory = 0.0K)
    Checking Rule W467 (Rule 170 of total 292) .... done (Time = 0.00s, Memory = 0.0K)
    Checking Rule W505 (Rule 171 of total 292) .... done (Time = 0.00s, Memory = 0.0K)
    Checking Rule W505 (Rule 172 of total 292) .... done (Time = 0.00s, Memory = 0.0K)
    Checking Rule W528 (Rule 173 of total 292) .... done (Time = 0.00s, Memory = 0.0K)
    Checking Rule W528 (Rule 174 of total 292) .... done (Time = 0.00s, Memory = 512.0K)
    Checking Rule Prereqs_Usage (Rule 175 of total 292) .... done (Time = 0.00s, Memory = 0.0K)
    Checking Rule Prereqs_ConstantInput-ML (Rule 176 of total 292) .... done (Time = 0.00s, Memory = 0.0K)
    Checking Rule ReportPortInfo-ML (Rule 177 of total 292) .... done (Time = 0.00s, Memory = 0.0K)
    Checking Rule Prereqs_ReportPortInfo-ML (Rule 178 of total 292) .... done (Time = 0.00s, Memory = 0.0K)
    Checking Rule Prereqs_ReportPortInfo-ML (Rule 179 of total 292) .... done (Time = 0.00s, Memory = 0.0K)
    Checking Rule Prereqs_Elab_Hier_Dialog (Rule 180 of total 292) .... done (Time = 0.00s, Memory = 0.0K)
    Checking Rule NoAssignX-ML (Rule 181 of total 292) .... done (Time = 0.00s, Memory = 0.0K)
    Checking Rule ParamWidthMismatch-ML (Rule 182 of total 292) .... done (Time = 0.00s, Memory = 0.0K)
    Checking Rule Postreqs_Usage_ML (Rule 183 of total 292) .... done (Time = 0.00s, Memory = 0.0K)
    Checking Rule NoXInCase-ML (Rule 184 of total 292) .... done (Time = 0.00s, Memory = 0.0K)
Checking ELABDU Rules for designUnit WORK_prim_subreg_arb_3_0_0
    Checking Rule Ac_classify_param01 (Rule 118 of total 292) .... done (Time = 0.00s, Memory = 0.0K)
    Checking Rule AcOvlRtl (Rule 119 of total 292) .... done (Time = 0.00s, Memory = 0.0K)
    Checking Rule AcOvlRtl (Rule 120 of total 292) .... done (Time = 0.00s, Memory = 0.0K)
    Checking Rule GenTopLevelBlocksForAutoSoc (Rule 121 of total 292) .... done (Time = 0.00s, Memory = 0.0K)
    Checking Rule Prereqs_InferLatch (Rule 122 of total 292) .... done (Time = 0.00s, Memory = 0.0K)
    Checking Rule STARC05-2.1.4.5 (Rule 123 of total 292) .... done (Time = 0.00s, Memory = 0.0K)
    Checking Rule STARC05-2.1.5.3 (Rule 124 of total 292) .... done (Time = 0.00s, Memory = 0.0K)
    Checking Rule STARC05-2.2.3.3 (Rule 125 of total 292) .... done (Time = 0.00s, Memory = 0.0K)
    Checking Rule STARC05-2.3.1.6 (Rule 126 of total 292) .... done (Time = 0.00s, Memory = 0.0K)
    Checking Rule STARC05-2.10.2.3 (Rule 127 of total 292) .... done (Time = 0.00s, Memory = 0.0K)
    Checking Rule STARC05-2.10.3.2a (Rule 128 of total 292) .... done (Time = 0.00s, Memory = 0.0K)
    Checking Rule STARC05-2.11.3.1 (Rule 129 of total 292) .... done (Time = 0.00s, Memory = 0.0K)
    Checking Rule STARC05-2.1.3.1 (Rule 130 of total 292) .... done (Time = 0.00s, Memory = 0.0K)
    Checking Rule STARC05-2.10.1.4a (Rule 131 of total 292) .... done (Time = 0.00s, Memory = 0.0K)
    Checking Rule STARC05-2.10.1.4b (Rule 132 of total 292) .... done (Time = 0.00s, Memory = 0.0K)
    Checking Rule sim_race02 (Rule 133 of total 292) .... done (Time = 0.00s, Memory = 0.0K)
    Checking Rule W339a (Rule 134 of total 292) .... done (Time = 0.00s, Memory = 0.0K)
    Checking Rule W110 (Rule 135 of total 292) .... done (Time = 0.00s, Memory = 0.0K)
    Checking Rule W122 (Rule 136 of total 292) .... done (Time = 0.00s, Memory = 0.0K)
    Checking Rule W496a (Rule 137 of total 292) .... done (Time = 0.00s, Memory = 0.0K)
    Checking Rule W496b (Rule 138 of total 292) .... done (Time = 0.00s, Memory = 0.0K)
    Checking Rule W19 (Rule 139 of total 292) .... done (Time = 0.00s, Memory = 0.0K)
    Checking Rule W66 (Rule 140 of total 292) .... done (Time = 0.00s, Memory = 0.0K)
    Checking Rule W116 (Rule 141 of total 292) .... done (Time = 0.00s, Memory = 0.0K)
    Checking Rule W123 (Rule 142 of total 292) .... done (Time = 0.00s, Memory = 0.0K)
    Checking Rule W156 (Rule 143 of total 292) .... done (Time = 0.00s, Memory = 0.0K)
    Checking Rule W215 (Rule 144 of total 292) .... done (Time = 0.00s, Memory = 0.0K)
    Checking Rule W216 (Rule 145 of total 292) .... done (Time = 0.00s, Memory = 0.0K)
    Checking Rule W218 (Rule 146 of total 292) .... done (Time = 0.00s, Memory = 0.0K)
    Checking Rule W224 (Rule 147 of total 292) .... done (Time = 0.00s, Memory = 0.0K)
    Checking Rule W263 (Rule 148 of total 292) .... done (Time = 0.00s, Memory = 0.0K)
    Checking Rule W289 (Rule 149 of total 292) .... done (Time = 0.00s, Memory = 0.0K)
    Checking Rule W337 (Rule 150 of total 292) .... done (Time = 0.00s, Memory = 0.0K)
    Checking Rule W416 (Rule 151 of total 292) .... done (Time = 0.00s, Memory = 0.0K)
    Checking Rule W352 (Rule 152 of total 292) .... done (Time = 0.00s, Memory = 0.0K)
    Checking Rule W362 (Rule 153 of total 292) .... done (Time = 0.00s, Memory = 0.0K)
    Checking Rule W415a (Rule 154 of total 292) .... done (Time = 0.00s, Memory = 0.0K)
    Checking Rule W486 (Rule 155 of total 292) .... done (Time = 0.00s, Memory = 0.0K)
    Checking Rule W499 (Rule 156 of total 292) .... done (Time = 0.00s, Memory = 0.0K)
    Checking Rule W502 (Rule 157 of total 292) .... done (Time = 0.00s, Memory = 0.0K)
    Checking Rule W116 (Rule 158 of total 292) .... done (Time = 0.00s, Memory = 0.0K)
    Checking Rule W122 (Rule 159 of total 292) .... done (Time = 0.00s, Memory = 0.0K)
    Checking Rule W123 (Rule 160 of total 292) .... done (Time = 0.00s, Memory = 0.0K)
    Checking Rule W156 (Rule 161 of total 292) .... done (Time = 0.00s, Memory = 0.0K)
    Checking Rule W71 (Rule 162 of total 292) .... done (Time = 0.00s, Memory = 0.0K)
    Checking Rule W240 (Rule 163 of total 292) .... done (Time = 0.00s, Memory = 0.0K)
    Checking Rule W240 (Rule 164 of total 292) .... done (Time = 0.00s, Memory = 0.0K)
    Checking Rule W287a (Rule 165 of total 292) .... done (Time = 0.00s, Memory = 0.0K)
    Checking Rule W287b (Rule 166 of total 292) .... done (Time = 0.00s, Memory = 0.0K)
    Checking Rule W293 (Rule 167 of total 292) .... done (Time = 0.00s, Memory = 0.0K)
    Checking Rule W398 (Rule 168 of total 292) .... done (Time = 0.01s, Memory = 0.0K)
    Checking Rule W424 (Rule 169 of total 292) .... done (Time = 0.00s, Memory = 0.0K)
    Checking Rule W467 (Rule 170 of total 292) .... done (Time = 0.00s, Memory = 0.0K)
    Checking Rule W505 (Rule 171 of total 292) .... done (Time = 0.00s, Memory = 0.0K)
    Checking Rule W505 (Rule 172 of total 292) .... done (Time = 0.00s, Memory = 0.0K)
    Checking Rule W528 (Rule 173 of total 292) .... done (Time = 0.00s, Memory = 0.0K)
    Checking Rule W528 (Rule 174 of total 292) .... done (Time = 0.00s, Memory = 512.0K)
    Checking Rule Prereqs_Usage (Rule 175 of total 292) .... done (Time = 0.00s, Memory = 0.0K)
    Checking Rule Prereqs_ConstantInput-ML (Rule 176 of total 292) .... done (Time = 0.00s, Memory = 0.0K)
    Checking Rule ReportPortInfo-ML (Rule 177 of total 292) .... done (Time = 0.00s, Memory = 0.0K)
    Checking Rule Prereqs_ReportPortInfo-ML (Rule 178 of total 292) .... done (Time = 0.00s, Memory = 0.0K)
    Checking Rule Prereqs_ReportPortInfo-ML (Rule 179 of total 292) .... done (Time = 0.00s, Memory = 0.0K)
    Checking Rule Prereqs_Elab_Hier_Dialog (Rule 180 of total 292) .... done (Time = 0.00s, Memory = 0.0K)
    Checking Rule NoAssignX-ML (Rule 181 of total 292) .... done (Time = 0.00s, Memory = 0.0K)
    Checking Rule ParamWidthMismatch-ML (Rule 182 of total 292) .... done (Time = 0.00s, Memory = 0.0K)
    Checking Rule Postreqs_Usage_ML (Rule 183 of total 292) .... done (Time = 0.00s, Memory = 0.0K)
    Checking Rule NoXInCase-ML (Rule 184 of total 292) .... done (Time = 0.00s, Memory = 0.0K)
Checking ELABDU Rules for designUnit WORK_prim_subreg_ext_16
    Checking Rule Ac_classify_param01 (Rule 118 of total 292) .... done (Time = 0.00s, Memory = 0.0K)
    Checking Rule AcOvlRtl (Rule 119 of total 292) .... done (Time = 0.00s, Memory = 0.0K)
    Checking Rule AcOvlRtl (Rule 120 of total 292) .... done (Time = 0.00s, Memory = 0.0K)
    Checking Rule GenTopLevelBlocksForAutoSoc (Rule 121 of total 292) .... done (Time = 0.00s, Memory = 0.0K)
    Checking Rule Prereqs_InferLatch (Rule 122 of total 292) .... done (Time = 0.00s, Memory = 0.0K)
    Checking Rule STARC05-2.1.4.5 (Rule 123 of total 292) .... done (Time = 0.00s, Memory = 0.0K)
    Checking Rule STARC05-2.1.5.3 (Rule 124 of total 292) .... done (Time = 0.00s, Memory = 0.0K)
    Checking Rule STARC05-2.2.3.3 (Rule 125 of total 292) .... done (Time = 0.00s, Memory = 0.0K)
    Checking Rule STARC05-2.3.1.6 (Rule 126 of total 292) .... done (Time = 0.00s, Memory = 0.0K)
    Checking Rule STARC05-2.10.2.3 (Rule 127 of total 292) .... done (Time = 0.00s, Memory = 0.0K)
    Checking Rule STARC05-2.10.3.2a (Rule 128 of total 292) .... done (Time = 0.00s, Memory = 0.0K)
    Checking Rule STARC05-2.11.3.1 (Rule 129 of total 292) .... done (Time = 0.00s, Memory = 0.0K)
    Checking Rule STARC05-2.1.3.1 (Rule 130 of total 292) .... done (Time = 0.00s, Memory = 0.0K)
    Checking Rule STARC05-2.10.1.4a (Rule 131 of total 292) .... done (Time = 0.00s, Memory = 0.0K)
    Checking Rule STARC05-2.10.1.4b (Rule 132 of total 292) .... done (Time = 0.00s, Memory = 0.0K)
    Checking Rule sim_race02 (Rule 133 of total 292) .... done (Time = 0.00s, Memory = 0.0K)
    Checking Rule W339a (Rule 134 of total 292) .... done (Time = 0.00s, Memory = 0.0K)
    Checking Rule W110 (Rule 135 of total 292) .... done (Time = 0.00s, Memory = 0.0K)
    Checking Rule W122 (Rule 136 of total 292) .... done (Time = 0.00s, Memory = 0.0K)
    Checking Rule W496a (Rule 137 of total 292) .... done (Time = 0.00s, Memory = 0.0K)
    Checking Rule W496b (Rule 138 of total 292) .... done (Time = 0.00s, Memory = 0.0K)
    Checking Rule W19 (Rule 139 of total 292) .... done (Time = 0.00s, Memory = 0.0K)
    Checking Rule W66 (Rule 140 of total 292) .... done (Time = 0.00s, Memory = 0.0K)
    Checking Rule W116 (Rule 141 of total 292) .... done (Time = 0.00s, Memory = 0.0K)
    Checking Rule W123 (Rule 142 of total 292) .... done (Time = 0.00s, Memory = 0.0K)
    Checking Rule W156 (Rule 143 of total 292) .... done (Time = 0.00s, Memory = 0.0K)
    Checking Rule W215 (Rule 144 of total 292) .... done (Time = 0.00s, Memory = 0.0K)
    Checking Rule W216 (Rule 145 of total 292) .... done (Time = 0.00s, Memory = 0.0K)
    Checking Rule W218 (Rule 146 of total 292) .... done (Time = 0.00s, Memory = 0.0K)
    Checking Rule W224 (Rule 147 of total 292) .... done (Time = 0.00s, Memory = 0.0K)
    Checking Rule W263 (Rule 148 of total 292) .... done (Time = 0.00s, Memory = 0.0K)
    Checking Rule W289 (Rule 149 of total 292) .... done (Time = 0.00s, Memory = 0.0K)
    Checking Rule W337 (Rule 150 of total 292) .... done (Time = 0.00s, Memory = 0.0K)
    Checking Rule W416 (Rule 151 of total 292) .... done (Time = 0.00s, Memory = 0.0K)
    Checking Rule W352 (Rule 152 of total 292) .... done (Time = 0.00s, Memory = 0.0K)
    Checking Rule W362 (Rule 153 of total 292) .... done (Time = 0.00s, Memory = 0.0K)
    Checking Rule W415a (Rule 154 of total 292) .... done (Time = 0.00s, Memory = 0.0K)
    Checking Rule W486 (Rule 155 of total 292) .... done (Time = 0.00s, Memory = 0.0K)
    Checking Rule W499 (Rule 156 of total 292) .... done (Time = 0.00s, Memory = 0.0K)
    Checking Rule W502 (Rule 157 of total 292) .... done (Time = 0.00s, Memory = 0.0K)
    Checking Rule W116 (Rule 158 of total 292) .... done (Time = 0.00s, Memory = 0.0K)
    Checking Rule W122 (Rule 159 of total 292) .... done (Time = 0.00s, Memory = 0.0K)
    Checking Rule W123 (Rule 160 of total 292) .... done (Time = 0.00s, Memory = 0.0K)
    Checking Rule W156 (Rule 161 of total 292) .... done (Time = 0.00s, Memory = 0.0K)
    Checking Rule W71 (Rule 162 of total 292) .... done (Time = 0.00s, Memory = 0.0K)
    Checking Rule W240 (Rule 163 of total 292) .... done (Time = 0.00s, Memory = 0.0K)
    Checking Rule W240 (Rule 164 of total 292) .... done (Time = 0.00s, Memory = 0.0K)
    Checking Rule W287a (Rule 165 of total 292) .... done (Time = 0.00s, Memory = 0.0K)
    Checking Rule W287b (Rule 166 of total 292) .... done (Time = 0.00s, Memory = 0.0K)
    Checking Rule W293 (Rule 167 of total 292) .... done (Time = 0.00s, Memory = 0.0K)
    Checking Rule W398 (Rule 168 of total 292) .... done (Time = 0.00s, Memory = 0.0K)
    Checking Rule W424 (Rule 169 of total 292) .... done (Time = 0.00s, Memory = 0.0K)
    Checking Rule W467 (Rule 170 of total 292) .... done (Time = 0.00s, Memory = 0.0K)
    Checking Rule W505 (Rule 171 of total 292) .... done (Time = 0.00s, Memory = 0.0K)
    Checking Rule W505 (Rule 172 of total 292) .... done (Time = 0.00s, Memory = 0.0K)
    Checking Rule W528 (Rule 173 of total 292) .... done (Time = 0.00s, Memory = 0.0K)
    Checking Rule W528 (Rule 174 of total 292) .... done (Time = 0.00s, Memory = 512.0K)
    Checking Rule Prereqs_Usage (Rule 175 of total 292) .... done (Time = 0.00s, Memory = 0.0K)
    Checking Rule Prereqs_ConstantInput-ML (Rule 176 of total 292) .... done (Time = 0.00s, Memory = 0.0K)
    Checking Rule ReportPortInfo-ML (Rule 177 of total 292) .... done (Time = 0.00s, Memory = 0.0K)
    Checking Rule Prereqs_ReportPortInfo-ML (Rule 178 of total 292) .... done (Time = 0.00s, Memory = 0.0K)
    Checking Rule Prereqs_ReportPortInfo-ML (Rule 179 of total 292) .... done (Time = 0.00s, Memory = 0.0K)
    Checking Rule Prereqs_Elab_Hier_Dialog (Rule 180 of total 292) .... done (Time = 0.00s, Memory = 0.0K)
    Checking Rule NoAssignX-ML (Rule 181 of total 292) .... done (Time = 0.00s, Memory = 0.0K)
    Checking Rule ParamWidthMismatch-ML (Rule 182 of total 292) .... done (Time = 0.00s, Memory = 0.0K)
    Checking Rule Postreqs_Usage_ML (Rule 183 of total 292) .... done (Time = 0.00s, Memory = 0.0K)
    Checking Rule NoXInCase-ML (Rule 184 of total 292) .... done (Time = 0.00s, Memory = 0.0K)
Checking ELABDU Rules for designUnit WORK_prim_subreg_24_0_0_0
    Checking Rule Ac_classify_param01 (Rule 118 of total 292) .... done (Time = 0.00s, Memory = 0.0K)
    Checking Rule AcOvlRtl (Rule 119 of total 292) .... done (Time = 0.00s, Memory = 0.0K)
    Checking Rule AcOvlRtl (Rule 120 of total 292) .... done (Time = 0.00s, Memory = 0.0K)
    Checking Rule GenTopLevelBlocksForAutoSoc (Rule 121 of total 292) .... done (Time = 0.00s, Memory = 0.0K)
    Checking Rule Prereqs_InferLatch (Rule 122 of total 292) .... done (Time = 0.00s, Memory = 0.0K)
    Checking Rule STARC05-2.1.4.5 (Rule 123 of total 292) .... done (Time = 0.00s, Memory = 0.0K)
    Checking Rule STARC05-2.1.5.3 (Rule 124 of total 292) .... done (Time = 0.00s, Memory = 0.0K)
    Checking Rule STARC05-2.2.3.3 (Rule 125 of total 292) .... done (Time = 0.00s, Memory = 0.0K)
    Checking Rule STARC05-2.3.1.6 (Rule 126 of total 292) .... done (Time = 0.00s, Memory = 0.0K)
    Checking Rule STARC05-2.10.2.3 (Rule 127 of total 292) .... done (Time = 0.00s, Memory = 0.0K)
    Checking Rule STARC05-2.10.3.2a (Rule 128 of total 292) .... done (Time = 0.00s, Memory = 0.0K)
    Checking Rule STARC05-2.11.3.1 (Rule 129 of total 292) .... done (Time = 0.00s, Memory = 0.0K)
    Checking Rule STARC05-2.1.3.1 (Rule 130 of total 292) .... done (Time = 0.00s, Memory = 0.0K)
    Checking Rule STARC05-2.10.1.4a (Rule 131 of total 292) .... done (Time = 0.00s, Memory = 0.0K)
    Checking Rule STARC05-2.10.1.4b (Rule 132 of total 292) .... done (Time = 0.00s, Memory = 0.0K)
    Checking Rule sim_race02 (Rule 133 of total 292) .... done (Time = 0.00s, Memory = 0.0K)
    Checking Rule W339a (Rule 134 of total 292) .... done (Time = 0.00s, Memory = 0.0K)
    Checking Rule W110 (Rule 135 of total 292) .... done (Time = 0.00s, Memory = 0.0K)
    Checking Rule W122 (Rule 136 of total 292) .... done (Time = 0.00s, Memory = 0.0K)
    Checking Rule W496a (Rule 137 of total 292) .... done (Time = 0.00s, Memory = 0.0K)
    Checking Rule W496b (Rule 138 of total 292) .... done (Time = 0.00s, Memory = 0.0K)
    Checking Rule W19 (Rule 139 of total 292) .... done (Time = 0.00s, Memory = 0.0K)
    Checking Rule W66 (Rule 140 of total 292) .... done (Time = 0.00s, Memory = 0.0K)
    Checking Rule W116 (Rule 141 of total 292) .... done (Time = 0.00s, Memory = 0.0K)
    Checking Rule W123 (Rule 142 of total 292) .... done (Time = 0.00s, Memory = 0.0K)
    Checking Rule W156 (Rule 143 of total 292) .... done (Time = 0.00s, Memory = 0.0K)
    Checking Rule W215 (Rule 144 of total 292) .... done (Time = 0.00s, Memory = 0.0K)
    Checking Rule W216 (Rule 145 of total 292) .... done (Time = 0.00s, Memory = 0.0K)
    Checking Rule W218 (Rule 146 of total 292) .... done (Time = 0.00s, Memory = 0.0K)
    Checking Rule W224 (Rule 147 of total 292) .... done (Time = 0.00s, Memory = 0.0K)
    Checking Rule W263 (Rule 148 of total 292) .... done (Time = 0.00s, Memory = 0.0K)
    Checking Rule W289 (Rule 149 of total 292) .... done (Time = 0.00s, Memory = 0.0K)
    Checking Rule W337 (Rule 150 of total 292) .... done (Time = 0.00s, Memory = 0.0K)
    Checking Rule W416 (Rule 151 of total 292) .... done (Time = 0.00s, Memory = 0.0K)
    Checking Rule W352 (Rule 152 of total 292) .... done (Time = 0.00s, Memory = 0.0K)
    Checking Rule W362 (Rule 153 of total 292) .... done (Time = 0.00s, Memory = 0.0K)
    Checking Rule W415a (Rule 154 of total 292) .... done (Time = 0.00s, Memory = 0.0K)
    Checking Rule W486 (Rule 155 of total 292) .... done (Time = 0.00s, Memory = 0.0K)
    Checking Rule W499 (Rule 156 of total 292) .... done (Time = 0.00s, Memory = 0.0K)
    Checking Rule W502 (Rule 157 of total 292) .... done (Time = 0.00s, Memory = 0.0K)
    Checking Rule W116 (Rule 158 of total 292) .... done (Time = 0.00s, Memory = 0.0K)
    Checking Rule W122 (Rule 159 of total 292) .... done (Time = 0.00s, Memory = 0.0K)
    Checking Rule W123 (Rule 160 of total 292) .... done (Time = 0.00s, Memory = 0.0K)
    Checking Rule W156 (Rule 161 of total 292) .... done (Time = 0.00s, Memory = 0.0K)
    Checking Rule W71 (Rule 162 of total 292) .... done (Time = 0.00s, Memory = 0.0K)
    Checking Rule W240 (Rule 163 of total 292) .... done (Time = 0.00s, Memory = 0.0K)
    Checking Rule W240 (Rule 164 of total 292) .... done (Time = 0.00s, Memory = 0.0K)
    Checking Rule W287a (Rule 165 of total 292) .... done (Time = 0.00s, Memory = 0.0K)
    Checking Rule W287b (Rule 166 of total 292) .... done (Time = 0.00s, Memory = 0.0K)
    Checking Rule W293 (Rule 167 of total 292) .... done (Time = 0.00s, Memory = 0.0K)
    Checking Rule W398 (Rule 168 of total 292) .... done (Time = 0.00s, Memory = 0.0K)
    Checking Rule W424 (Rule 169 of total 292) .... done (Time = 0.00s, Memory = 0.0K)
    Checking Rule W467 (Rule 170 of total 292) .... done (Time = 0.00s, Memory = 0.0K)
    Checking Rule W505 (Rule 171 of total 292) .... done (Time = 0.00s, Memory = 0.0K)
    Checking Rule W505 (Rule 172 of total 292) .... done (Time = 0.00s, Memory = 0.0K)
    Checking Rule W528 (Rule 173 of total 292) .... done (Time = 0.00s, Memory = 0.0K)
    Checking Rule W528 (Rule 174 of total 292) .... done (Time = 0.00s, Memory = 512.0K)
    Checking Rule Prereqs_Usage (Rule 175 of total 292) .... done (Time = 0.00s, Memory = 0.0K)
    Checking Rule Prereqs_ConstantInput-ML (Rule 176 of total 292) .... done (Time = 0.00s, Memory = 0.0K)
    Checking Rule ReportPortInfo-ML (Rule 177 of total 292) .... done (Time = 0.00s, Memory = 0.0K)
    Checking Rule Prereqs_ReportPortInfo-ML (Rule 178 of total 292) .... done (Time = 0.00s, Memory = 0.0K)
    Checking Rule Prereqs_ReportPortInfo-ML (Rule 179 of total 292) .... done (Time = 0.00s, Memory = 0.0K)
    Checking Rule Prereqs_Elab_Hier_Dialog (Rule 180 of total 292) .... done (Time = 0.00s, Memory = 0.0K)
    Checking Rule NoAssignX-ML (Rule 181 of total 292) .... done (Time = 0.00s, Memory = 0.0K)
    Checking Rule ParamWidthMismatch-ML (Rule 182 of total 292) .... done (Time = 0.00s, Memory = 0.0K)
    Checking Rule Postreqs_Usage_ML (Rule 183 of total 292) .... done (Time = 0.00s, Memory = 0.0K)
    Checking Rule NoXInCase-ML (Rule 184 of total 292) .... done (Time = 0.00s, Memory = 0.0K)
Checking ELABDU Rules for designUnit WORK_prim_subreg_arb_24_0_0
    Checking Rule Ac_classify_param01 (Rule 118 of total 292) .... done (Time = 0.00s, Memory = 0.0K)
    Checking Rule AcOvlRtl (Rule 119 of total 292) .... done (Time = 0.00s, Memory = 0.0K)
    Checking Rule AcOvlRtl (Rule 120 of total 292) .... done (Time = 0.00s, Memory = 0.0K)
    Checking Rule GenTopLevelBlocksForAutoSoc (Rule 121 of total 292) .... done (Time = 0.00s, Memory = 0.0K)
    Checking Rule Prereqs_InferLatch (Rule 122 of total 292) .... done (Time = 0.00s, Memory = 0.0K)
    Checking Rule STARC05-2.1.4.5 (Rule 123 of total 292) .... done (Time = 0.00s, Memory = 0.0K)
    Checking Rule STARC05-2.1.5.3 (Rule 124 of total 292) .... done (Time = 0.00s, Memory = 0.0K)
    Checking Rule STARC05-2.2.3.3 (Rule 125 of total 292) .... done (Time = 0.00s, Memory = 0.0K)
    Checking Rule STARC05-2.3.1.6 (Rule 126 of total 292) .... done (Time = 0.00s, Memory = 0.0K)
    Checking Rule STARC05-2.10.2.3 (Rule 127 of total 292) .... done (Time = 0.00s, Memory = 0.0K)
    Checking Rule STARC05-2.10.3.2a (Rule 128 of total 292) .... done (Time = 0.00s, Memory = 0.0K)
    Checking Rule STARC05-2.11.3.1 (Rule 129 of total 292) .... done (Time = 0.00s, Memory = 0.0K)
    Checking Rule STARC05-2.1.3.1 (Rule 130 of total 292) .... done (Time = 0.00s, Memory = 0.0K)
    Checking Rule STARC05-2.10.1.4a (Rule 131 of total 292) .... done (Time = 0.00s, Memory = 0.0K)
    Checking Rule STARC05-2.10.1.4b (Rule 132 of total 292) .... done (Time = 0.00s, Memory = 0.0K)
    Checking Rule sim_race02 (Rule 133 of total 292) .... done (Time = 0.00s, Memory = 0.0K)
    Checking Rule W339a (Rule 134 of total 292) .... done (Time = 0.00s, Memory = 0.0K)
    Checking Rule W110 (Rule 135 of total 292) .... done (Time = 0.00s, Memory = 0.0K)
    Checking Rule W122 (Rule 136 of total 292) .... done (Time = 0.00s, Memory = 0.0K)
    Checking Rule W496a (Rule 137 of total 292) .... done (Time = 0.00s, Memory = 0.0K)
    Checking Rule W496b (Rule 138 of total 292) .... done (Time = 0.00s, Memory = 0.0K)
    Checking Rule W19 (Rule 139 of total 292) .... done (Time = 0.00s, Memory = 0.0K)
    Checking Rule W66 (Rule 140 of total 292) .... done (Time = 0.00s, Memory = 0.0K)
    Checking Rule W116 (Rule 141 of total 292) .... done (Time = 0.00s, Memory = 0.0K)
    Checking Rule W123 (Rule 142 of total 292) .... done (Time = 0.00s, Memory = 0.0K)
    Checking Rule W156 (Rule 143 of total 292) .... done (Time = 0.00s, Memory = 0.0K)
    Checking Rule W215 (Rule 144 of total 292) .... done (Time = 0.00s, Memory = 0.0K)
    Checking Rule W216 (Rule 145 of total 292) .... done (Time = 0.00s, Memory = 0.0K)
    Checking Rule W218 (Rule 146 of total 292) .... done (Time = 0.00s, Memory = 0.0K)
    Checking Rule W224 (Rule 147 of total 292) .... done (Time = 0.00s, Memory = 0.0K)
    Checking Rule W263 (Rule 148 of total 292) .... done (Time = 0.00s, Memory = 0.0K)
    Checking Rule W289 (Rule 149 of total 292) .... done (Time = 0.00s, Memory = 0.0K)
    Checking Rule W337 (Rule 150 of total 292) .... done (Time = 0.00s, Memory = 0.0K)
    Checking Rule W416 (Rule 151 of total 292) .... done (Time = 0.00s, Memory = 0.0K)
    Checking Rule W352 (Rule 152 of total 292) .... done (Time = 0.00s, Memory = 0.0K)
    Checking Rule W362 (Rule 153 of total 292) .... done (Time = 0.00s, Memory = 0.0K)
    Checking Rule W415a (Rule 154 of total 292) .... done (Time = 0.00s, Memory = 0.0K)
    Checking Rule W486 (Rule 155 of total 292) .... done (Time = 0.00s, Memory = 0.0K)
    Checking Rule W499 (Rule 156 of total 292) .... done (Time = 0.00s, Memory = 0.0K)
    Checking Rule W502 (Rule 157 of total 292) .... done (Time = 0.00s, Memory = 0.0K)
    Checking Rule W116 (Rule 158 of total 292) .... done (Time = 0.00s, Memory = 0.0K)
    Checking Rule W122 (Rule 159 of total 292) .... done (Time = 0.00s, Memory = 0.0K)
    Checking Rule W123 (Rule 160 of total 292) .... done (Time = 0.00s, Memory = 0.0K)
    Checking Rule W156 (Rule 161 of total 292) .... done (Time = 0.00s, Memory = 0.0K)
    Checking Rule W71 (Rule 162 of total 292) .... done (Time = 0.00s, Memory = 0.0K)
    Checking Rule W240 (Rule 163 of total 292) .... done (Time = 0.00s, Memory = 0.0K)
    Checking Rule W240 (Rule 164 of total 292) .... done (Time = 0.00s, Memory = 0.0K)
    Checking Rule W287a (Rule 165 of total 292) .... done (Time = 0.00s, Memory = 0.0K)
    Checking Rule W287b (Rule 166 of total 292) .... done (Time = 0.00s, Memory = 0.0K)
    Checking Rule W293 (Rule 167 of total 292) .... done (Time = 0.00s, Memory = 0.0K)
    Checking Rule W398 (Rule 168 of total 292) .... done (Time = 0.00s, Memory = 0.0K)
    Checking Rule W424 (Rule 169 of total 292) .... done (Time = 0.00s, Memory = 0.0K)
    Checking Rule W467 (Rule 170 of total 292) .... done (Time = 0.00s, Memory = 0.0K)
    Checking Rule W505 (Rule 171 of total 292) .... done (Time = 0.00s, Memory = 0.0K)
    Checking Rule W505 (Rule 172 of total 292) .... done (Time = 0.00s, Memory = 0.0K)
    Checking Rule W528 (Rule 173 of total 292) .... done (Time = 0.00s, Memory = 0.0K)
    Checking Rule W528 (Rule 174 of total 292) .... done (Time = 0.00s, Memory = 512.0K)
    Checking Rule Prereqs_Usage (Rule 175 of total 292) .... done (Time = 0.00s, Memory = 0.0K)
    Checking Rule Prereqs_ConstantInput-ML (Rule 176 of total 292) .... done (Time = 0.00s, Memory = 0.0K)
    Checking Rule ReportPortInfo-ML (Rule 177 of total 292) .... done (Time = 0.00s, Memory = 0.0K)
    Checking Rule Prereqs_ReportPortInfo-ML (Rule 178 of total 292) .... done (Time = 0.00s, Memory = 0.0K)
    Checking Rule Prereqs_ReportPortInfo-ML (Rule 179 of total 292) .... done (Time = 0.00s, Memory = 0.0K)
    Checking Rule Prereqs_Elab_Hier_Dialog (Rule 180 of total 292) .... done (Time = 0.00s, Memory = 0.0K)
    Checking Rule NoAssignX-ML (Rule 181 of total 292) .... done (Time = 0.00s, Memory = 0.0K)
    Checking Rule ParamWidthMismatch-ML (Rule 182 of total 292) .... done (Time = 0.00s, Memory = 0.0K)
    Checking Rule Postreqs_Usage_ML (Rule 183 of total 292) .... done (Time = 0.00s, Memory = 0.0K)
    Checking Rule NoXInCase-ML (Rule 184 of total 292) .... done (Time = 0.00s, Memory = 0.0K)
Checking ELABDU Rules for designUnit uart_core
    Checking Rule Ac_classify_param01 (Rule 118 of total 292) .... done (Time = 0.00s, Memory = 0.0K)
    Checking Rule AcOvlRtl (Rule 119 of total 292) .... done (Time = 0.00s, Memory = 0.0K)
    Checking Rule AcOvlRtl (Rule 120 of total 292) .... done (Time = 0.00s, Memory = 0.0K)
    Checking Rule GenTopLevelBlocksForAutoSoc (Rule 121 of total 292) .... done (Time = 0.00s, Memory = 0.0K)
    Checking Rule Prereqs_InferLatch (Rule 122 of total 292) .... done (Time = 0.00s, Memory = 0.0K)
    Checking Rule STARC05-2.1.4.5 (Rule 123 of total 292) .... done (Time = 0.00s, Memory = 0.0K)
    Checking Rule STARC05-2.1.5.3 (Rule 124 of total 292) .... done (Time = 0.00s, Memory = 0.0K)
    Checking Rule STARC05-2.2.3.3 (Rule 125 of total 292) .... done (Time = 0.00s, Memory = 0.0K)
    Checking Rule STARC05-2.3.1.6 (Rule 126 of total 292) .... done (Time = 0.00s, Memory = 0.0K)
    Checking Rule STARC05-2.10.2.3 (Rule 127 of total 292) .... done (Time = 0.00s, Memory = 0.0K)
    Checking Rule STARC05-2.10.3.2a (Rule 128 of total 292) .... done (Time = 0.00s, Memory = 0.0K)
    Checking Rule STARC05-2.11.3.1 (Rule 129 of total 292) .... done (Time = 0.00s, Memory = 0.0K)
    Checking Rule STARC05-2.1.3.1 (Rule 130 of total 292) .... done (Time = 0.00s, Memory = 0.0K)
    Checking Rule STARC05-2.10.1.4a (Rule 131 of total 292) .... done (Time = 0.00s, Memory = 0.0K)
    Checking Rule STARC05-2.10.1.4b (Rule 132 of total 292) .... done (Time = 0.00s, Memory = 0.0K)
    Checking Rule sim_race02 (Rule 133 of total 292) .... done (Time = 0.00s, Memory = 0.0K)
    Checking Rule W339a (Rule 134 of total 292) .... done (Time = 0.00s, Memory = 0.0K)
    Checking Rule W110 (Rule 135 of total 292) .... done (Time = 0.00s, Memory = 0.0K)
    Checking Rule W122 (Rule 136 of total 292) .... done (Time = 0.00s, Memory = 0.0K)
    Checking Rule W496a (Rule 137 of total 292) .... done (Time = 0.00s, Memory = 0.0K)
    Checking Rule W496b (Rule 138 of total 292) .... done (Time = 0.00s, Memory = 0.0K)
    Checking Rule W19 (Rule 139 of total 292) .... done (Time = 0.00s, Memory = 0.0K)
    Checking Rule W66 (Rule 140 of total 292) .... done (Time = 0.00s, Memory = 0.0K)
    Checking Rule W116 (Rule 141 of total 292) .... done (Time = 0.00s, Memory = 0.0K)
    Checking Rule W123 (Rule 142 of total 292) .... done (Time = 0.00s, Memory = 0.0K)
    Checking Rule W156 (Rule 143 of total 292) .... done (Time = 0.00s, Memory = 0.0K)
    Checking Rule W215 (Rule 144 of total 292) .... done (Time = 0.00s, Memory = 0.0K)
    Checking Rule W216 (Rule 145 of total 292) .... done (Time = 0.00s, Memory = 0.0K)
    Checking Rule W218 (Rule 146 of total 292) .... done (Time = 0.00s, Memory = 0.0K)
    Checking Rule W224 (Rule 147 of total 292) .... done (Time = 0.00s, Memory = 0.0K)
    Checking Rule W263 (Rule 148 of total 292) .... done (Time = 0.00s, Memory = 0.0K)
    Checking Rule W289 (Rule 149 of total 292) .... done (Time = 0.00s, Memory = 0.0K)
    Checking Rule W337 (Rule 150 of total 292) .... done (Time = 0.00s, Memory = 0.0K)
    Checking Rule W416 (Rule 151 of total 292) .... done (Time = 0.00s, Memory = 0.0K)
    Checking Rule W352 (Rule 152 of total 292) .... done (Time = 0.00s, Memory = 0.0K)
    Checking Rule W362 (Rule 153 of total 292) .... done (Time = 0.00s, Memory = 0.0K)
    Checking Rule W415a (Rule 154 of total 292) .... done (Time = 0.00s, Memory = 0.0K)
    Checking Rule W486 (Rule 155 of total 292) .... done (Time = 0.00s, Memory = 0.0K)
    Checking Rule W499 (Rule 156 of total 292) .... done (Time = 0.00s, Memory = 0.0K)
    Checking Rule W502 (Rule 157 of total 292) .... done (Time = 0.00s, Memory = 0.0K)
    Checking Rule W116 (Rule 158 of total 292) .... done (Time = 0.00s, Memory = 0.0K)
    Checking Rule W122 (Rule 159 of total 292) .... done (Time = 0.00s, Memory = 0.0K)
    Checking Rule W123 (Rule 160 of total 292) .... done (Time = 0.00s, Memory = 0.0K)
    Checking Rule W156 (Rule 161 of total 292) .... done (Time = 0.00s, Memory = 0.0K)
    Checking Rule W71 (Rule 162 of total 292) .... done (Time = 0.00s, Memory = 0.0K)
    Checking Rule W240 (Rule 163 of total 292) .... done (Time = 0.00s, Memory = 0.0K)
    Checking Rule W240 (Rule 164 of total 292) .... done (Time = 0.00s, Memory = 0.0K)
    Checking Rule W287a (Rule 165 of total 292) .... done (Time = 0.00s, Memory = 0.0K)
    Checking Rule W287b (Rule 166 of total 292) .... done (Time = 0.00s, Memory = 0.0K)
    Checking Rule W293 (Rule 167 of total 292) .... done (Time = 0.00s, Memory = 0.0K)
    Checking Rule W398 (Rule 168 of total 292) .... done (Time = 0.00s, Memory = 0.0K)
    Checking Rule W424 (Rule 169 of total 292) .... done (Time = 0.00s, Memory = 0.0K)
    Checking Rule W467 (Rule 170 of total 292) .... done (Time = 0.00s, Memory = 0.0K)
    Checking Rule W505 (Rule 171 of total 292) .... done (Time = 0.00s, Memory = 0.0K)
    Checking Rule W505 (Rule 172 of total 292) .... done (Time = 0.00s, Memory = 0.0K)
    Checking Rule W528 (Rule 173 of total 292) .... done (Time = 0.00s, Memory = 0.0K)
    Checking Rule W528 (Rule 174 of total 292) .... done (Time = 0.00s, Memory = 512.0K)
    Checking Rule Prereqs_Usage (Rule 175 of total 292) .... done (Time = 0.00s, Memory = 0.0K)
    Checking Rule Prereqs_ConstantInput-ML (Rule 176 of total 292) .... done (Time = 0.00s, Memory = 0.0K)
    Checking Rule ReportPortInfo-ML (Rule 177 of total 292) .... done (Time = 0.00s, Memory = 0.0K)
    Checking Rule Prereqs_ReportPortInfo-ML (Rule 178 of total 292) .... done (Time = 0.00s, Memory = 0.0K)
    Checking Rule Prereqs_ReportPortInfo-ML (Rule 179 of total 292) .... done (Time = 0.00s, Memory = 0.0K)
    Checking Rule Prereqs_Elab_Hier_Dialog (Rule 180 of total 292) .... done (Time = 0.00s, Memory = 0.0K)
    Checking Rule NoAssignX-ML (Rule 181 of total 292) .... done (Time = 0.00s, Memory = 0.0K)
    Checking Rule ParamWidthMismatch-ML (Rule 182 of total 292) .... done (Time = 0.00s, Memory = 0.0K)
    Checking Rule Postreqs_Usage_ML (Rule 183 of total 292) .... done (Time = 0.00s, Memory = 0.0K)
    Checking Rule NoXInCase-ML (Rule 184 of total 292) .... done (Time = 0.00s, Memory = 0.0K)
Checking ELABDU Rules for designUnit WORK_prim_fifo_sync_8_0_32_1_0_0
    Checking Rule Ac_classify_param01 (Rule 118 of total 292) .... done (Time = 0.00s, Memory = 0.0K)
    Checking Rule AcOvlRtl (Rule 119 of total 292) .... done (Time = 0.00s, Memory = 0.0K)
    Checking Rule AcOvlRtl (Rule 120 of total 292) .... done (Time = 0.00s, Memory = 0.0K)
    Checking Rule GenTopLevelBlocksForAutoSoc (Rule 121 of total 292) .... done (Time = 0.00s, Memory = 0.0K)
    Checking Rule Prereqs_InferLatch (Rule 122 of total 292) .... done (Time = 0.00s, Memory = 0.0K)
    Checking Rule STARC05-2.1.4.5 (Rule 123 of total 292) .... done (Time = 0.00s, Memory = 0.0K)
    Checking Rule STARC05-2.1.5.3 (Rule 124 of total 292) .... done (Time = 0.00s, Memory = 0.0K)
    Checking Rule STARC05-2.2.3.3 (Rule 125 of total 292) .... done (Time = 0.00s, Memory = 0.0K)
    Checking Rule STARC05-2.3.1.6 (Rule 126 of total 292) .... done (Time = 0.00s, Memory = 0.0K)
    Checking Rule STARC05-2.10.2.3 (Rule 127 of total 292) .... done (Time = 0.00s, Memory = 0.0K)
    Checking Rule STARC05-2.10.3.2a (Rule 128 of total 292) .... done (Time = 0.00s, Memory = 0.0K)
    Checking Rule STARC05-2.11.3.1 (Rule 129 of total 292) .... done (Time = 0.00s, Memory = 0.0K)
    Checking Rule STARC05-2.1.3.1 (Rule 130 of total 292) .... done (Time = 0.00s, Memory = 0.0K)
    Checking Rule STARC05-2.10.1.4a (Rule 131 of total 292) .... done (Time = 0.00s, Memory = 0.0K)
    Checking Rule STARC05-2.10.1.4b (Rule 132 of total 292) .... done (Time = 0.00s, Memory = 0.0K)
    Checking Rule sim_race02 (Rule 133 of total 292) .... done (Time = 0.00s, Memory = 0.0K)
    Checking Rule W339a (Rule 134 of total 292) .... done (Time = 0.00s, Memory = 0.0K)
    Checking Rule W110 (Rule 135 of total 292) .... done (Time = 0.00s, Memory = 0.0K)
    Checking Rule W122 (Rule 136 of total 292) .... done (Time = 0.00s, Memory = 0.0K)
    Checking Rule W496a (Rule 137 of total 292) .... done (Time = 0.00s, Memory = 0.0K)
    Checking Rule W496b (Rule 138 of total 292) .... done (Time = 0.00s, Memory = 0.0K)
    Checking Rule W19 (Rule 139 of total 292) .... done (Time = 0.00s, Memory = 0.0K)
    Checking Rule W66 (Rule 140 of total 292) .... done (Time = 0.00s, Memory = 0.0K)
    Checking Rule W116 (Rule 141 of total 292) .... done (Time = 0.00s, Memory = 0.0K)
    Checking Rule W123 (Rule 142 of total 292) .... done (Time = 0.00s, Memory = 0.0K)
    Checking Rule W156 (Rule 143 of total 292) .... done (Time = 0.00s, Memory = 0.0K)
    Checking Rule W215 (Rule 144 of total 292) .... done (Time = 0.00s, Memory = 0.0K)
    Checking Rule W216 (Rule 145 of total 292) .... done (Time = 0.00s, Memory = 0.0K)
    Checking Rule W218 (Rule 146 of total 292) .... done (Time = 0.00s, Memory = 0.0K)
    Checking Rule W224 (Rule 147 of total 292) .... done (Time = 0.00s, Memory = 0.0K)
    Checking Rule W263 (Rule 148 of total 292) .... done (Time = 0.00s, Memory = 0.0K)
    Checking Rule W289 (Rule 149 of total 292) .... done (Time = 0.00s, Memory = 0.0K)
    Checking Rule W337 (Rule 150 of total 292) .... done (Time = 0.00s, Memory = 0.0K)
    Checking Rule W416 (Rule 151 of total 292) .... done (Time = 0.00s, Memory = 0.0K)
    Checking Rule W352 (Rule 152 of total 292) .... done (Time = 0.00s, Memory = 0.0K)
    Checking Rule W362 (Rule 153 of total 292) .... done (Time = 0.00s, Memory = 0.0K)
    Checking Rule W415a (Rule 154 of total 292) .... done (Time = 0.00s, Memory = 0.0K)
    Checking Rule W486 (Rule 155 of total 292) .... done (Time = 0.00s, Memory = 0.0K)
    Checking Rule W499 (Rule 156 of total 292) .... done (Time = 0.00s, Memory = 0.0K)
    Checking Rule W502 (Rule 157 of total 292) .... done (Time = 0.00s, Memory = 0.0K)
    Checking Rule W116 (Rule 158 of total 292) .... done (Time = 0.00s, Memory = 0.0K)
    Checking Rule W122 (Rule 159 of total 292) .... done (Time = 0.00s, Memory = 0.0K)
    Checking Rule W123 (Rule 160 of total 292) .... done (Time = 0.00s, Memory = 0.0K)
    Checking Rule W156 (Rule 161 of total 292) .... done (Time = 0.00s, Memory = 0.0K)
    Checking Rule W71 (Rule 162 of total 292) .... done (Time = 0.00s, Memory = 0.0K)
    Checking Rule W240 (Rule 163 of total 292) .... done (Time = 0.00s, Memory = 0.0K)
    Checking Rule W240 (Rule 164 of total 292) .... done (Time = 0.00s, Memory = 0.0K)
    Checking Rule W287a (Rule 165 of total 292) .... done (Time = 0.00s, Memory = 0.0K)
    Checking Rule W287b (Rule 166 of total 292) .... done (Time = 0.00s, Memory = 0.0K)
    Checking Rule W293 (Rule 167 of total 292) .... done (Time = 0.00s, Memory = 0.0K)
    Checking Rule W398 (Rule 168 of total 292) .... done (Time = 0.00s, Memory = 0.0K)
    Checking Rule W424 (Rule 169 of total 292) .... done (Time = 0.00s, Memory = 0.0K)
    Checking Rule W467 (Rule 170 of total 292) .... done (Time = 0.00s, Memory = 0.0K)
    Checking Rule W505 (Rule 171 of total 292) .... done (Time = 0.00s, Memory = 0.0K)
    Checking Rule W505 (Rule 172 of total 292) .... done (Time = 0.00s, Memory = 0.0K)
    Checking Rule W528 (Rule 173 of total 292) .... done (Time = 0.00s, Memory = 0.0K)
    Checking Rule W528 (Rule 174 of total 292) .... done (Time = 0.00s, Memory = 512.0K)
    Checking Rule Prereqs_Usage (Rule 175 of total 292) .... done (Time = 0.00s, Memory = 0.0K)
    Checking Rule Prereqs_ConstantInput-ML (Rule 176 of total 292) .... done (Time = 0.00s, Memory = 0.0K)
    Checking Rule ReportPortInfo-ML (Rule 177 of total 292) .... done (Time = 0.00s, Memory = 0.0K)
    Checking Rule Prereqs_ReportPortInfo-ML (Rule 178 of total 292) .... done (Time = 0.00s, Memory = 0.0K)
    Checking Rule Prereqs_ReportPortInfo-ML (Rule 179 of total 292) .... done (Time = 0.00s, Memory = 0.0K)
    Checking Rule Prereqs_Elab_Hier_Dialog (Rule 180 of total 292) .... done (Time = 0.00s, Memory = 0.0K)
    Checking Rule NoAssignX-ML (Rule 181 of total 292) .... done (Time = 0.00s, Memory = 0.0K)
    Checking Rule ParamWidthMismatch-ML (Rule 182 of total 292) .... done (Time = 0.00s, Memory = 0.0K)
    Checking Rule Postreqs_Usage_ML (Rule 183 of total 292) .... done (Time = 0.00s, Memory = 0.0K)
    Checking Rule NoXInCase-ML (Rule 184 of total 292) .... done (Time = 0.00s, Memory = 0.0K)
Checking ELABDU Rules for designUnit WORK_prim_fifo_sync_cnt_32_0_0
    Checking Rule Ac_classify_param01 (Rule 118 of total 292) .... done (Time = 0.00s, Memory = 0.0K)
    Checking Rule AcOvlRtl (Rule 119 of total 292) .... done (Time = 0.00s, Memory = 0.0K)
    Checking Rule AcOvlRtl (Rule 120 of total 292) .... done (Time = 0.00s, Memory = 0.0K)
    Checking Rule GenTopLevelBlocksForAutoSoc (Rule 121 of total 292) .... done (Time = 0.00s, Memory = 0.0K)
    Checking Rule Prereqs_InferLatch (Rule 122 of total 292) .... done (Time = 0.00s, Memory = 0.0K)
    Checking Rule STARC05-2.1.4.5 (Rule 123 of total 292) .... done (Time = 0.00s, Memory = 0.0K)
    Checking Rule STARC05-2.1.5.3 (Rule 124 of total 292) .... done (Time = 0.00s, Memory = 0.0K)
    Checking Rule STARC05-2.2.3.3 (Rule 125 of total 292) .... done (Time = 0.00s, Memory = 0.0K)
    Checking Rule STARC05-2.3.1.6 (Rule 126 of total 292) .... done (Time = 0.00s, Memory = 0.0K)
    Checking Rule STARC05-2.10.2.3 (Rule 127 of total 292) .... done (Time = 0.00s, Memory = 0.0K)
    Checking Rule STARC05-2.10.3.2a (Rule 128 of total 292) .... done (Time = 0.00s, Memory = 0.0K)
    Checking Rule STARC05-2.11.3.1 (Rule 129 of total 292) .... done (Time = 0.00s, Memory = 0.0K)
    Checking Rule STARC05-2.1.3.1 (Rule 130 of total 292) .... done (Time = 0.00s, Memory = 0.0K)
    Checking Rule STARC05-2.10.1.4a (Rule 131 of total 292) .... done (Time = 0.00s, Memory = 0.0K)
    Checking Rule STARC05-2.10.1.4b (Rule 132 of total 292) .... done (Time = 0.00s, Memory = 0.0K)
    Checking Rule sim_race02 (Rule 133 of total 292) .... done (Time = 0.00s, Memory = 0.0K)
    Checking Rule W339a (Rule 134 of total 292) .... done (Time = 0.00s, Memory = 0.0K)
    Checking Rule W110 (Rule 135 of total 292) .... done (Time = 0.00s, Memory = 0.0K)
    Checking Rule W122 (Rule 136 of total 292) .... done (Time = 0.00s, Memory = 0.0K)
    Checking Rule W496a (Rule 137 of total 292) .... done (Time = 0.00s, Memory = 0.0K)
    Checking Rule W496b (Rule 138 of total 292) .... done (Time = 0.00s, Memory = 0.0K)
    Checking Rule W19 (Rule 139 of total 292) .... done (Time = 0.00s, Memory = 0.0K)
    Checking Rule W66 (Rule 140 of total 292) .... done (Time = 0.00s, Memory = 0.0K)
    Checking Rule W116 (Rule 141 of total 292) .... done (Time = 0.00s, Memory = 0.0K)
    Checking Rule W123 (Rule 142 of total 292) .... done (Time = 0.00s, Memory = 0.0K)
    Checking Rule W156 (Rule 143 of total 292) .... done (Time = 0.00s, Memory = 0.0K)
    Checking Rule W215 (Rule 144 of total 292) .... done (Time = 0.00s, Memory = 0.0K)
    Checking Rule W216 (Rule 145 of total 292) .... done (Time = 0.00s, Memory = 0.0K)
    Checking Rule W218 (Rule 146 of total 292) .... done (Time = 0.00s, Memory = 0.0K)
    Checking Rule W224 (Rule 147 of total 292) .... done (Time = 0.00s, Memory = 0.0K)
    Checking Rule W263 (Rule 148 of total 292) .... done (Time = 0.00s, Memory = 0.0K)
    Checking Rule W289 (Rule 149 of total 292) .... done (Time = 0.00s, Memory = 0.0K)
    Checking Rule W337 (Rule 150 of total 292) .... done (Time = 0.00s, Memory = 0.0K)
    Checking Rule W416 (Rule 151 of total 292) .... done (Time = 0.00s, Memory = 0.0K)
    Checking Rule W352 (Rule 152 of total 292) .... done (Time = 0.00s, Memory = 0.0K)
    Checking Rule W362 (Rule 153 of total 292) .... done (Time = 0.00s, Memory = 0.0K)
    Checking Rule W415a (Rule 154 of total 292) .... done (Time = 0.00s, Memory = 0.0K)
    Checking Rule W486 (Rule 155 of total 292) .... done (Time = 0.00s, Memory = 0.0K)
    Checking Rule W499 (Rule 156 of total 292) .... done (Time = 0.00s, Memory = 0.0K)
    Checking Rule W502 (Rule 157 of total 292) .... done (Time = 0.00s, Memory = 0.0K)
    Checking Rule W116 (Rule 158 of total 292) .... done (Time = 0.00s, Memory = 0.0K)
    Checking Rule W122 (Rule 159 of total 292) .... done (Time = 0.00s, Memory = 0.0K)
    Checking Rule W123 (Rule 160 of total 292) .... done (Time = 0.00s, Memory = 0.0K)
    Checking Rule W156 (Rule 161 of total 292) .... done (Time = 0.00s, Memory = 0.0K)
    Checking Rule W71 (Rule 162 of total 292) .... done (Time = 0.00s, Memory = 0.0K)
    Checking Rule W240 (Rule 163 of total 292) .... done (Time = 0.00s, Memory = 0.0K)
    Checking Rule W240 (Rule 164 of total 292) .... done (Time = 0.00s, Memory = 0.0K)
    Checking Rule W287a (Rule 165 of total 292) .... done (Time = 0.00s, Memory = 0.0K)
    Checking Rule W287b (Rule 166 of total 292) .... done (Time = 0.00s, Memory = 0.0K)
    Checking Rule W293 (Rule 167 of total 292) .... done (Time = 0.00s, Memory = 0.0K)
    Checking Rule W398 (Rule 168 of total 292) .... done (Time = 0.00s, Memory = 0.0K)
    Checking Rule W424 (Rule 169 of total 292) .... done (Time = 0.00s, Memory = 0.0K)
    Checking Rule W467 (Rule 170 of total 292) .... done (Time = 0.00s, Memory = 0.0K)
    Checking Rule W505 (Rule 171 of total 292) .... done (Time = 0.00s, Memory = 0.0K)
    Checking Rule W505 (Rule 172 of total 292) .... done (Time = 0.00s, Memory = 0.0K)
    Checking Rule W528 (Rule 173 of total 292) .... done (Time = 0.00s, Memory = 0.0K)
    Checking Rule W528 (Rule 174 of total 292) .... done (Time = 0.00s, Memory = 512.0K)
    Checking Rule Prereqs_Usage (Rule 175 of total 292) .... done (Time = 0.00s, Memory = 0.0K)
    Checking Rule Prereqs_ConstantInput-ML (Rule 176 of total 292) .... done (Time = 0.00s, Memory = 0.0K)
    Checking Rule ReportPortInfo-ML (Rule 177 of total 292) .... done (Time = 0.00s, Memory = 0.0K)
    Checking Rule Prereqs_ReportPortInfo-ML (Rule 178 of total 292) .... done (Time = 0.00s, Memory = 0.0K)
    Checking Rule Prereqs_ReportPortInfo-ML (Rule 179 of total 292) .... done (Time = 0.00s, Memory = 0.0K)
    Checking Rule Prereqs_Elab_Hier_Dialog (Rule 180 of total 292) .... done (Time = 0.00s, Memory = 0.0K)
    Checking Rule NoAssignX-ML (Rule 181 of total 292) .... done (Time = 0.00s, Memory = 0.0K)
    Checking Rule ParamWidthMismatch-ML (Rule 182 of total 292) .... done (Time = 0.00s, Memory = 0.0K)
    Checking Rule Postreqs_Usage_ML (Rule 183 of total 292) .... done (Time = 0.00s, Memory = 0.0K)
    Checking Rule NoXInCase-ML (Rule 184 of total 292) .... done (Time = 0.00s, Memory = 0.0K)
Checking ELABDU Rules for designUnit uart_tx
    Checking Rule Ac_classify_param01 (Rule 118 of total 292) .... done (Time = 0.00s, Memory = 0.0K)
    Checking Rule AcOvlRtl (Rule 119 of total 292) .... done (Time = 0.00s, Memory = 0.0K)
    Checking Rule AcOvlRtl (Rule 120 of total 292) .... done (Time = 0.00s, Memory = 0.0K)
    Checking Rule GenTopLevelBlocksForAutoSoc (Rule 121 of total 292) .... done (Time = 0.00s, Memory = 0.0K)
    Checking Rule Prereqs_InferLatch (Rule 122 of total 292) .... done (Time = 0.00s, Memory = 0.0K)
    Checking Rule STARC05-2.1.4.5 (Rule 123 of total 292) .... done (Time = 0.00s, Memory = 0.0K)
    Checking Rule STARC05-2.1.5.3 (Rule 124 of total 292) .... done (Time = 0.00s, Memory = 0.0K)
    Checking Rule STARC05-2.2.3.3 (Rule 125 of total 292) .... done (Time = 0.00s, Memory = 0.0K)
    Checking Rule STARC05-2.3.1.6 (Rule 126 of total 292) .... done (Time = 0.00s, Memory = 0.0K)
    Checking Rule STARC05-2.10.2.3 (Rule 127 of total 292) .... done (Time = 0.00s, Memory = 0.0K)
    Checking Rule STARC05-2.10.3.2a (Rule 128 of total 292) .... done (Time = 0.00s, Memory = 0.0K)
    Checking Rule STARC05-2.11.3.1 (Rule 129 of total 292) .... done (Time = 0.00s, Memory = 0.0K)
    Checking Rule STARC05-2.1.3.1 (Rule 130 of total 292) .... done (Time = 0.00s, Memory = 0.0K)
    Checking Rule STARC05-2.10.1.4a (Rule 131 of total 292) .... done (Time = 0.00s, Memory = 0.0K)
    Checking Rule STARC05-2.10.1.4b (Rule 132 of total 292) .... done (Time = 0.00s, Memory = 0.0K)
    Checking Rule sim_race02 (Rule 133 of total 292) .... done (Time = 0.00s, Memory = 0.0K)
    Checking Rule W339a (Rule 134 of total 292) .... done (Time = 0.00s, Memory = 0.0K)
    Checking Rule W110 (Rule 135 of total 292) .... done (Time = 0.00s, Memory = 0.0K)
    Checking Rule W122 (Rule 136 of total 292) .... done (Time = 0.00s, Memory = 0.0K)
    Checking Rule W496a (Rule 137 of total 292) .... done (Time = 0.00s, Memory = 0.0K)
    Checking Rule W496b (Rule 138 of total 292) .... done (Time = 0.00s, Memory = 0.0K)
    Checking Rule W19 (Rule 139 of total 292) .... done (Time = 0.00s, Memory = 0.0K)
    Checking Rule W66 (Rule 140 of total 292) .... done (Time = 0.00s, Memory = 0.0K)
    Checking Rule W116 (Rule 141 of total 292) .... done (Time = 0.00s, Memory = 0.0K)
    Checking Rule W123 (Rule 142 of total 292) .... done (Time = 0.00s, Memory = 0.0K)
    Checking Rule W156 (Rule 143 of total 292) .... done (Time = 0.00s, Memory = 0.0K)
    Checking Rule W215 (Rule 144 of total 292) .... done (Time = 0.00s, Memory = 0.0K)
    Checking Rule W216 (Rule 145 of total 292) .... done (Time = 0.00s, Memory = 0.0K)
    Checking Rule W218 (Rule 146 of total 292) .... done (Time = 0.00s, Memory = 0.0K)
    Checking Rule W224 (Rule 147 of total 292) .... done (Time = 0.00s, Memory = 0.0K)
    Checking Rule W263 (Rule 148 of total 292) .... done (Time = 0.00s, Memory = 0.0K)
    Checking Rule W289 (Rule 149 of total 292) .... done (Time = 0.00s, Memory = 0.0K)
    Checking Rule W337 (Rule 150 of total 292) .... done (Time = 0.00s, Memory = 0.0K)
    Checking Rule W416 (Rule 151 of total 292) .... done (Time = 0.00s, Memory = 0.0K)
    Checking Rule W352 (Rule 152 of total 292) .... done (Time = 0.00s, Memory = 0.0K)
    Checking Rule W362 (Rule 153 of total 292) .... done (Time = 0.00s, Memory = 0.0K)
    Checking Rule W415a (Rule 154 of total 292) .... done (Time = 0.00s, Memory = -32.0K)
    Checking Rule W486 (Rule 155 of total 292) .... done (Time = 0.00s, Memory = 0.0K)
    Checking Rule W499 (Rule 156 of total 292) .... done (Time = 0.00s, Memory = 0.0K)
    Checking Rule W502 (Rule 157 of total 292) .... done (Time = 0.00s, Memory = 0.0K)
    Checking Rule W116 (Rule 158 of total 292) .... done (Time = 0.00s, Memory = 0.0K)
    Checking Rule W122 (Rule 159 of total 292) .... done (Time = 0.00s, Memory = 0.0K)
    Checking Rule W123 (Rule 160 of total 292) .... done (Time = 0.00s, Memory = 0.0K)
    Checking Rule W156 (Rule 161 of total 292) .... done (Time = 0.00s, Memory = 0.0K)
    Checking Rule W71 (Rule 162 of total 292) .... done (Time = 0.00s, Memory = 0.0K)
    Checking Rule W240 (Rule 163 of total 292) .... done (Time = 0.00s, Memory = 0.0K)
    Checking Rule W240 (Rule 164 of total 292) .... done (Time = 0.00s, Memory = 0.0K)
    Checking Rule W287a (Rule 165 of total 292) .... done (Time = 0.00s, Memory = 0.0K)
    Checking Rule W287b (Rule 166 of total 292) .... done (Time = 0.00s, Memory = 0.0K)
    Checking Rule W293 (Rule 167 of total 292) .... done (Time = 0.00s, Memory = 0.0K)
    Checking Rule W398 (Rule 168 of total 292) .... done (Time = 0.00s, Memory = 0.0K)
    Checking Rule W424 (Rule 169 of total 292) .... done (Time = 0.00s, Memory = 0.0K)
    Checking Rule W467 (Rule 170 of total 292) .... done (Time = 0.00s, Memory = 0.0K)
    Checking Rule W505 (Rule 171 of total 292) .... done (Time = 0.00s, Memory = 0.0K)
    Checking Rule W505 (Rule 172 of total 292) .... done (Time = 0.00s, Memory = 0.0K)
    Checking Rule W528 (Rule 173 of total 292) .... done (Time = 0.00s, Memory = 0.0K)
    Checking Rule W528 (Rule 174 of total 292) .... done (Time = 0.00s, Memory = 512.0K)
    Checking Rule Prereqs_Usage (Rule 175 of total 292) .... done (Time = 0.00s, Memory = 0.0K)
    Checking Rule Prereqs_ConstantInput-ML (Rule 176 of total 292) .... done (Time = 0.00s, Memory = 0.0K)
    Checking Rule ReportPortInfo-ML (Rule 177 of total 292) .... done (Time = 0.00s, Memory = 0.0K)
    Checking Rule Prereqs_ReportPortInfo-ML (Rule 178 of total 292) .... done (Time = 0.00s, Memory = 0.0K)
    Checking Rule Prereqs_ReportPortInfo-ML (Rule 179 of total 292) .... done (Time = 0.00s, Memory = 0.0K)
    Checking Rule Prereqs_Elab_Hier_Dialog (Rule 180 of total 292) .... done (Time = 0.00s, Memory = 0.0K)
    Checking Rule NoAssignX-ML (Rule 181 of total 292) .... done (Time = 0.00s, Memory = 0.0K)
    Checking Rule ParamWidthMismatch-ML (Rule 182 of total 292) .... done (Time = 0.00s, Memory = 0.0K)
    Checking Rule Postreqs_Usage_ML (Rule 183 of total 292) .... done (Time = 0.00s, Memory = 0.0K)
    Checking Rule NoXInCase-ML (Rule 184 of total 292) .... done (Time = 0.00s, Memory = 0.0K)
Checking ELABDU Rules for designUnit WORK_prim_flop_2sync_1_1_1
    Checking Rule Ac_classify_param01 (Rule 118 of total 292) .... done (Time = 0.00s, Memory = 0.0K)
    Checking Rule AcOvlRtl (Rule 119 of total 292) .... done (Time = 0.00s, Memory = 0.0K)
    Checking Rule AcOvlRtl (Rule 120 of total 292) .... done (Time = 0.00s, Memory = 0.0K)
    Checking Rule GenTopLevelBlocksForAutoSoc (Rule 121 of total 292) .... done (Time = 0.00s, Memory = 0.0K)
    Checking Rule Prereqs_InferLatch (Rule 122 of total 292) .... done (Time = 0.00s, Memory = 0.0K)
    Checking Rule STARC05-2.1.4.5 (Rule 123 of total 292) .... done (Time = 0.00s, Memory = 0.0K)
    Checking Rule STARC05-2.1.5.3 (Rule 124 of total 292) .... done (Time = 0.00s, Memory = 0.0K)
    Checking Rule STARC05-2.2.3.3 (Rule 125 of total 292) .... done (Time = 0.00s, Memory = 0.0K)
    Checking Rule STARC05-2.3.1.6 (Rule 126 of total 292) .... done (Time = 0.00s, Memory = 0.0K)
    Checking Rule STARC05-2.10.2.3 (Rule 127 of total 292) .... done (Time = 0.00s, Memory = 0.0K)
    Checking Rule STARC05-2.10.3.2a (Rule 128 of total 292) .... done (Time = 0.00s, Memory = 0.0K)
    Checking Rule STARC05-2.11.3.1 (Rule 129 of total 292) .... done (Time = 0.00s, Memory = 0.0K)
    Checking Rule STARC05-2.1.3.1 (Rule 130 of total 292) .... done (Time = 0.00s, Memory = 0.0K)
    Checking Rule STARC05-2.10.1.4a (Rule 131 of total 292) .... done (Time = 0.00s, Memory = 0.0K)
    Checking Rule STARC05-2.10.1.4b (Rule 132 of total 292) .... done (Time = 0.00s, Memory = 0.0K)
    Checking Rule sim_race02 (Rule 133 of total 292) .... done (Time = 0.00s, Memory = 0.0K)
    Checking Rule W339a (Rule 134 of total 292) .... done (Time = 0.00s, Memory = 0.0K)
    Checking Rule W110 (Rule 135 of total 292) .... done (Time = 0.00s, Memory = 0.0K)
    Checking Rule W122 (Rule 136 of total 292) .... done (Time = 0.00s, Memory = 0.0K)
    Checking Rule W496a (Rule 137 of total 292) .... done (Time = 0.00s, Memory = 0.0K)
    Checking Rule W496b (Rule 138 of total 292) .... done (Time = 0.00s, Memory = 0.0K)
    Checking Rule W19 (Rule 139 of total 292) .... done (Time = 0.00s, Memory = 0.0K)
    Checking Rule W66 (Rule 140 of total 292) .... done (Time = 0.00s, Memory = 0.0K)
    Checking Rule W116 (Rule 141 of total 292) .... done (Time = 0.00s, Memory = 0.0K)
    Checking Rule W123 (Rule 142 of total 292) .... done (Time = 0.00s, Memory = 0.0K)
    Checking Rule W156 (Rule 143 of total 292) .... done (Time = 0.00s, Memory = 0.0K)
    Checking Rule W215 (Rule 144 of total 292) .... done (Time = 0.00s, Memory = 0.0K)
    Checking Rule W216 (Rule 145 of total 292) .... done (Time = 0.00s, Memory = 0.0K)
    Checking Rule W218 (Rule 146 of total 292) .... done (Time = 0.00s, Memory = 0.0K)
    Checking Rule W224 (Rule 147 of total 292) .... done (Time = 0.00s, Memory = 0.0K)
    Checking Rule W263 (Rule 148 of total 292) .... done (Time = 0.00s, Memory = 0.0K)
    Checking Rule W289 (Rule 149 of total 292) .... done (Time = 0.00s, Memory = 0.0K)
    Checking Rule W337 (Rule 150 of total 292) .... done (Time = 0.00s, Memory = 0.0K)
    Checking Rule W416 (Rule 151 of total 292) .... done (Time = 0.00s, Memory = 0.0K)
    Checking Rule W352 (Rule 152 of total 292) .... done (Time = 0.00s, Memory = 0.0K)
    Checking Rule W362 (Rule 153 of total 292) .... done (Time = 0.00s, Memory = 0.0K)
    Checking Rule W415a (Rule 154 of total 292) .... done (Time = 0.00s, Memory = 0.0K)
    Checking Rule W486 (Rule 155 of total 292) .... done (Time = 0.00s, Memory = 0.0K)
    Checking Rule W499 (Rule 156 of total 292) .... done (Time = 0.00s, Memory = 0.0K)
    Checking Rule W502 (Rule 157 of total 292) .... done (Time = 0.00s, Memory = 0.0K)
    Checking Rule W116 (Rule 158 of total 292) .... done (Time = 0.00s, Memory = 0.0K)
    Checking Rule W122 (Rule 159 of total 292) .... done (Time = 0.00s, Memory = 0.0K)
    Checking Rule W123 (Rule 160 of total 292) .... done (Time = 0.00s, Memory = 0.0K)
    Checking Rule W156 (Rule 161 of total 292) .... done (Time = 0.00s, Memory = 0.0K)
    Checking Rule W71 (Rule 162 of total 292) .... done (Time = 0.00s, Memory = 0.0K)
    Checking Rule W240 (Rule 163 of total 292) .... done (Time = 0.00s, Memory = 0.0K)
    Checking Rule W240 (Rule 164 of total 292) .... done (Time = 0.00s, Memory = 0.0K)
    Checking Rule W287a (Rule 165 of total 292) .... done (Time = 0.00s, Memory = 0.0K)
    Checking Rule W287b (Rule 166 of total 292) .... done (Time = 0.00s, Memory = 0.0K)
    Checking Rule W293 (Rule 167 of total 292) .... done (Time = 0.00s, Memory = 0.0K)
    Checking Rule W398 (Rule 168 of total 292) .... done (Time = 0.00s, Memory = 0.0K)
    Checking Rule W424 (Rule 169 of total 292) .... done (Time = 0.00s, Memory = 0.0K)
    Checking Rule W467 (Rule 170 of total 292) .... done (Time = 0.00s, Memory = 0.0K)
    Checking Rule W505 (Rule 171 of total 292) .... done (Time = 0.00s, Memory = 0.0K)
    Checking Rule W505 (Rule 172 of total 292) .... done (Time = 0.00s, Memory = 0.0K)
    Checking Rule W528 (Rule 173 of total 292) .... done (Time = 0.00s, Memory = 0.0K)
    Checking Rule W528 (Rule 174 of total 292) .... done (Time = 0.00s, Memory = 512.0K)
    Checking Rule Prereqs_Usage (Rule 175 of total 292) .... done (Time = 0.00s, Memory = 0.0K)
    Checking Rule Prereqs_ConstantInput-ML (Rule 176 of total 292) .... done (Time = 0.00s, Memory = 0.0K)
    Checking Rule ReportPortInfo-ML (Rule 177 of total 292) .... done (Time = 0.00s, Memory = 0.0K)
    Checking Rule Prereqs_ReportPortInfo-ML (Rule 178 of total 292) .... done (Time = 0.00s, Memory = 0.0K)
    Checking Rule Prereqs_ReportPortInfo-ML (Rule 179 of total 292) .... done (Time = 0.00s, Memory = 0.0K)
    Checking Rule Prereqs_Elab_Hier_Dialog (Rule 180 of total 292) .... done (Time = 0.00s, Memory = 0.0K)
    Checking Rule NoAssignX-ML (Rule 181 of total 292) .... done (Time = 0.00s, Memory = 0.0K)
    Checking Rule ParamWidthMismatch-ML (Rule 182 of total 292) .... done (Time = 0.00s, Memory = 0.0K)
    Checking Rule Postreqs_Usage_ML (Rule 183 of total 292) .... done (Time = 0.00s, Memory = 0.0K)
    Checking Rule NoXInCase-ML (Rule 184 of total 292) .... done (Time = 0.00s, Memory = 0.0K)
Checking ELABDU Rules for designUnit WORK_prim_flop_1_1
    Checking Rule Ac_classify_param01 (Rule 118 of total 292) .... done (Time = 0.00s, Memory = 0.0K)
    Checking Rule AcOvlRtl (Rule 119 of total 292) .... done (Time = 0.00s, Memory = 0.0K)
    Checking Rule AcOvlRtl (Rule 120 of total 292) .... done (Time = 0.00s, Memory = 0.0K)
    Checking Rule GenTopLevelBlocksForAutoSoc (Rule 121 of total 292) .... done (Time = 0.00s, Memory = 0.0K)
    Checking Rule Prereqs_InferLatch (Rule 122 of total 292) .... done (Time = 0.00s, Memory = 0.0K)
    Checking Rule STARC05-2.1.4.5 (Rule 123 of total 292) .... done (Time = 0.00s, Memory = 0.0K)
    Checking Rule STARC05-2.1.5.3 (Rule 124 of total 292) .... done (Time = 0.00s, Memory = 0.0K)
    Checking Rule STARC05-2.2.3.3 (Rule 125 of total 292) .... done (Time = 0.00s, Memory = 0.0K)
    Checking Rule STARC05-2.3.1.6 (Rule 126 of total 292) .... done (Time = 0.00s, Memory = 0.0K)
    Checking Rule STARC05-2.10.2.3 (Rule 127 of total 292) .... done (Time = 0.00s, Memory = 0.0K)
    Checking Rule STARC05-2.10.3.2a (Rule 128 of total 292) .... done (Time = 0.00s, Memory = 0.0K)
    Checking Rule STARC05-2.11.3.1 (Rule 129 of total 292) .... done (Time = 0.00s, Memory = 0.0K)
    Checking Rule STARC05-2.1.3.1 (Rule 130 of total 292) .... done (Time = 0.00s, Memory = 0.0K)
    Checking Rule STARC05-2.10.1.4a (Rule 131 of total 292) .... done (Time = 0.00s, Memory = 0.0K)
    Checking Rule STARC05-2.10.1.4b (Rule 132 of total 292) .... done (Time = 0.00s, Memory = 0.0K)
    Checking Rule sim_race02 (Rule 133 of total 292) .... done (Time = 0.00s, Memory = 0.0K)
    Checking Rule W339a (Rule 134 of total 292) .... done (Time = 0.00s, Memory = 0.0K)
    Checking Rule W110 (Rule 135 of total 292) .... done (Time = 0.00s, Memory = 0.0K)
    Checking Rule W122 (Rule 136 of total 292) .... done (Time = 0.00s, Memory = 0.0K)
    Checking Rule W496a (Rule 137 of total 292) .... done (Time = 0.00s, Memory = 0.0K)
    Checking Rule W496b (Rule 138 of total 292) .... done (Time = 0.00s, Memory = 0.0K)
    Checking Rule W19 (Rule 139 of total 292) .... done (Time = 0.00s, Memory = 0.0K)
    Checking Rule W66 (Rule 140 of total 292) .... done (Time = 0.00s, Memory = 0.0K)
    Checking Rule W116 (Rule 141 of total 292) .... done (Time = 0.00s, Memory = 0.0K)
    Checking Rule W123 (Rule 142 of total 292) .... done (Time = 0.00s, Memory = 0.0K)
    Checking Rule W156 (Rule 143 of total 292) .... done (Time = 0.00s, Memory = 0.0K)
    Checking Rule W215 (Rule 144 of total 292) .... done (Time = 0.00s, Memory = 0.0K)
    Checking Rule W216 (Rule 145 of total 292) .... done (Time = 0.00s, Memory = 0.0K)
    Checking Rule W218 (Rule 146 of total 292) .... done (Time = 0.00s, Memory = 0.0K)
    Checking Rule W224 (Rule 147 of total 292) .... done (Time = 0.00s, Memory = 0.0K)
    Checking Rule W263 (Rule 148 of total 292) .... done (Time = 0.00s, Memory = 0.0K)
    Checking Rule W289 (Rule 149 of total 292) .... done (Time = 0.00s, Memory = 0.0K)
    Checking Rule W337 (Rule 150 of total 292) .... done (Time = 0.00s, Memory = 0.0K)
    Checking Rule W416 (Rule 151 of total 292) .... done (Time = 0.00s, Memory = 0.0K)
    Checking Rule W352 (Rule 152 of total 292) .... done (Time = 0.00s, Memory = 0.0K)
    Checking Rule W362 (Rule 153 of total 292) .... done (Time = 0.00s, Memory = 0.0K)
    Checking Rule W415a (Rule 154 of total 292) .... done (Time = 0.00s, Memory = 0.0K)
    Checking Rule W486 (Rule 155 of total 292) .... done (Time = 0.00s, Memory = 0.0K)
    Checking Rule W499 (Rule 156 of total 292) .... done (Time = 0.00s, Memory = 0.0K)
    Checking Rule W502 (Rule 157 of total 292) .... done (Time = 0.00s, Memory = 0.0K)
    Checking Rule W116 (Rule 158 of total 292) .... done (Time = 0.00s, Memory = 0.0K)
    Checking Rule W122 (Rule 159 of total 292) .... done (Time = 0.00s, Memory = 0.0K)
    Checking Rule W123 (Rule 160 of total 292) .... done (Time = 0.00s, Memory = 0.0K)
    Checking Rule W156 (Rule 161 of total 292) .... done (Time = 0.00s, Memory = 0.0K)
    Checking Rule W71 (Rule 162 of total 292) .... done (Time = 0.00s, Memory = 0.0K)
    Checking Rule W240 (Rule 163 of total 292) .... done (Time = 0.00s, Memory = 0.0K)
    Checking Rule W240 (Rule 164 of total 292) .... done (Time = 0.00s, Memory = 0.0K)
    Checking Rule W287a (Rule 165 of total 292) .... done (Time = 0.00s, Memory = 0.0K)
    Checking Rule W287b (Rule 166 of total 292) .... done (Time = 0.00s, Memory = 0.0K)
    Checking Rule W293 (Rule 167 of total 292) .... done (Time = 0.00s, Memory = 0.0K)
    Checking Rule W398 (Rule 168 of total 292) .... done (Time = 0.00s, Memory = 0.0K)
    Checking Rule W424 (Rule 169 of total 292) .... done (Time = 0.00s, Memory = 0.0K)
    Checking Rule W467 (Rule 170 of total 292) .... done (Time = 0.00s, Memory = 0.0K)
    Checking Rule W505 (Rule 171 of total 292) .... done (Time = 0.00s, Memory = 0.0K)
    Checking Rule W505 (Rule 172 of total 292) .... done (Time = 0.00s, Memory = 0.0K)
    Checking Rule W528 (Rule 173 of total 292) .... done (Time = 0.00s, Memory = 0.0K)
    Checking Rule W528 (Rule 174 of total 292) .... done (Time = 0.00s, Memory = 512.0K)
    Checking Rule Prereqs_Usage (Rule 175 of total 292) .... done (Time = 0.00s, Memory = 0.0K)
    Checking Rule Prereqs_ConstantInput-ML (Rule 176 of total 292) .... done (Time = 0.00s, Memory = 0.0K)
    Checking Rule ReportPortInfo-ML (Rule 177 of total 292) .... done (Time = 0.00s, Memory = 0.0K)
    Checking Rule Prereqs_ReportPortInfo-ML (Rule 178 of total 292) .... done (Time = 0.00s, Memory = 0.0K)
    Checking Rule Prereqs_ReportPortInfo-ML (Rule 179 of total 292) .... done (Time = 0.00s, Memory = 0.0K)
    Checking Rule Prereqs_Elab_Hier_Dialog (Rule 180 of total 292) .... done (Time = 0.00s, Memory = 0.0K)
    Checking Rule NoAssignX-ML (Rule 181 of total 292) .... done (Time = 0.00s, Memory = 0.0K)
    Checking Rule ParamWidthMismatch-ML (Rule 182 of total 292) .... done (Time = 0.00s, Memory = 0.0K)
    Checking Rule Postreqs_Usage_ML (Rule 183 of total 292) .... done (Time = 0.00s, Memory = 0.0K)
    Checking Rule NoXInCase-ML (Rule 184 of total 292) .... done (Time = 0.00s, Memory = 0.0K)
Checking ELABDU Rules for designUnit uart_rx
    Checking Rule Ac_classify_param01 (Rule 118 of total 292) .... done (Time = 0.00s, Memory = 0.0K)
    Checking Rule AcOvlRtl (Rule 119 of total 292) .... done (Time = 0.00s, Memory = 0.0K)
    Checking Rule AcOvlRtl (Rule 120 of total 292) .... done (Time = 0.00s, Memory = 0.0K)
    Checking Rule GenTopLevelBlocksForAutoSoc (Rule 121 of total 292) .... done (Time = 0.00s, Memory = 0.0K)
    Checking Rule Prereqs_InferLatch (Rule 122 of total 292) .... done (Time = 0.00s, Memory = 0.0K)
    Checking Rule STARC05-2.1.4.5 (Rule 123 of total 292) .... done (Time = 0.00s, Memory = 0.0K)
    Checking Rule STARC05-2.1.5.3 (Rule 124 of total 292) .... done (Time = 0.00s, Memory = 0.0K)
    Checking Rule STARC05-2.2.3.3 (Rule 125 of total 292) .... done (Time = 0.00s, Memory = 0.0K)
    Checking Rule STARC05-2.3.1.6 (Rule 126 of total 292) .... done (Time = 0.00s, Memory = 0.0K)
    Checking Rule STARC05-2.10.2.3 (Rule 127 of total 292) .... done (Time = 0.00s, Memory = 0.0K)
    Checking Rule STARC05-2.10.3.2a (Rule 128 of total 292) .... done (Time = 0.00s, Memory = 0.0K)
    Checking Rule STARC05-2.11.3.1 (Rule 129 of total 292) .... done (Time = 0.00s, Memory = 0.0K)
    Checking Rule STARC05-2.1.3.1 (Rule 130 of total 292) .... done (Time = 0.00s, Memory = 0.0K)
    Checking Rule STARC05-2.10.1.4a (Rule 131 of total 292) .... done (Time = 0.00s, Memory = 0.0K)
    Checking Rule STARC05-2.10.1.4b (Rule 132 of total 292) .... done (Time = 0.00s, Memory = 0.0K)
    Checking Rule sim_race02 (Rule 133 of total 292) .... done (Time = 0.00s, Memory = 0.0K)
    Checking Rule W339a (Rule 134 of total 292) .... done (Time = 0.00s, Memory = 0.0K)
    Checking Rule W110 (Rule 135 of total 292) .... done (Time = 0.00s, Memory = 0.0K)
    Checking Rule W122 (Rule 136 of total 292) .... done (Time = 0.00s, Memory = 0.0K)
    Checking Rule W496a (Rule 137 of total 292) .... done (Time = 0.00s, Memory = 0.0K)
    Checking Rule W496b (Rule 138 of total 292) .... done (Time = 0.00s, Memory = 0.0K)
    Checking Rule W19 (Rule 139 of total 292) .... done (Time = 0.00s, Memory = 0.0K)
    Checking Rule W66 (Rule 140 of total 292) .... done (Time = 0.00s, Memory = 0.0K)
    Checking Rule W116 (Rule 141 of total 292) .... done (Time = 0.00s, Memory = 0.0K)
    Checking Rule W123 (Rule 142 of total 292) .... done (Time = 0.00s, Memory = 0.0K)
    Checking Rule W156 (Rule 143 of total 292) .... done (Time = 0.00s, Memory = 0.0K)
    Checking Rule W215 (Rule 144 of total 292) .... done (Time = 0.00s, Memory = 0.0K)
    Checking Rule W216 (Rule 145 of total 292) .... done (Time = 0.00s, Memory = 0.0K)
    Checking Rule W218 (Rule 146 of total 292) .... done (Time = 0.00s, Memory = 0.0K)
    Checking Rule W224 (Rule 147 of total 292) .... done (Time = 0.00s, Memory = 0.0K)
    Checking Rule W263 (Rule 148 of total 292) .... done (Time = 0.00s, Memory = 0.0K)
    Checking Rule W289 (Rule 149 of total 292) .... done (Time = 0.00s, Memory = 0.0K)
    Checking Rule W337 (Rule 150 of total 292) .... done (Time = 0.00s, Memory = 0.0K)
    Checking Rule W416 (Rule 151 of total 292) .... done (Time = 0.00s, Memory = 0.0K)
    Checking Rule W352 (Rule 152 of total 292) .... done (Time = 0.00s, Memory = 0.0K)
    Checking Rule W362 (Rule 153 of total 292) .... done (Time = 0.00s, Memory = 0.0K)
    Checking Rule W415a (Rule 154 of total 292) .... done (Time = 0.00s, Memory = 48.0K)
    Checking Rule W486 (Rule 155 of total 292) .... done (Time = 0.00s, Memory = 0.0K)
    Checking Rule W499 (Rule 156 of total 292) .... done (Time = 0.01s, Memory = 0.0K)
    Checking Rule W502 (Rule 157 of total 292) .... done (Time = 0.00s, Memory = 0.0K)
    Checking Rule W116 (Rule 158 of total 292) .... done (Time = 0.00s, Memory = 0.0K)
    Checking Rule W122 (Rule 159 of total 292) .... done (Time = 0.00s, Memory = 0.0K)
    Checking Rule W123 (Rule 160 of total 292) .... done (Time = 0.00s, Memory = 0.0K)
    Checking Rule W156 (Rule 161 of total 292) .... done (Time = 0.00s, Memory = 0.0K)
    Checking Rule W71 (Rule 162 of total 292) .... done (Time = 0.00s, Memory = 0.0K)
    Checking Rule W240 (Rule 163 of total 292) .... done (Time = 0.00s, Memory = 0.0K)
    Checking Rule W240 (Rule 164 of total 292) .... done (Time = 0.00s, Memory = 0.0K)
    Checking Rule W287a (Rule 165 of total 292) .... done (Time = 0.00s, Memory = 0.0K)
    Checking Rule W287b (Rule 166 of total 292) .... done (Time = 0.00s, Memory = 0.0K)
    Checking Rule W293 (Rule 167 of total 292) .... done (Time = 0.00s, Memory = 0.0K)
    Checking Rule W398 (Rule 168 of total 292) .... done (Time = 0.00s, Memory = 0.0K)
    Checking Rule W424 (Rule 169 of total 292) .... done (Time = 0.00s, Memory = 0.0K)
    Checking Rule W467 (Rule 170 of total 292) .... done (Time = 0.00s, Memory = 0.0K)
    Checking Rule W505 (Rule 171 of total 292) .... done (Time = 0.00s, Memory = 0.0K)
    Checking Rule W505 (Rule 172 of total 292) .... done (Time = 0.00s, Memory = 0.0K)
    Checking Rule W528 (Rule 173 of total 292) .... done (Time = 0.00s, Memory = 0.0K)
    Checking Rule W528 (Rule 174 of total 292) .... done (Time = 0.00s, Memory = 512.0K)
    Checking Rule Prereqs_Usage (Rule 175 of total 292) .... done (Time = 0.00s, Memory = 0.0K)
    Checking Rule Prereqs_ConstantInput-ML (Rule 176 of total 292) .... done (Time = 0.00s, Memory = 0.0K)
    Checking Rule ReportPortInfo-ML (Rule 177 of total 292) .... done (Time = 0.00s, Memory = 0.0K)
    Checking Rule Prereqs_ReportPortInfo-ML (Rule 178 of total 292) .... done (Time = 0.00s, Memory = 0.0K)
    Checking Rule Prereqs_ReportPortInfo-ML (Rule 179 of total 292) .... done (Time = 0.00s, Memory = 0.0K)
    Checking Rule Prereqs_Elab_Hier_Dialog (Rule 180 of total 292) .... done (Time = 0.00s, Memory = 0.0K)
    Checking Rule NoAssignX-ML (Rule 181 of total 292) .... done (Time = 0.00s, Memory = 0.0K)
    Checking Rule ParamWidthMismatch-ML (Rule 182 of total 292) .... done (Time = 0.00s, Memory = 0.0K)
    Checking Rule Postreqs_Usage_ML (Rule 183 of total 292) .... done (Time = 0.00s, Memory = 0.0K)
    Checking Rule NoXInCase-ML (Rule 184 of total 292) .... done (Time = 0.00s, Memory = 0.0K)
Checking ELABDU Rules for designUnit WORK_prim_fifo_sync_8_0_64_1_0_0
    Checking Rule Ac_classify_param01 (Rule 118 of total 292) .... done (Time = 0.00s, Memory = 0.0K)
    Checking Rule AcOvlRtl (Rule 119 of total 292) .... done (Time = 0.00s, Memory = 0.0K)
    Checking Rule AcOvlRtl (Rule 120 of total 292) .... done (Time = 0.00s, Memory = 0.0K)
    Checking Rule GenTopLevelBlocksForAutoSoc (Rule 121 of total 292) .... done (Time = 0.00s, Memory = 0.0K)
    Checking Rule Prereqs_InferLatch (Rule 122 of total 292) .... done (Time = 0.00s, Memory = 0.0K)
    Checking Rule STARC05-2.1.4.5 (Rule 123 of total 292) .... done (Time = 0.00s, Memory = 0.0K)
    Checking Rule STARC05-2.1.5.3 (Rule 124 of total 292) .... done (Time = 0.00s, Memory = 0.0K)
    Checking Rule STARC05-2.2.3.3 (Rule 125 of total 292) .... done (Time = 0.00s, Memory = 0.0K)
    Checking Rule STARC05-2.3.1.6 (Rule 126 of total 292) .... done (Time = 0.00s, Memory = 0.0K)
    Checking Rule STARC05-2.10.2.3 (Rule 127 of total 292) .... done (Time = 0.00s, Memory = 0.0K)
    Checking Rule STARC05-2.10.3.2a (Rule 128 of total 292) .... done (Time = 0.00s, Memory = 0.0K)
    Checking Rule STARC05-2.11.3.1 (Rule 129 of total 292) .... done (Time = 0.00s, Memory = 0.0K)
    Checking Rule STARC05-2.1.3.1 (Rule 130 of total 292) .... done (Time = 0.00s, Memory = 0.0K)
    Checking Rule STARC05-2.10.1.4a (Rule 131 of total 292) .... done (Time = 0.00s, Memory = 0.0K)
    Checking Rule STARC05-2.10.1.4b (Rule 132 of total 292) .... done (Time = 0.00s, Memory = 0.0K)
    Checking Rule sim_race02 (Rule 133 of total 292) .... done (Time = 0.00s, Memory = 0.0K)
    Checking Rule W339a (Rule 134 of total 292) .... done (Time = 0.00s, Memory = 0.0K)
    Checking Rule W110 (Rule 135 of total 292) .... done (Time = 0.00s, Memory = 0.0K)
    Checking Rule W122 (Rule 136 of total 292) .... done (Time = 0.00s, Memory = 0.0K)
    Checking Rule W496a (Rule 137 of total 292) .... done (Time = 0.00s, Memory = 0.0K)
    Checking Rule W496b (Rule 138 of total 292) .... done (Time = 0.00s, Memory = 0.0K)
    Checking Rule W19 (Rule 139 of total 292) .... done (Time = 0.00s, Memory = 0.0K)
    Checking Rule W66 (Rule 140 of total 292) .... done (Time = 0.00s, Memory = 0.0K)
    Checking Rule W116 (Rule 141 of total 292) .... done (Time = 0.00s, Memory = 0.0K)
    Checking Rule W123 (Rule 142 of total 292) .... done (Time = 0.00s, Memory = 0.0K)
    Checking Rule W156 (Rule 143 of total 292) .... done (Time = 0.00s, Memory = 0.0K)
    Checking Rule W215 (Rule 144 of total 292) .... done (Time = 0.00s, Memory = 0.0K)
    Checking Rule W216 (Rule 145 of total 292) .... done (Time = 0.00s, Memory = 0.0K)
    Checking Rule W218 (Rule 146 of total 292) .... done (Time = 0.00s, Memory = 0.0K)
    Checking Rule W224 (Rule 147 of total 292) .... done (Time = 0.00s, Memory = 0.0K)
    Checking Rule W263 (Rule 148 of total 292) .... done (Time = 0.00s, Memory = 0.0K)
    Checking Rule W289 (Rule 149 of total 292) .... done (Time = 0.00s, Memory = 0.0K)
    Checking Rule W337 (Rule 150 of total 292) .... done (Time = 0.00s, Memory = 0.0K)
    Checking Rule W416 (Rule 151 of total 292) .... done (Time = 0.00s, Memory = 0.0K)
    Checking Rule W352 (Rule 152 of total 292) .... done (Time = 0.00s, Memory = 0.0K)
    Checking Rule W362 (Rule 153 of total 292) .... done (Time = 0.00s, Memory = 0.0K)
    Checking Rule W415a (Rule 154 of total 292) .... done (Time = 0.00s, Memory = 0.0K)
    Checking Rule W486 (Rule 155 of total 292) .... done (Time = 0.00s, Memory = 0.0K)
    Checking Rule W499 (Rule 156 of total 292) .... done (Time = 0.00s, Memory = 0.0K)
    Checking Rule W502 (Rule 157 of total 292) .... done (Time = 0.00s, Memory = 0.0K)
    Checking Rule W116 (Rule 158 of total 292) .... done (Time = 0.00s, Memory = 0.0K)
    Checking Rule W122 (Rule 159 of total 292) .... done (Time = 0.00s, Memory = 0.0K)
    Checking Rule W123 (Rule 160 of total 292) .... done (Time = 0.00s, Memory = 0.0K)
    Checking Rule W156 (Rule 161 of total 292) .... done (Time = 0.00s, Memory = 0.0K)
    Checking Rule W71 (Rule 162 of total 292) .... done (Time = 0.00s, Memory = 0.0K)
    Checking Rule W240 (Rule 163 of total 292) .... done (Time = 0.00s, Memory = 0.0K)
    Checking Rule W240 (Rule 164 of total 292) .... done (Time = 0.00s, Memory = 0.0K)
    Checking Rule W287a (Rule 165 of total 292) .... done (Time = 0.00s, Memory = 0.0K)
    Checking Rule W287b (Rule 166 of total 292) .... done (Time = 0.00s, Memory = 0.0K)
    Checking Rule W293 (Rule 167 of total 292) .... done (Time = 0.00s, Memory = 0.0K)
    Checking Rule W398 (Rule 168 of total 292) .... done (Time = 0.00s, Memory = 0.0K)
    Checking Rule W424 (Rule 169 of total 292) .... done (Time = 0.00s, Memory = 0.0K)
    Checking Rule W467 (Rule 170 of total 292) .... done (Time = 0.00s, Memory = 0.0K)
    Checking Rule W505 (Rule 171 of total 292) .... done (Time = 0.00s, Memory = 0.0K)
    Checking Rule W505 (Rule 172 of total 292) .... done (Time = 0.00s, Memory = 0.0K)
    Checking Rule W528 (Rule 173 of total 292) .... done (Time = 0.00s, Memory = 0.0K)
    Checking Rule W528 (Rule 174 of total 292) .... done (Time = 0.00s, Memory = 512.0K)
    Checking Rule Prereqs_Usage (Rule 175 of total 292) .... done (Time = 0.00s, Memory = 0.0K)
    Checking Rule Prereqs_ConstantInput-ML (Rule 176 of total 292) .... done (Time = 0.00s, Memory = 0.0K)
    Checking Rule ReportPortInfo-ML (Rule 177 of total 292) .... done (Time = 0.00s, Memory = 0.0K)
    Checking Rule Prereqs_ReportPortInfo-ML (Rule 178 of total 292) .... done (Time = 0.00s, Memory = 0.0K)
    Checking Rule Prereqs_ReportPortInfo-ML (Rule 179 of total 292) .... done (Time = 0.00s, Memory = 0.0K)
    Checking Rule Prereqs_Elab_Hier_Dialog (Rule 180 of total 292) .... done (Time = 0.00s, Memory = 0.0K)
    Checking Rule NoAssignX-ML (Rule 181 of total 292) .... done (Time = 0.00s, Memory = 0.0K)
    Checking Rule ParamWidthMismatch-ML (Rule 182 of total 292) .... done (Time = 0.00s, Memory = 0.0K)
    Checking Rule Postreqs_Usage_ML (Rule 183 of total 292) .... done (Time = 0.00s, Memory = 0.0K)
    Checking Rule NoXInCase-ML (Rule 184 of total 292) .... done (Time = 0.00s, Memory = 0.0K)
Checking ELABDU Rules for designUnit WORK_prim_fifo_sync_cnt_64_0_0
    Checking Rule Ac_classify_param01 (Rule 118 of total 292) .... done (Time = 0.00s, Memory = 0.0K)
    Checking Rule AcOvlRtl (Rule 119 of total 292) .... done (Time = 0.00s, Memory = 0.0K)
    Checking Rule AcOvlRtl (Rule 120 of total 292) .... done (Time = 0.00s, Memory = 0.0K)
    Checking Rule GenTopLevelBlocksForAutoSoc (Rule 121 of total 292) .... done (Time = 0.00s, Memory = 0.0K)
    Checking Rule Prereqs_InferLatch (Rule 122 of total 292) .... done (Time = 0.00s, Memory = 0.0K)
    Checking Rule STARC05-2.1.4.5 (Rule 123 of total 292) .... done (Time = 0.00s, Memory = 0.0K)
    Checking Rule STARC05-2.1.5.3 (Rule 124 of total 292) .... done (Time = 0.00s, Memory = 0.0K)
    Checking Rule STARC05-2.2.3.3 (Rule 125 of total 292) .... done (Time = 0.00s, Memory = 0.0K)
    Checking Rule STARC05-2.3.1.6 (Rule 126 of total 292) .... done (Time = 0.00s, Memory = 0.0K)
    Checking Rule STARC05-2.10.2.3 (Rule 127 of total 292) .... done (Time = 0.00s, Memory = 0.0K)
    Checking Rule STARC05-2.10.3.2a (Rule 128 of total 292) .... done (Time = 0.00s, Memory = 0.0K)
    Checking Rule STARC05-2.11.3.1 (Rule 129 of total 292) .... done (Time = 0.00s, Memory = 0.0K)
    Checking Rule STARC05-2.1.3.1 (Rule 130 of total 292) .... done (Time = 0.00s, Memory = 0.0K)
    Checking Rule STARC05-2.10.1.4a (Rule 131 of total 292) .... done (Time = 0.00s, Memory = 0.0K)
    Checking Rule STARC05-2.10.1.4b (Rule 132 of total 292) .... done (Time = 0.00s, Memory = 0.0K)
    Checking Rule sim_race02 (Rule 133 of total 292) .... done (Time = 0.00s, Memory = 0.0K)
    Checking Rule W339a (Rule 134 of total 292) .... done (Time = 0.00s, Memory = 0.0K)
    Checking Rule W110 (Rule 135 of total 292) .... done (Time = 0.00s, Memory = 0.0K)
    Checking Rule W122 (Rule 136 of total 292) .... done (Time = 0.00s, Memory = 0.0K)
    Checking Rule W496a (Rule 137 of total 292) .... done (Time = 0.00s, Memory = 0.0K)
    Checking Rule W496b (Rule 138 of total 292) .... done (Time = 0.00s, Memory = 0.0K)
    Checking Rule W19 (Rule 139 of total 292) .... done (Time = 0.00s, Memory = 0.0K)
    Checking Rule W66 (Rule 140 of total 292) .... done (Time = 0.00s, Memory = 0.0K)
    Checking Rule W116 (Rule 141 of total 292) .... done (Time = 0.00s, Memory = 0.0K)
    Checking Rule W123 (Rule 142 of total 292) .... done (Time = 0.00s, Memory = 0.0K)
    Checking Rule W156 (Rule 143 of total 292) .... done (Time = 0.00s, Memory = 0.0K)
    Checking Rule W215 (Rule 144 of total 292) .... done (Time = 0.00s, Memory = 0.0K)
    Checking Rule W216 (Rule 145 of total 292) .... done (Time = 0.00s, Memory = 0.0K)
    Checking Rule W218 (Rule 146 of total 292) .... done (Time = 0.00s, Memory = 0.0K)
    Checking Rule W224 (Rule 147 of total 292) .... done (Time = 0.00s, Memory = 0.0K)
    Checking Rule W263 (Rule 148 of total 292) .... done (Time = 0.00s, Memory = 0.0K)
    Checking Rule W289 (Rule 149 of total 292) .... done (Time = 0.00s, Memory = 0.0K)
    Checking Rule W337 (Rule 150 of total 292) .... done (Time = 0.00s, Memory = 0.0K)
    Checking Rule W416 (Rule 151 of total 292) .... done (Time = 0.00s, Memory = 0.0K)
    Checking Rule W352 (Rule 152 of total 292) .... done (Time = 0.00s, Memory = 0.0K)
    Checking Rule W362 (Rule 153 of total 292) .... done (Time = 0.00s, Memory = 0.0K)
    Checking Rule W415a (Rule 154 of total 292) .... done (Time = 0.00s, Memory = 0.0K)
    Checking Rule W486 (Rule 155 of total 292) .... done (Time = 0.00s, Memory = 0.0K)
    Checking Rule W499 (Rule 156 of total 292) .... done (Time = 0.00s, Memory = 0.0K)
    Checking Rule W502 (Rule 157 of total 292) .... done (Time = 0.00s, Memory = 0.0K)
    Checking Rule W116 (Rule 158 of total 292) .... done (Time = 0.00s, Memory = 0.0K)
    Checking Rule W122 (Rule 159 of total 292) .... done (Time = 0.00s, Memory = 0.0K)
    Checking Rule W123 (Rule 160 of total 292) .... done (Time = 0.00s, Memory = 0.0K)
    Checking Rule W156 (Rule 161 of total 292) .... done (Time = 0.00s, Memory = 0.0K)
    Checking Rule W71 (Rule 162 of total 292) .... done (Time = 0.00s, Memory = 0.0K)
    Checking Rule W240 (Rule 163 of total 292) .... done (Time = 0.00s, Memory = 0.0K)
    Checking Rule W240 (Rule 164 of total 292) .... done (Time = 0.00s, Memory = 0.0K)
    Checking Rule W287a (Rule 165 of total 292) .... done (Time = 0.00s, Memory = 0.0K)
    Checking Rule W287b (Rule 166 of total 292) .... done (Time = 0.00s, Memory = 0.0K)
    Checking Rule W293 (Rule 167 of total 292) .... done (Time = 0.00s, Memory = 0.0K)
    Checking Rule W398 (Rule 168 of total 292) .... done (Time = 0.00s, Memory = 0.0K)
    Checking Rule W424 (Rule 169 of total 292) .... done (Time = 0.00s, Memory = 0.0K)
    Checking Rule W467 (Rule 170 of total 292) .... done (Time = 0.00s, Memory = 0.0K)
    Checking Rule W505 (Rule 171 of total 292) .... done (Time = 0.00s, Memory = 0.0K)
    Checking Rule W505 (Rule 172 of total 292) .... done (Time = 0.00s, Memory = 0.0K)
    Checking Rule W528 (Rule 173 of total 292) .... done (Time = 0.00s, Memory = 0.0K)
    Checking Rule W528 (Rule 174 of total 292) .... done (Time = 0.00s, Memory = 512.0K)
    Checking Rule Prereqs_Usage (Rule 175 of total 292) .... done (Time = 0.00s, Memory = 0.0K)
    Checking Rule Prereqs_ConstantInput-ML (Rule 176 of total 292) .... done (Time = 0.00s, Memory = 0.0K)
    Checking Rule ReportPortInfo-ML (Rule 177 of total 292) .... done (Time = 0.00s, Memory = 0.0K)
    Checking Rule Prereqs_ReportPortInfo-ML (Rule 178 of total 292) .... done (Time = 0.00s, Memory = 0.0K)
    Checking Rule Prereqs_ReportPortInfo-ML (Rule 179 of total 292) .... done (Time = 0.00s, Memory = 0.0K)
    Checking Rule Prereqs_Elab_Hier_Dialog (Rule 180 of total 292) .... done (Time = 0.00s, Memory = 0.0K)
    Checking Rule NoAssignX-ML (Rule 181 of total 292) .... done (Time = 0.00s, Memory = 0.0K)
    Checking Rule ParamWidthMismatch-ML (Rule 182 of total 292) .... done (Time = 0.00s, Memory = 0.0K)
    Checking Rule Postreqs_Usage_ML (Rule 183 of total 292) .... done (Time = 0.00s, Memory = 0.0K)
    Checking Rule NoXInCase-ML (Rule 184 of total 292) .... done (Time = 0.00s, Memory = 0.0K)
Checking ELABDU Rules for designUnit WORK_prim_intr_hw_1_1_XStatusX_sm_1
    Checking Rule Ac_classify_param01 (Rule 118 of total 292) .... done (Time = 0.00s, Memory = 0.0K)
    Checking Rule AcOvlRtl (Rule 119 of total 292) .... done (Time = 0.00s, Memory = 0.0K)
    Checking Rule AcOvlRtl (Rule 120 of total 292) .... done (Time = 0.00s, Memory = 0.0K)
    Checking Rule GenTopLevelBlocksForAutoSoc (Rule 121 of total 292) .... done (Time = 0.00s, Memory = 0.0K)
    Checking Rule Prereqs_InferLatch (Rule 122 of total 292) .... done (Time = 0.00s, Memory = 0.0K)
    Checking Rule STARC05-2.1.4.5 (Rule 123 of total 292) .... done (Time = 0.00s, Memory = 0.0K)
    Checking Rule STARC05-2.1.5.3 (Rule 124 of total 292) .... done (Time = 0.00s, Memory = 0.0K)
    Checking Rule STARC05-2.2.3.3 (Rule 125 of total 292) .... done (Time = 0.00s, Memory = 0.0K)
    Checking Rule STARC05-2.3.1.6 (Rule 126 of total 292) .... done (Time = 0.00s, Memory = 0.0K)
    Checking Rule STARC05-2.10.2.3 (Rule 127 of total 292) .... done (Time = 0.00s, Memory = 0.0K)
    Checking Rule STARC05-2.10.3.2a (Rule 128 of total 292) .... done (Time = 0.00s, Memory = 0.0K)
    Checking Rule STARC05-2.11.3.1 (Rule 129 of total 292) .... done (Time = 0.00s, Memory = 0.0K)
    Checking Rule STARC05-2.1.3.1 (Rule 130 of total 292) .... done (Time = 0.00s, Memory = 0.0K)
    Checking Rule STARC05-2.10.1.4a (Rule 131 of total 292) .... done (Time = 0.00s, Memory = 0.0K)
    Checking Rule STARC05-2.10.1.4b (Rule 132 of total 292) .... done (Time = 0.00s, Memory = 0.0K)
    Checking Rule sim_race02 (Rule 133 of total 292) .... done (Time = 0.00s, Memory = 0.0K)
    Checking Rule W339a (Rule 134 of total 292) .... done (Time = 0.00s, Memory = 0.0K)
    Checking Rule W110 (Rule 135 of total 292) .... done (Time = 0.00s, Memory = 0.0K)
    Checking Rule W122 (Rule 136 of total 292) .... done (Time = 0.00s, Memory = 0.0K)
    Checking Rule W496a (Rule 137 of total 292) .... done (Time = 0.00s, Memory = 0.0K)
    Checking Rule W496b (Rule 138 of total 292) .... done (Time = 0.00s, Memory = 0.0K)
    Checking Rule W19 (Rule 139 of total 292) .... done (Time = 0.00s, Memory = 0.0K)
    Checking Rule W66 (Rule 140 of total 292) .... done (Time = 0.00s, Memory = 0.0K)
    Checking Rule W116 (Rule 141 of total 292) .... done (Time = 0.00s, Memory = 0.0K)
    Checking Rule W123 (Rule 142 of total 292) .... done (Time = 0.00s, Memory = 0.0K)
    Checking Rule W156 (Rule 143 of total 292) .... done (Time = 0.00s, Memory = 0.0K)
    Checking Rule W215 (Rule 144 of total 292) .... done (Time = 0.00s, Memory = 0.0K)
    Checking Rule W216 (Rule 145 of total 292) .... done (Time = 0.00s, Memory = 0.0K)
    Checking Rule W218 (Rule 146 of total 292) .... done (Time = 0.00s, Memory = 0.0K)
    Checking Rule W224 (Rule 147 of total 292) .... done (Time = 0.00s, Memory = 0.0K)
    Checking Rule W263 (Rule 148 of total 292) .... done (Time = 0.00s, Memory = 0.0K)
    Checking Rule W289 (Rule 149 of total 292) .... done (Time = 0.00s, Memory = 0.0K)
    Checking Rule W337 (Rule 150 of total 292) .... done (Time = 0.00s, Memory = 0.0K)
    Checking Rule W416 (Rule 151 of total 292) .... done (Time = 0.00s, Memory = 0.0K)
    Checking Rule W352 (Rule 152 of total 292) .... done (Time = 0.00s, Memory = 0.0K)
    Checking Rule W362 (Rule 153 of total 292) .... done (Time = 0.00s, Memory = 0.0K)
    Checking Rule W415a (Rule 154 of total 292) .... done (Time = 0.00s, Memory = 0.0K)
    Checking Rule W486 (Rule 155 of total 292) .... done (Time = 0.00s, Memory = 0.0K)
    Checking Rule W499 (Rule 156 of total 292) .... done (Time = 0.00s, Memory = 0.0K)
    Checking Rule W502 (Rule 157 of total 292) .... done (Time = 0.00s, Memory = 0.0K)
    Checking Rule W116 (Rule 158 of total 292) .... done (Time = 0.00s, Memory = 0.0K)
    Checking Rule W122 (Rule 159 of total 292) .... done (Time = 0.00s, Memory = 0.0K)
    Checking Rule W123 (Rule 160 of total 292) .... done (Time = 0.00s, Memory = 0.0K)
    Checking Rule W156 (Rule 161 of total 292) .... done (Time = 0.00s, Memory = 0.0K)
    Checking Rule W71 (Rule 162 of total 292) .... done (Time = 0.00s, Memory = 0.0K)
    Checking Rule W240 (Rule 163 of total 292) .... done (Time = 0.00s, Memory = 0.0K)
    Checking Rule W240 (Rule 164 of total 292) .... done (Time = 0.00s, Memory = 0.0K)
    Checking Rule W287a (Rule 165 of total 292) .... done (Time = 0.00s, Memory = 0.0K)
    Checking Rule W287b (Rule 166 of total 292) .... done (Time = 0.00s, Memory = 0.0K)
    Checking Rule W293 (Rule 167 of total 292) .... done (Time = 0.00s, Memory = 0.0K)
    Checking Rule W398 (Rule 168 of total 292) .... done (Time = 0.00s, Memory = 0.0K)
    Checking Rule W424 (Rule 169 of total 292) .... done (Time = 0.00s, Memory = 0.0K)
    Checking Rule W467 (Rule 170 of total 292) .... done (Time = 0.00s, Memory = 0.0K)
    Checking Rule W505 (Rule 171 of total 292) .... done (Time = 0.00s, Memory = 0.0K)
    Checking Rule W505 (Rule 172 of total 292) .... done (Time = 0.00s, Memory = 0.0K)
    Checking Rule W528 (Rule 173 of total 292) .... done (Time = 0.00s, Memory = 0.0K)
    Checking Rule W528 (Rule 174 of total 292) .... done (Time = 0.00s, Memory = 512.0K)
    Checking Rule Prereqs_Usage (Rule 175 of total 292) .... done (Time = 0.00s, Memory = 0.0K)
    Checking Rule Prereqs_ConstantInput-ML (Rule 176 of total 292) .... done (Time = 0.00s, Memory = 0.0K)
    Checking Rule ReportPortInfo-ML (Rule 177 of total 292) .... done (Time = 0.00s, Memory = 0.0K)
    Checking Rule Prereqs_ReportPortInfo-ML (Rule 178 of total 292) .... done (Time = 0.00s, Memory = 0.0K)
    Checking Rule Prereqs_ReportPortInfo-ML (Rule 179 of total 292) .... done (Time = 0.00s, Memory = 0.0K)
    Checking Rule Prereqs_Elab_Hier_Dialog (Rule 180 of total 292) .... done (Time = 0.00s, Memory = 0.0K)
    Checking Rule NoAssignX-ML (Rule 181 of total 292) .... done (Time = 0.00s, Memory = 0.0K)
    Checking Rule ParamWidthMismatch-ML (Rule 182 of total 292) .... done (Time = 0.00s, Memory = 0.0K)
    Checking Rule Postreqs_Usage_ML (Rule 183 of total 292) .... done (Time = 0.00s, Memory = 0.0K)
    Checking Rule NoXInCase-ML (Rule 184 of total 292) .... done (Time = 0.00s, Memory = 0.0K)
Checking ELABDU Rules for designUnit WORK_prim_intr_hw_1_1_XEventX_sm_2
    Checking Rule Ac_classify_param01 (Rule 118 of total 292) .... done (Time = 0.00s, Memory = 0.0K)
    Checking Rule AcOvlRtl (Rule 119 of total 292) .... done (Time = 0.00s, Memory = 0.0K)
    Checking Rule AcOvlRtl (Rule 120 of total 292) .... done (Time = 0.00s, Memory = 0.0K)
    Checking Rule GenTopLevelBlocksForAutoSoc (Rule 121 of total 292) .... done (Time = 0.00s, Memory = 0.0K)
    Checking Rule Prereqs_InferLatch (Rule 122 of total 292) .... done (Time = 0.00s, Memory = 0.0K)
    Checking Rule STARC05-2.1.4.5 (Rule 123 of total 292) .... done (Time = 0.00s, Memory = 0.0K)
    Checking Rule STARC05-2.1.5.3 (Rule 124 of total 292) .... done (Time = 0.00s, Memory = 0.0K)
    Checking Rule STARC05-2.2.3.3 (Rule 125 of total 292) .... done (Time = 0.00s, Memory = 0.0K)
    Checking Rule STARC05-2.3.1.6 (Rule 126 of total 292) .... done (Time = 0.00s, Memory = 0.0K)
    Checking Rule STARC05-2.10.2.3 (Rule 127 of total 292) .... done (Time = 0.00s, Memory = 0.0K)
    Checking Rule STARC05-2.10.3.2a (Rule 128 of total 292) .... done (Time = 0.00s, Memory = 0.0K)
    Checking Rule STARC05-2.11.3.1 (Rule 129 of total 292) .... done (Time = 0.00s, Memory = 0.0K)
    Checking Rule STARC05-2.1.3.1 (Rule 130 of total 292) .... done (Time = 0.00s, Memory = 0.0K)
    Checking Rule STARC05-2.10.1.4a (Rule 131 of total 292) .... done (Time = 0.00s, Memory = 0.0K)
    Checking Rule STARC05-2.10.1.4b (Rule 132 of total 292) .... done (Time = 0.00s, Memory = 0.0K)
    Checking Rule sim_race02 (Rule 133 of total 292) .... done (Time = 0.00s, Memory = 0.0K)
    Checking Rule W339a (Rule 134 of total 292) .... done (Time = 0.00s, Memory = 0.0K)
    Checking Rule W110 (Rule 135 of total 292) .... done (Time = 0.00s, Memory = 0.0K)
    Checking Rule W122 (Rule 136 of total 292) .... done (Time = 0.00s, Memory = 0.0K)
    Checking Rule W496a (Rule 137 of total 292) .... done (Time = 0.00s, Memory = 0.0K)
    Checking Rule W496b (Rule 138 of total 292) .... done (Time = 0.00s, Memory = 0.0K)
    Checking Rule W19 (Rule 139 of total 292) .... done (Time = 0.00s, Memory = 0.0K)
    Checking Rule W66 (Rule 140 of total 292) .... done (Time = 0.00s, Memory = 0.0K)
    Checking Rule W116 (Rule 141 of total 292) .... done (Time = 0.00s, Memory = 0.0K)
    Checking Rule W123 (Rule 142 of total 292) .... done (Time = 0.00s, Memory = 0.0K)
    Checking Rule W156 (Rule 143 of total 292) .... done (Time = 0.00s, Memory = 0.0K)
    Checking Rule W215 (Rule 144 of total 292) .... done (Time = 0.00s, Memory = 0.0K)
    Checking Rule W216 (Rule 145 of total 292) .... done (Time = 0.00s, Memory = 0.0K)
    Checking Rule W218 (Rule 146 of total 292) .... done (Time = 0.00s, Memory = 0.0K)
    Checking Rule W224 (Rule 147 of total 292) .... done (Time = 0.00s, Memory = 0.0K)
    Checking Rule W263 (Rule 148 of total 292) .... done (Time = 0.00s, Memory = 0.0K)
    Checking Rule W289 (Rule 149 of total 292) .... done (Time = 0.00s, Memory = 0.0K)
    Checking Rule W337 (Rule 150 of total 292) .... done (Time = 0.00s, Memory = 0.0K)
    Checking Rule W416 (Rule 151 of total 292) .... done (Time = 0.00s, Memory = 0.0K)
    Checking Rule W352 (Rule 152 of total 292) .... done (Time = 0.00s, Memory = 0.0K)
    Checking Rule W362 (Rule 153 of total 292) .... done (Time = 0.00s, Memory = 0.0K)
    Checking Rule W415a (Rule 154 of total 292) .... done (Time = 0.00s, Memory = 0.0K)
    Checking Rule W486 (Rule 155 of total 292) .... done (Time = 0.00s, Memory = 0.0K)
    Checking Rule W499 (Rule 156 of total 292) .... done (Time = 0.00s, Memory = 0.0K)
    Checking Rule W502 (Rule 157 of total 292) .... done (Time = 0.00s, Memory = 0.0K)
    Checking Rule W116 (Rule 158 of total 292) .... done (Time = 0.00s, Memory = 0.0K)
    Checking Rule W122 (Rule 159 of total 292) .... done (Time = 0.00s, Memory = 0.0K)
    Checking Rule W123 (Rule 160 of total 292) .... done (Time = 0.00s, Memory = 0.0K)
    Checking Rule W156 (Rule 161 of total 292) .... done (Time = 0.00s, Memory = 0.0K)
    Checking Rule W71 (Rule 162 of total 292) .... done (Time = 0.00s, Memory = 0.0K)
    Checking Rule W240 (Rule 163 of total 292) .... done (Time = 0.00s, Memory = 0.0K)
    Checking Rule W240 (Rule 164 of total 292) .... done (Time = 0.00s, Memory = 0.0K)
    Checking Rule W287a (Rule 165 of total 292) .... done (Time = 0.00s, Memory = 0.0K)
    Checking Rule W287b (Rule 166 of total 292) .... done (Time = 0.00s, Memory = 0.0K)
    Checking Rule W293 (Rule 167 of total 292) .... done (Time = 0.00s, Memory = 0.0K)
    Checking Rule W398 (Rule 168 of total 292) .... done (Time = 0.00s, Memory = 0.0K)
    Checking Rule W424 (Rule 169 of total 292) .... done (Time = 0.00s, Memory = 0.0K)
    Checking Rule W467 (Rule 170 of total 292) .... done (Time = 0.00s, Memory = 0.0K)
    Checking Rule W505 (Rule 171 of total 292) .... done (Time = 0.00s, Memory = 0.0K)
    Checking Rule W505 (Rule 172 of total 292) .... done (Time = 0.00s, Memory = 0.0K)
    Checking Rule W528 (Rule 173 of total 292) .... done (Time = 0.00s, Memory = 0.0K)
    Checking Rule W528 (Rule 174 of total 292) .... done (Time = 0.00s, Memory = 512.0K)
    Checking Rule Prereqs_Usage (Rule 175 of total 292) .... done (Time = 0.00s, Memory = 0.0K)
    Checking Rule Prereqs_ConstantInput-ML (Rule 176 of total 292) .... done (Time = 0.00s, Memory = 0.0K)
    Checking Rule ReportPortInfo-ML (Rule 177 of total 292) .... done (Time = 0.00s, Memory = 0.0K)
    Checking Rule Prereqs_ReportPortInfo-ML (Rule 178 of total 292) .... done (Time = 0.00s, Memory = 0.0K)
    Checking Rule Prereqs_ReportPortInfo-ML (Rule 179 of total 292) .... done (Time = 0.00s, Memory = 0.0K)
    Checking Rule Prereqs_Elab_Hier_Dialog (Rule 180 of total 292) .... done (Time = 0.00s, Memory = 0.0K)
    Checking Rule NoAssignX-ML (Rule 181 of total 292) .... done (Time = 0.00s, Memory = 0.0K)
    Checking Rule ParamWidthMismatch-ML (Rule 182 of total 292) .... done (Time = 0.00s, Memory = 0.0K)
    Checking Rule Postreqs_Usage_ML (Rule 183 of total 292) .... done (Time = 0.00s, Memory = 0.0K)
    Checking Rule NoXInCase-ML (Rule 184 of total 292) .... done (Time = 0.00s, Memory = 0.0K)
Checking ELABDU Rules for designUnit prim_alert_sender
    Checking Rule Ac_classify_param01 (Rule 118 of total 292) .... done (Time = 0.00s, Memory = 0.0K)
    Checking Rule AcOvlRtl (Rule 119 of total 292) .... done (Time = 0.00s, Memory = 0.0K)
    Checking Rule AcOvlRtl (Rule 120 of total 292) .... done (Time = 0.00s, Memory = 0.0K)
    Checking Rule GenTopLevelBlocksForAutoSoc (Rule 121 of total 292) .... done (Time = 0.00s, Memory = 0.0K)
    Checking Rule Prereqs_InferLatch (Rule 122 of total 292) .... done (Time = 0.00s, Memory = 0.0K)
    Checking Rule STARC05-2.1.4.5 (Rule 123 of total 292) .... done (Time = 0.00s, Memory = 0.0K)
    Checking Rule STARC05-2.1.5.3 (Rule 124 of total 292) .... done (Time = 0.00s, Memory = 0.0K)
    Checking Rule STARC05-2.2.3.3 (Rule 125 of total 292) .... done (Time = 0.00s, Memory = 0.0K)
    Checking Rule STARC05-2.3.1.6 (Rule 126 of total 292) .... done (Time = 0.00s, Memory = 0.0K)
    Checking Rule STARC05-2.10.2.3 (Rule 127 of total 292) .... done (Time = 0.00s, Memory = 0.0K)
    Checking Rule STARC05-2.10.3.2a (Rule 128 of total 292) .... done (Time = 0.00s, Memory = 0.0K)
    Checking Rule STARC05-2.11.3.1 (Rule 129 of total 292) .... done (Time = 0.00s, Memory = 0.0K)
    Checking Rule STARC05-2.1.3.1 (Rule 130 of total 292) .... done (Time = 0.01s, Memory = 0.0K)
    Checking Rule STARC05-2.10.1.4a (Rule 131 of total 292) .... done (Time = 0.00s, Memory = 0.0K)
    Checking Rule STARC05-2.10.1.4b (Rule 132 of total 292) .... done (Time = 0.00s, Memory = 0.0K)
    Checking Rule sim_race02 (Rule 133 of total 292) .... done (Time = 0.00s, Memory = 0.0K)
    Checking Rule W339a (Rule 134 of total 292) .... done (Time = 0.00s, Memory = 0.0K)
    Checking Rule W110 (Rule 135 of total 292) .... done (Time = 0.00s, Memory = 0.0K)
    Checking Rule W122 (Rule 136 of total 292) .... done (Time = 0.00s, Memory = 0.0K)
    Checking Rule W496a (Rule 137 of total 292) .... done (Time = 0.00s, Memory = 0.0K)
    Checking Rule W496b (Rule 138 of total 292) .... done (Time = 0.00s, Memory = 0.0K)
    Checking Rule W19 (Rule 139 of total 292) .... done (Time = 0.00s, Memory = 0.0K)
    Checking Rule W66 (Rule 140 of total 292) .... done (Time = 0.00s, Memory = 0.0K)
    Checking Rule W116 (Rule 141 of total 292) .... done (Time = 0.00s, Memory = 0.0K)
    Checking Rule W123 (Rule 142 of total 292) .... done (Time = 0.00s, Memory = 0.0K)
    Checking Rule W156 (Rule 143 of total 292) .... done (Time = 0.00s, Memory = 0.0K)
    Checking Rule W215 (Rule 144 of total 292) .... done (Time = 0.00s, Memory = 0.0K)
    Checking Rule W216 (Rule 145 of total 292) .... done (Time = 0.00s, Memory = 0.0K)
    Checking Rule W218 (Rule 146 of total 292) .... done (Time = 0.00s, Memory = 0.0K)
    Checking Rule W224 (Rule 147 of total 292) .... done (Time = 0.00s, Memory = 0.0K)
    Checking Rule W263 (Rule 148 of total 292) .... done (Time = 0.00s, Memory = 0.0K)
    Checking Rule W289 (Rule 149 of total 292) .... done (Time = 0.00s, Memory = 0.0K)
    Checking Rule W337 (Rule 150 of total 292) .... done (Time = 0.00s, Memory = 128.0K)
    Checking Rule W416 (Rule 151 of total 292) .... done (Time = 0.00s, Memory = 0.0K)
    Checking Rule W352 (Rule 152 of total 292) .... done (Time = 0.00s, Memory = 0.0K)
    Checking Rule W362 (Rule 153 of total 292) .... done (Time = 0.00s, Memory = 0.0K)
    Checking Rule W415a (Rule 154 of total 292) .... done (Time = 0.00s, Memory = -64.0K)
    Checking Rule W486 (Rule 155 of total 292) .... done (Time = 0.00s, Memory = 0.0K)
    Checking Rule W499 (Rule 156 of total 292) .... done (Time = 0.00s, Memory = 0.0K)
    Checking Rule W502 (Rule 157 of total 292) .... done (Time = 0.00s, Memory = 0.0K)
    Checking Rule W116 (Rule 158 of total 292) .... done (Time = 0.00s, Memory = 0.0K)
    Checking Rule W122 (Rule 159 of total 292) .... done (Time = 0.00s, Memory = 0.0K)
    Checking Rule W123 (Rule 160 of total 292) .... done (Time = 0.00s, Memory = 0.0K)
    Checking Rule W156 (Rule 161 of total 292) .... done (Time = 0.00s, Memory = 0.0K)
    Checking Rule W71 (Rule 162 of total 292) .... done (Time = 0.00s, Memory = 0.0K)
    Checking Rule W240 (Rule 163 of total 292) .... done (Time = 0.00s, Memory = 0.0K)
    Checking Rule W240 (Rule 164 of total 292) .... done (Time = 0.00s, Memory = 0.0K)
    Checking Rule W287a (Rule 165 of total 292) .... done (Time = 0.00s, Memory = 0.0K)
    Checking Rule W287b (Rule 166 of total 292) .... done (Time = 0.00s, Memory = 0.0K)
    Checking Rule W293 (Rule 167 of total 292) .... done (Time = 0.00s, Memory = 0.0K)
    Checking Rule W398 (Rule 168 of total 292) .... done (Time = 0.00s, Memory = 0.0K)
    Checking Rule W424 (Rule 169 of total 292) .... done (Time = 0.00s, Memory = 0.0K)
    Checking Rule W467 (Rule 170 of total 292) .... done (Time = 0.00s, Memory = 0.0K)
    Checking Rule W505 (Rule 171 of total 292) .... done (Time = 0.00s, Memory = 0.0K)
    Checking Rule W505 (Rule 172 of total 292) .... done (Time = 0.00s, Memory = 0.0K)
    Checking Rule W528 (Rule 173 of total 292) .... done (Time = 0.00s, Memory = 0.0K)
    Checking Rule W528 (Rule 174 of total 292) .... done (Time = 0.00s, Memory = 512.0K)
    Checking Rule Prereqs_Usage (Rule 175 of total 292) .... done (Time = 0.00s, Memory = 0.0K)
    Checking Rule Prereqs_ConstantInput-ML (Rule 176 of total 292) .... done (Time = 0.00s, Memory = 0.0K)
    Checking Rule ReportPortInfo-ML (Rule 177 of total 292) .... done (Time = 0.00s, Memory = 0.0K)
    Checking Rule Prereqs_ReportPortInfo-ML (Rule 178 of total 292) .... done (Time = 0.00s, Memory = 0.0K)
    Checking Rule Prereqs_ReportPortInfo-ML (Rule 179 of total 292) .... done (Time = 0.00s, Memory = 0.0K)
    Checking Rule Prereqs_Elab_Hier_Dialog (Rule 180 of total 292) .... done (Time = 0.00s, Memory = 0.0K)
    Checking Rule NoAssignX-ML (Rule 181 of total 292) .... done (Time = 0.00s, Memory = 0.0K)
    Checking Rule ParamWidthMismatch-ML (Rule 182 of total 292) .... done (Time = 0.00s, Memory = 0.0K)
    Checking Rule Postreqs_Usage_ML (Rule 183 of total 292) .... done (Time = 0.00s, Memory = 0.0K)
    Checking Rule NoXInCase-ML (Rule 184 of total 292) .... done (Time = 0.00s, Memory = 0.0K)
Checking ELABDU Rules for designUnit WORK_prim_sec_anchor_buf_2
    Checking Rule Ac_classify_param01 (Rule 118 of total 292) .... done (Time = 0.00s, Memory = 0.0K)
    Checking Rule AcOvlRtl (Rule 119 of total 292) .... done (Time = 0.00s, Memory = 0.0K)
    Checking Rule AcOvlRtl (Rule 120 of total 292) .... done (Time = 0.00s, Memory = 0.0K)
    Checking Rule GenTopLevelBlocksForAutoSoc (Rule 121 of total 292) .... done (Time = 0.00s, Memory = 0.0K)
    Checking Rule Prereqs_InferLatch (Rule 122 of total 292) .... done (Time = 0.00s, Memory = 0.0K)
    Checking Rule STARC05-2.1.4.5 (Rule 123 of total 292) .... done (Time = 0.00s, Memory = 0.0K)
    Checking Rule STARC05-2.1.5.3 (Rule 124 of total 292) .... done (Time = 0.00s, Memory = 0.0K)
    Checking Rule STARC05-2.2.3.3 (Rule 125 of total 292) .... done (Time = 0.00s, Memory = 0.0K)
    Checking Rule STARC05-2.3.1.6 (Rule 126 of total 292) .... done (Time = 0.00s, Memory = 0.0K)
    Checking Rule STARC05-2.10.2.3 (Rule 127 of total 292) .... done (Time = 0.00s, Memory = 0.0K)
    Checking Rule STARC05-2.10.3.2a (Rule 128 of total 292) .... done (Time = 0.00s, Memory = 0.0K)
    Checking Rule STARC05-2.11.3.1 (Rule 129 of total 292) .... done (Time = 0.00s, Memory = 0.0K)
    Checking Rule STARC05-2.1.3.1 (Rule 130 of total 292) .... done (Time = 0.00s, Memory = 0.0K)
    Checking Rule STARC05-2.10.1.4a (Rule 131 of total 292) .... done (Time = 0.00s, Memory = 0.0K)
    Checking Rule STARC05-2.10.1.4b (Rule 132 of total 292) .... done (Time = 0.00s, Memory = 0.0K)
    Checking Rule sim_race02 (Rule 133 of total 292) .... done (Time = 0.00s, Memory = 0.0K)
    Checking Rule W339a (Rule 134 of total 292) .... done (Time = 0.00s, Memory = 0.0K)
    Checking Rule W110 (Rule 135 of total 292) .... done (Time = 0.00s, Memory = 0.0K)
    Checking Rule W122 (Rule 136 of total 292) .... done (Time = 0.00s, Memory = 0.0K)
    Checking Rule W496a (Rule 137 of total 292) .... done (Time = 0.00s, Memory = 0.0K)
    Checking Rule W496b (Rule 138 of total 292) .... done (Time = 0.00s, Memory = 0.0K)
    Checking Rule W19 (Rule 139 of total 292) .... done (Time = 0.00s, Memory = 0.0K)
    Checking Rule W66 (Rule 140 of total 292) .... done (Time = 0.00s, Memory = 0.0K)
    Checking Rule W116 (Rule 141 of total 292) .... done (Time = 0.00s, Memory = 0.0K)
    Checking Rule W123 (Rule 142 of total 292) .... done (Time = 0.00s, Memory = 0.0K)
    Checking Rule W156 (Rule 143 of total 292) .... done (Time = 0.00s, Memory = 0.0K)
    Checking Rule W215 (Rule 144 of total 292) .... done (Time = 0.00s, Memory = 0.0K)
    Checking Rule W216 (Rule 145 of total 292) .... done (Time = 0.00s, Memory = 0.0K)
    Checking Rule W218 (Rule 146 of total 292) .... done (Time = 0.00s, Memory = 0.0K)
    Checking Rule W224 (Rule 147 of total 292) .... done (Time = 0.00s, Memory = 0.0K)
    Checking Rule W263 (Rule 148 of total 292) .... done (Time = 0.00s, Memory = 0.0K)
    Checking Rule W289 (Rule 149 of total 292) .... done (Time = 0.00s, Memory = 0.0K)
    Checking Rule W337 (Rule 150 of total 292) .... done (Time = 0.00s, Memory = 0.0K)
    Checking Rule W416 (Rule 151 of total 292) .... done (Time = 0.00s, Memory = 0.0K)
    Checking Rule W352 (Rule 152 of total 292) .... done (Time = 0.00s, Memory = 0.0K)
    Checking Rule W362 (Rule 153 of total 292) .... done (Time = 0.00s, Memory = 0.0K)
    Checking Rule W415a (Rule 154 of total 292) .... done (Time = 0.00s, Memory = 0.0K)
    Checking Rule W486 (Rule 155 of total 292) .... done (Time = 0.00s, Memory = 0.0K)
    Checking Rule W499 (Rule 156 of total 292) .... done (Time = 0.00s, Memory = 0.0K)
    Checking Rule W502 (Rule 157 of total 292) .... done (Time = 0.00s, Memory = 0.0K)
    Checking Rule W116 (Rule 158 of total 292) .... done (Time = 0.00s, Memory = 0.0K)
    Checking Rule W122 (Rule 159 of total 292) .... done (Time = 0.00s, Memory = 0.0K)
    Checking Rule W123 (Rule 160 of total 292) .... done (Time = 0.00s, Memory = 0.0K)
    Checking Rule W156 (Rule 161 of total 292) .... done (Time = 0.00s, Memory = 0.0K)
    Checking Rule W71 (Rule 162 of total 292) .... done (Time = 0.00s, Memory = 0.0K)
    Checking Rule W240 (Rule 163 of total 292) .... done (Time = 0.00s, Memory = 0.0K)
    Checking Rule W240 (Rule 164 of total 292) .... done (Time = 0.00s, Memory = 0.0K)
    Checking Rule W287a (Rule 165 of total 292) .... done (Time = 0.00s, Memory = 0.0K)
    Checking Rule W287b (Rule 166 of total 292) .... done (Time = 0.00s, Memory = 0.0K)
    Checking Rule W293 (Rule 167 of total 292) .... done (Time = 0.00s, Memory = 0.0K)
    Checking Rule W398 (Rule 168 of total 292) .... done (Time = 0.00s, Memory = 0.0K)
    Checking Rule W424 (Rule 169 of total 292) .... done (Time = 0.00s, Memory = 0.0K)
    Checking Rule W467 (Rule 170 of total 292) .... done (Time = 0.00s, Memory = 0.0K)
    Checking Rule W505 (Rule 171 of total 292) .... done (Time = 0.00s, Memory = 0.0K)
    Checking Rule W505 (Rule 172 of total 292) .... done (Time = 0.00s, Memory = 0.0K)
    Checking Rule W528 (Rule 173 of total 292) .... done (Time = 0.00s, Memory = 0.0K)
    Checking Rule W528 (Rule 174 of total 292) .... done (Time = 0.00s, Memory = 512.0K)
    Checking Rule Prereqs_Usage (Rule 175 of total 292) .... done (Time = 0.00s, Memory = 0.0K)
    Checking Rule Prereqs_ConstantInput-ML (Rule 176 of total 292) .... done (Time = 0.00s, Memory = 0.0K)
    Checking Rule ReportPortInfo-ML (Rule 177 of total 292) .... done (Time = 0.00s, Memory = 0.0K)
    Checking Rule Prereqs_ReportPortInfo-ML (Rule 178 of total 292) .... done (Time = 0.00s, Memory = 0.0K)
    Checking Rule Prereqs_ReportPortInfo-ML (Rule 179 of total 292) .... done (Time = 0.00s, Memory = 0.0K)
    Checking Rule Prereqs_Elab_Hier_Dialog (Rule 180 of total 292) .... done (Time = 0.00s, Memory = 0.0K)
    Checking Rule NoAssignX-ML (Rule 181 of total 292) .... done (Time = 0.00s, Memory = 0.0K)
    Checking Rule ParamWidthMismatch-ML (Rule 182 of total 292) .... done (Time = 0.00s, Memory = 0.0K)
    Checking Rule Postreqs_Usage_ML (Rule 183 of total 292) .... done (Time = 0.00s, Memory = 0.0K)
    Checking Rule NoXInCase-ML (Rule 184 of total 292) .... done (Time = 0.00s, Memory = 0.0K)
Checking ELABDU Rules for designUnit WORK_prim_buf_2
    Checking Rule Ac_classify_param01 (Rule 118 of total 292) .... done (Time = 0.00s, Memory = 0.0K)
    Checking Rule AcOvlRtl (Rule 119 of total 292) .... done (Time = 0.00s, Memory = 0.0K)
    Checking Rule AcOvlRtl (Rule 120 of total 292) .... done (Time = 0.00s, Memory = 0.0K)
    Checking Rule GenTopLevelBlocksForAutoSoc (Rule 121 of total 292) .... done (Time = 0.00s, Memory = 0.0K)
    Checking Rule Prereqs_InferLatch (Rule 122 of total 292) .... done (Time = 0.00s, Memory = 0.0K)
    Checking Rule STARC05-2.1.4.5 (Rule 123 of total 292) .... done (Time = 0.00s, Memory = 0.0K)
    Checking Rule STARC05-2.1.5.3 (Rule 124 of total 292) .... done (Time = 0.00s, Memory = 0.0K)
    Checking Rule STARC05-2.2.3.3 (Rule 125 of total 292) .... done (Time = 0.00s, Memory = 0.0K)
    Checking Rule STARC05-2.3.1.6 (Rule 126 of total 292) .... done (Time = 0.00s, Memory = 0.0K)
    Checking Rule STARC05-2.10.2.3 (Rule 127 of total 292) .... done (Time = 0.00s, Memory = 0.0K)
    Checking Rule STARC05-2.10.3.2a (Rule 128 of total 292) .... done (Time = 0.00s, Memory = 0.0K)
    Checking Rule STARC05-2.11.3.1 (Rule 129 of total 292) .... done (Time = 0.00s, Memory = 0.0K)
    Checking Rule STARC05-2.1.3.1 (Rule 130 of total 292) .... done (Time = 0.00s, Memory = 0.0K)
    Checking Rule STARC05-2.10.1.4a (Rule 131 of total 292) .... done (Time = 0.00s, Memory = 0.0K)
    Checking Rule STARC05-2.10.1.4b (Rule 132 of total 292) .... done (Time = 0.00s, Memory = 0.0K)
    Checking Rule sim_race02 (Rule 133 of total 292) .... done (Time = 0.00s, Memory = 0.0K)
    Checking Rule W339a (Rule 134 of total 292) .... done (Time = 0.00s, Memory = 0.0K)
    Checking Rule W110 (Rule 135 of total 292) .... done (Time = 0.00s, Memory = 0.0K)
    Checking Rule W122 (Rule 136 of total 292) .... done (Time = 0.00s, Memory = 0.0K)
    Checking Rule W496a (Rule 137 of total 292) .... done (Time = 0.00s, Memory = 0.0K)
    Checking Rule W496b (Rule 138 of total 292) .... done (Time = 0.00s, Memory = 0.0K)
    Checking Rule W19 (Rule 139 of total 292) .... done (Time = 0.00s, Memory = 0.0K)
    Checking Rule W66 (Rule 140 of total 292) .... done (Time = 0.00s, Memory = 0.0K)
    Checking Rule W116 (Rule 141 of total 292) .... done (Time = 0.00s, Memory = 0.0K)
    Checking Rule W123 (Rule 142 of total 292) .... done (Time = 0.00s, Memory = 0.0K)
    Checking Rule W156 (Rule 143 of total 292) .... done (Time = 0.00s, Memory = 0.0K)
    Checking Rule W215 (Rule 144 of total 292) .... done (Time = 0.00s, Memory = 0.0K)
    Checking Rule W216 (Rule 145 of total 292) .... done (Time = 0.00s, Memory = 0.0K)
    Checking Rule W218 (Rule 146 of total 292) .... done (Time = 0.00s, Memory = 0.0K)
    Checking Rule W224 (Rule 147 of total 292) .... done (Time = 0.00s, Memory = 0.0K)
    Checking Rule W263 (Rule 148 of total 292) .... done (Time = 0.00s, Memory = 0.0K)
    Checking Rule W289 (Rule 149 of total 292) .... done (Time = 0.00s, Memory = 0.0K)
    Checking Rule W337 (Rule 150 of total 292) .... done (Time = 0.00s, Memory = 0.0K)
    Checking Rule W416 (Rule 151 of total 292) .... done (Time = 0.00s, Memory = 0.0K)
    Checking Rule W352 (Rule 152 of total 292) .... done (Time = 0.00s, Memory = 0.0K)
    Checking Rule W362 (Rule 153 of total 292) .... done (Time = 0.00s, Memory = 0.0K)
    Checking Rule W415a (Rule 154 of total 292) .... done (Time = 0.00s, Memory = 0.0K)
    Checking Rule W486 (Rule 155 of total 292) .... done (Time = 0.00s, Memory = 0.0K)
    Checking Rule W499 (Rule 156 of total 292) .... done (Time = 0.01s, Memory = 0.0K)
    Checking Rule W502 (Rule 157 of total 292) .... done (Time = 0.00s, Memory = 0.0K)
    Checking Rule W116 (Rule 158 of total 292) .... done (Time = 0.00s, Memory = 0.0K)
    Checking Rule W122 (Rule 159 of total 292) .... done (Time = 0.00s, Memory = 0.0K)
    Checking Rule W123 (Rule 160 of total 292) .... done (Time = 0.00s, Memory = 0.0K)
    Checking Rule W156 (Rule 161 of total 292) .... done (Time = 0.00s, Memory = 0.0K)
    Checking Rule W71 (Rule 162 of total 292) .... done (Time = 0.00s, Memory = 0.0K)
    Checking Rule W240 (Rule 163 of total 292) .... done (Time = 0.00s, Memory = 0.0K)
    Checking Rule W240 (Rule 164 of total 292) .... done (Time = 0.00s, Memory = 0.0K)
    Checking Rule W287a (Rule 165 of total 292) .... done (Time = 0.00s, Memory = 0.0K)
    Checking Rule W287b (Rule 166 of total 292) .... done (Time = 0.00s, Memory = 0.0K)
    Checking Rule W293 (Rule 167 of total 292) .... done (Time = 0.00s, Memory = 0.0K)
    Checking Rule W398 (Rule 168 of total 292) .... done (Time = 0.00s, Memory = 0.0K)
    Checking Rule W424 (Rule 169 of total 292) .... done (Time = 0.00s, Memory = 0.0K)
    Checking Rule W467 (Rule 170 of total 292) .... done (Time = 0.00s, Memory = 0.0K)
    Checking Rule W505 (Rule 171 of total 292) .... done (Time = 0.00s, Memory = 0.0K)
    Checking Rule W505 (Rule 172 of total 292) .... done (Time = 0.00s, Memory = 0.0K)
    Checking Rule W528 (Rule 173 of total 292) .... done (Time = 0.00s, Memory = 0.0K)
    Checking Rule W528 (Rule 174 of total 292) .... done (Time = 0.00s, Memory = 512.0K)
    Checking Rule Prereqs_Usage (Rule 175 of total 292) .... done (Time = 0.00s, Memory = 0.0K)
    Checking Rule Prereqs_ConstantInput-ML (Rule 176 of total 292) .... done (Time = 0.00s, Memory = 0.0K)
    Checking Rule ReportPortInfo-ML (Rule 177 of total 292) .... done (Time = 0.00s, Memory = 0.0K)
    Checking Rule Prereqs_ReportPortInfo-ML (Rule 178 of total 292) .... done (Time = 0.00s, Memory = 0.0K)
    Checking Rule Prereqs_ReportPortInfo-ML (Rule 179 of total 292) .... done (Time = 0.00s, Memory = 0.0K)
    Checking Rule Prereqs_Elab_Hier_Dialog (Rule 180 of total 292) .... done (Time = 0.00s, Memory = 0.0K)
    Checking Rule NoAssignX-ML (Rule 181 of total 292) .... done (Time = 0.00s, Memory = 0.0K)
    Checking Rule ParamWidthMismatch-ML (Rule 182 of total 292) .... done (Time = 0.00s, Memory = 0.0K)
    Checking Rule Postreqs_Usage_ML (Rule 183 of total 292) .... done (Time = 0.00s, Memory = 0.0K)
    Checking Rule NoXInCase-ML (Rule 184 of total 292) .... done (Time = 0.00s, Memory = 0.0K)
Checking ELABDU Rules for designUnit prim_diff_decode
    Checking Rule Ac_classify_param01 (Rule 118 of total 292) .... done (Time = 0.00s, Memory = 0.0K)
    Checking Rule AcOvlRtl (Rule 119 of total 292) .... done (Time = 0.00s, Memory = 0.0K)
    Checking Rule AcOvlRtl (Rule 120 of total 292) .... done (Time = 0.00s, Memory = 0.0K)
    Checking Rule GenTopLevelBlocksForAutoSoc (Rule 121 of total 292) .... done (Time = 0.00s, Memory = 0.0K)
    Checking Rule Prereqs_InferLatch (Rule 122 of total 292) .... done (Time = 0.00s, Memory = 0.0K)
    Checking Rule STARC05-2.1.4.5 (Rule 123 of total 292) .... done (Time = 0.00s, Memory = 0.0K)
    Checking Rule STARC05-2.1.5.3 (Rule 124 of total 292) .... done (Time = 0.00s, Memory = 0.0K)
    Checking Rule STARC05-2.2.3.3 (Rule 125 of total 292) .... done (Time = 0.00s, Memory = 0.0K)
    Checking Rule STARC05-2.3.1.6 (Rule 126 of total 292) .... done (Time = 0.00s, Memory = 0.0K)
    Checking Rule STARC05-2.10.2.3 (Rule 127 of total 292) .... done (Time = 0.00s, Memory = 0.0K)
    Checking Rule STARC05-2.10.3.2a (Rule 128 of total 292) .... done (Time = 0.00s, Memory = 0.0K)
    Checking Rule STARC05-2.11.3.1 (Rule 129 of total 292) .... done (Time = 0.00s, Memory = 0.0K)
    Checking Rule STARC05-2.1.3.1 (Rule 130 of total 292) .... done (Time = 0.00s, Memory = 0.0K)
    Checking Rule STARC05-2.10.1.4a (Rule 131 of total 292) .... done (Time = 0.00s, Memory = 0.0K)
    Checking Rule STARC05-2.10.1.4b (Rule 132 of total 292) .... done (Time = 0.00s, Memory = 0.0K)
    Checking Rule sim_race02 (Rule 133 of total 292) .... done (Time = 0.00s, Memory = 0.0K)
    Checking Rule W339a (Rule 134 of total 292) .... done (Time = 0.00s, Memory = 0.0K)
    Checking Rule W110 (Rule 135 of total 292) .... done (Time = 0.00s, Memory = 0.0K)
    Checking Rule W122 (Rule 136 of total 292) .... done (Time = 0.00s, Memory = 0.0K)
    Checking Rule W496a (Rule 137 of total 292) .... done (Time = 0.00s, Memory = 0.0K)
    Checking Rule W496b (Rule 138 of total 292) .... done (Time = 0.00s, Memory = 0.0K)
    Checking Rule W19 (Rule 139 of total 292) .... done (Time = 0.00s, Memory = 0.0K)
    Checking Rule W66 (Rule 140 of total 292) .... done (Time = 0.00s, Memory = 0.0K)
    Checking Rule W116 (Rule 141 of total 292) .... done (Time = 0.00s, Memory = 0.0K)
    Checking Rule W123 (Rule 142 of total 292) .... done (Time = 0.00s, Memory = 0.0K)
    Checking Rule W156 (Rule 143 of total 292) .... done (Time = 0.00s, Memory = 0.0K)
    Checking Rule W215 (Rule 144 of total 292) .... done (Time = 0.00s, Memory = 0.0K)
    Checking Rule W216 (Rule 145 of total 292) .... done (Time = 0.00s, Memory = 0.0K)
    Checking Rule W218 (Rule 146 of total 292) .... done (Time = 0.00s, Memory = 0.0K)
    Checking Rule W224 (Rule 147 of total 292) .... done (Time = 0.00s, Memory = 0.0K)
    Checking Rule W263 (Rule 148 of total 292) .... done (Time = 0.00s, Memory = 0.0K)
    Checking Rule W289 (Rule 149 of total 292) .... done (Time = 0.00s, Memory = 0.0K)
    Checking Rule W337 (Rule 150 of total 292) .... done (Time = 0.00s, Memory = 0.0K)
    Checking Rule W416 (Rule 151 of total 292) .... done (Time = 0.00s, Memory = 0.0K)
    Checking Rule W352 (Rule 152 of total 292) .... done (Time = 0.00s, Memory = 0.0K)
    Checking Rule W362 (Rule 153 of total 292) .... done (Time = 0.00s, Memory = 0.0K)
    Checking Rule W415a (Rule 154 of total 292) .... done (Time = 0.00s, Memory = 64.0K)
    Checking Rule W486 (Rule 155 of total 292) .... done (Time = 0.00s, Memory = 0.0K)
    Checking Rule W499 (Rule 156 of total 292) .... done (Time = 0.00s, Memory = 0.0K)
    Checking Rule W502 (Rule 157 of total 292) .... done (Time = 0.00s, Memory = 0.0K)
    Checking Rule W116 (Rule 158 of total 292) .... done (Time = 0.00s, Memory = 0.0K)
    Checking Rule W122 (Rule 159 of total 292) .... done (Time = 0.00s, Memory = 0.0K)
    Checking Rule W123 (Rule 160 of total 292) .... done (Time = 0.00s, Memory = 0.0K)
    Checking Rule W156 (Rule 161 of total 292) .... done (Time = 0.00s, Memory = 0.0K)
    Checking Rule W71 (Rule 162 of total 292) .... done (Time = 0.00s, Memory = 0.0K)
    Checking Rule W240 (Rule 163 of total 292) .... done (Time = 0.00s, Memory = 0.0K)
    Checking Rule W240 (Rule 164 of total 292) .... done (Time = 0.00s, Memory = 0.0K)
    Checking Rule W287a (Rule 165 of total 292) .... done (Time = 0.00s, Memory = 0.0K)
    Checking Rule W287b (Rule 166 of total 292) .... done (Time = 0.00s, Memory = 0.0K)
    Checking Rule W293 (Rule 167 of total 292) .... done (Time = 0.00s, Memory = 0.0K)
    Checking Rule W398 (Rule 168 of total 292) .... done (Time = 0.00s, Memory = 0.0K)
    Checking Rule W424 (Rule 169 of total 292) .... done (Time = 0.00s, Memory = 0.0K)
    Checking Rule W467 (Rule 170 of total 292) .... done (Time = 0.00s, Memory = 0.0K)
    Checking Rule W505 (Rule 171 of total 292) .... done (Time = 0.00s, Memory = 0.0K)
    Checking Rule W505 (Rule 172 of total 292) .... done (Time = 0.00s, Memory = 0.0K)
    Checking Rule W528 (Rule 173 of total 292) .... done (Time = 0.00s, Memory = 0.0K)
    Checking Rule W528 (Rule 174 of total 292) .... done (Time = 0.00s, Memory = 512.0K)
    Checking Rule Prereqs_Usage (Rule 175 of total 292) .... done (Time = 0.00s, Memory = 0.0K)
    Checking Rule Prereqs_ConstantInput-ML (Rule 176 of total 292) .... done (Time = 0.00s, Memory = 0.0K)
    Checking Rule ReportPortInfo-ML (Rule 177 of total 292) .... done (Time = 0.00s, Memory = 0.0K)
    Checking Rule Prereqs_ReportPortInfo-ML (Rule 178 of total 292) .... done (Time = 0.00s, Memory = 0.0K)
    Checking Rule Prereqs_ReportPortInfo-ML (Rule 179 of total 292) .... done (Time = 0.00s, Memory = 0.0K)
    Checking Rule Prereqs_Elab_Hier_Dialog (Rule 180 of total 292) .... done (Time = 0.00s, Memory = 0.0K)
    Checking Rule NoAssignX-ML (Rule 181 of total 292) .... done (Time = 0.00s, Memory = 0.0K)
    Checking Rule ParamWidthMismatch-ML (Rule 182 of total 292) .... done (Time = 0.00s, Memory = 0.0K)
    Checking Rule Postreqs_Usage_ML (Rule 183 of total 292) .... done (Time = 0.00s, Memory = 0.0K)
    Checking Rule NoXInCase-ML (Rule 184 of total 292) .... done (Time = 0.00s, Memory = 0.0K)
Checking ELABDU Rules for designUnit WORK_prim_flop_2sync_1_0_1
    Checking Rule Ac_classify_param01 (Rule 118 of total 292) .... done (Time = 0.00s, Memory = 0.0K)
    Checking Rule AcOvlRtl (Rule 119 of total 292) .... done (Time = 0.00s, Memory = 0.0K)
    Checking Rule AcOvlRtl (Rule 120 of total 292) .... done (Time = 0.00s, Memory = 0.0K)
    Checking Rule GenTopLevelBlocksForAutoSoc (Rule 121 of total 292) .... done (Time = 0.00s, Memory = 0.0K)
    Checking Rule Prereqs_InferLatch (Rule 122 of total 292) .... done (Time = 0.00s, Memory = 0.0K)
    Checking Rule STARC05-2.1.4.5 (Rule 123 of total 292) .... done (Time = 0.00s, Memory = 0.0K)
    Checking Rule STARC05-2.1.5.3 (Rule 124 of total 292) .... done (Time = 0.00s, Memory = 0.0K)
    Checking Rule STARC05-2.2.3.3 (Rule 125 of total 292) .... done (Time = 0.00s, Memory = 0.0K)
    Checking Rule STARC05-2.3.1.6 (Rule 126 of total 292) .... done (Time = 0.00s, Memory = 0.0K)
    Checking Rule STARC05-2.10.2.3 (Rule 127 of total 292) .... done (Time = 0.00s, Memory = 0.0K)
    Checking Rule STARC05-2.10.3.2a (Rule 128 of total 292) .... done (Time = 0.00s, Memory = 0.0K)
    Checking Rule STARC05-2.11.3.1 (Rule 129 of total 292) .... done (Time = 0.00s, Memory = 0.0K)
    Checking Rule STARC05-2.1.3.1 (Rule 130 of total 292) .... done (Time = 0.00s, Memory = 0.0K)
    Checking Rule STARC05-2.10.1.4a (Rule 131 of total 292) .... done (Time = 0.00s, Memory = 0.0K)
    Checking Rule STARC05-2.10.1.4b (Rule 132 of total 292) .... done (Time = 0.00s, Memory = 0.0K)
    Checking Rule sim_race02 (Rule 133 of total 292) .... done (Time = 0.00s, Memory = 0.0K)
    Checking Rule W339a (Rule 134 of total 292) .... done (Time = 0.00s, Memory = 0.0K)
    Checking Rule W110 (Rule 135 of total 292) .... done (Time = 0.01s, Memory = 0.0K)
    Checking Rule W122 (Rule 136 of total 292) .... done (Time = 0.00s, Memory = 0.0K)
    Checking Rule W496a (Rule 137 of total 292) .... done (Time = 0.00s, Memory = 0.0K)
    Checking Rule W496b (Rule 138 of total 292) .... done (Time = 0.00s, Memory = 0.0K)
    Checking Rule W19 (Rule 139 of total 292) .... done (Time = 0.00s, Memory = 0.0K)
    Checking Rule W66 (Rule 140 of total 292) .... done (Time = 0.00s, Memory = 0.0K)
    Checking Rule W116 (Rule 141 of total 292) .... done (Time = 0.00s, Memory = 0.0K)
    Checking Rule W123 (Rule 142 of total 292) .... done (Time = 0.00s, Memory = 0.0K)
    Checking Rule W156 (Rule 143 of total 292) .... done (Time = 0.00s, Memory = 0.0K)
    Checking Rule W215 (Rule 144 of total 292) .... done (Time = 0.00s, Memory = 0.0K)
    Checking Rule W216 (Rule 145 of total 292) .... done (Time = 0.00s, Memory = 0.0K)
    Checking Rule W218 (Rule 146 of total 292) .... done (Time = 0.00s, Memory = 0.0K)
    Checking Rule W224 (Rule 147 of total 292) .... done (Time = 0.00s, Memory = 0.0K)
    Checking Rule W263 (Rule 148 of total 292) .... done (Time = 0.00s, Memory = 0.0K)
    Checking Rule W289 (Rule 149 of total 292) .... done (Time = 0.00s, Memory = 0.0K)
    Checking Rule W337 (Rule 150 of total 292) .... done (Time = 0.00s, Memory = 0.0K)
    Checking Rule W416 (Rule 151 of total 292) .... done (Time = 0.00s, Memory = 0.0K)
    Checking Rule W352 (Rule 152 of total 292) .... done (Time = 0.00s, Memory = 0.0K)
    Checking Rule W362 (Rule 153 of total 292) .... done (Time = 0.00s, Memory = 0.0K)
    Checking Rule W415a (Rule 154 of total 292) .... done (Time = 0.00s, Memory = 0.0K)
    Checking Rule W486 (Rule 155 of total 292) .... done (Time = 0.00s, Memory = 0.0K)
    Checking Rule W499 (Rule 156 of total 292) .... done (Time = 0.00s, Memory = 0.0K)
    Checking Rule W502 (Rule 157 of total 292) .... done (Time = 0.00s, Memory = 0.0K)
    Checking Rule W116 (Rule 158 of total 292) .... done (Time = 0.00s, Memory = 0.0K)
    Checking Rule W122 (Rule 159 of total 292) .... done (Time = 0.00s, Memory = 0.0K)
    Checking Rule W123 (Rule 160 of total 292) .... done (Time = 0.00s, Memory = 0.0K)
    Checking Rule W156 (Rule 161 of total 292) .... done (Time = 0.00s, Memory = 0.0K)
    Checking Rule W71 (Rule 162 of total 292) .... done (Time = 0.00s, Memory = 0.0K)
    Checking Rule W240 (Rule 163 of total 292) .... done (Time = 0.00s, Memory = 0.0K)
    Checking Rule W240 (Rule 164 of total 292) .... done (Time = 0.00s, Memory = 0.0K)
    Checking Rule W287a (Rule 165 of total 292) .... done (Time = 0.00s, Memory = 0.0K)
    Checking Rule W287b (Rule 166 of total 292) .... done (Time = 0.00s, Memory = 0.0K)
    Checking Rule W293 (Rule 167 of total 292) .... done (Time = 0.00s, Memory = 0.0K)
    Checking Rule W398 (Rule 168 of total 292) .... done (Time = 0.00s, Memory = 0.0K)
    Checking Rule W424 (Rule 169 of total 292) .... done (Time = 0.00s, Memory = 0.0K)
    Checking Rule W467 (Rule 170 of total 292) .... done (Time = 0.00s, Memory = 0.0K)
    Checking Rule W505 (Rule 171 of total 292) .... done (Time = 0.00s, Memory = 0.0K)
    Checking Rule W505 (Rule 172 of total 292) .... done (Time = 0.00s, Memory = 0.0K)
    Checking Rule W528 (Rule 173 of total 292) .... done (Time = 0.00s, Memory = 0.0K)
    Checking Rule W528 (Rule 174 of total 292) .... done (Time = 0.00s, Memory = 512.0K)
    Checking Rule Prereqs_Usage (Rule 175 of total 292) .... done (Time = 0.00s, Memory = 0.0K)
    Checking Rule Prereqs_ConstantInput-ML (Rule 176 of total 292) .... done (Time = 0.00s, Memory = 0.0K)
    Checking Rule ReportPortInfo-ML (Rule 177 of total 292) .... done (Time = 0.00s, Memory = 0.0K)
    Checking Rule Prereqs_ReportPortInfo-ML (Rule 178 of total 292) .... done (Time = 0.00s, Memory = 0.0K)
    Checking Rule Prereqs_ReportPortInfo-ML (Rule 179 of total 292) .... done (Time = 0.00s, Memory = 0.0K)
    Checking Rule Prereqs_Elab_Hier_Dialog (Rule 180 of total 292) .... done (Time = 0.00s, Memory = 0.0K)
    Checking Rule NoAssignX-ML (Rule 181 of total 292) .... done (Time = 0.00s, Memory = 0.0K)
    Checking Rule ParamWidthMismatch-ML (Rule 182 of total 292) .... done (Time = 0.00s, Memory = 0.0K)
    Checking Rule Postreqs_Usage_ML (Rule 183 of total 292) .... done (Time = 0.00s, Memory = 0.0K)
    Checking Rule NoXInCase-ML (Rule 184 of total 292) .... done (Time = 0.00s, Memory = 0.0K)
Checking ELABDU Rules for designUnit WORK_prim_sec_anchor_buf_1
    Checking Rule Ac_classify_param01 (Rule 118 of total 292) .... done (Time = 0.00s, Memory = 0.0K)
    Checking Rule AcOvlRtl (Rule 119 of total 292) .... done (Time = 0.00s, Memory = 0.0K)
    Checking Rule AcOvlRtl (Rule 120 of total 292) .... done (Time = 0.00s, Memory = 0.0K)
    Checking Rule GenTopLevelBlocksForAutoSoc (Rule 121 of total 292) .... done (Time = 0.00s, Memory = 0.0K)
    Checking Rule Prereqs_InferLatch (Rule 122 of total 292) .... done (Time = 0.00s, Memory = 0.0K)
    Checking Rule STARC05-2.1.4.5 (Rule 123 of total 292) .... done (Time = 0.00s, Memory = 0.0K)
    Checking Rule STARC05-2.1.5.3 (Rule 124 of total 292) .... done (Time = 0.00s, Memory = 0.0K)
    Checking Rule STARC05-2.2.3.3 (Rule 125 of total 292) .... done (Time = 0.00s, Memory = 0.0K)
    Checking Rule STARC05-2.3.1.6 (Rule 126 of total 292) .... done (Time = 0.00s, Memory = 0.0K)
    Checking Rule STARC05-2.10.2.3 (Rule 127 of total 292) .... done (Time = 0.00s, Memory = 0.0K)
    Checking Rule STARC05-2.10.3.2a (Rule 128 of total 292) .... done (Time = 0.00s, Memory = 0.0K)
    Checking Rule STARC05-2.11.3.1 (Rule 129 of total 292) .... done (Time = 0.00s, Memory = 0.0K)
    Checking Rule STARC05-2.1.3.1 (Rule 130 of total 292) .... done (Time = 0.00s, Memory = 0.0K)
    Checking Rule STARC05-2.10.1.4a (Rule 131 of total 292) .... done (Time = 0.00s, Memory = 0.0K)
    Checking Rule STARC05-2.10.1.4b (Rule 132 of total 292) .... done (Time = 0.00s, Memory = 0.0K)
    Checking Rule sim_race02 (Rule 133 of total 292) .... done (Time = 0.00s, Memory = 0.0K)
    Checking Rule W339a (Rule 134 of total 292) .... done (Time = 0.00s, Memory = 0.0K)
    Checking Rule W110 (Rule 135 of total 292) .... done (Time = 0.00s, Memory = 0.0K)
    Checking Rule W122 (Rule 136 of total 292) .... done (Time = 0.00s, Memory = 0.0K)
    Checking Rule W496a (Rule 137 of total 292) .... done (Time = 0.00s, Memory = 0.0K)
    Checking Rule W496b (Rule 138 of total 292) .... done (Time = 0.00s, Memory = 0.0K)
    Checking Rule W19 (Rule 139 of total 292) .... done (Time = 0.00s, Memory = 0.0K)
    Checking Rule W66 (Rule 140 of total 292) .... done (Time = 0.00s, Memory = 0.0K)
    Checking Rule W116 (Rule 141 of total 292) .... done (Time = 0.00s, Memory = 0.0K)
    Checking Rule W123 (Rule 142 of total 292) .... done (Time = 0.00s, Memory = 0.0K)
    Checking Rule W156 (Rule 143 of total 292) .... done (Time = 0.00s, Memory = 0.0K)
    Checking Rule W215 (Rule 144 of total 292) .... done (Time = 0.00s, Memory = 0.0K)
    Checking Rule W216 (Rule 145 of total 292) .... done (Time = 0.00s, Memory = 0.0K)
    Checking Rule W218 (Rule 146 of total 292) .... done (Time = 0.00s, Memory = 0.0K)
    Checking Rule W224 (Rule 147 of total 292) .... done (Time = 0.00s, Memory = 0.0K)
    Checking Rule W263 (Rule 148 of total 292) .... done (Time = 0.00s, Memory = 0.0K)
    Checking Rule W289 (Rule 149 of total 292) .... done (Time = 0.00s, Memory = 0.0K)
    Checking Rule W337 (Rule 150 of total 292) .... done (Time = 0.00s, Memory = 0.0K)
    Checking Rule W416 (Rule 151 of total 292) .... done (Time = 0.00s, Memory = 0.0K)
    Checking Rule W352 (Rule 152 of total 292) .... done (Time = 0.00s, Memory = 0.0K)
    Checking Rule W362 (Rule 153 of total 292) .... done (Time = 0.00s, Memory = 0.0K)
    Checking Rule W415a (Rule 154 of total 292) .... done (Time = 0.00s, Memory = 0.0K)
    Checking Rule W486 (Rule 155 of total 292) .... done (Time = 0.00s, Memory = 0.0K)
    Checking Rule W499 (Rule 156 of total 292) .... done (Time = 0.00s, Memory = 0.0K)
    Checking Rule W502 (Rule 157 of total 292) .... done (Time = 0.00s, Memory = 0.0K)
    Checking Rule W116 (Rule 158 of total 292) .... done (Time = 0.00s, Memory = 0.0K)
    Checking Rule W122 (Rule 159 of total 292) .... done (Time = 0.00s, Memory = 0.0K)
    Checking Rule W123 (Rule 160 of total 292) .... done (Time = 0.00s, Memory = 0.0K)
    Checking Rule W156 (Rule 161 of total 292) .... done (Time = 0.00s, Memory = 0.0K)
    Checking Rule W71 (Rule 162 of total 292) .... done (Time = 0.00s, Memory = 0.0K)
    Checking Rule W240 (Rule 163 of total 292) .... done (Time = 0.00s, Memory = 0.0K)
    Checking Rule W240 (Rule 164 of total 292) .... done (Time = 0.00s, Memory = 0.0K)
    Checking Rule W287a (Rule 165 of total 292) .... done (Time = 0.00s, Memory = 0.0K)
    Checking Rule W287b (Rule 166 of total 292) .... done (Time = 0.00s, Memory = 0.0K)
    Checking Rule W293 (Rule 167 of total 292) .... done (Time = 0.00s, Memory = 0.0K)
    Checking Rule W398 (Rule 168 of total 292) .... done (Time = 0.00s, Memory = 0.0K)
    Checking Rule W424 (Rule 169 of total 292) .... done (Time = 0.00s, Memory = 0.0K)
    Checking Rule W467 (Rule 170 of total 292) .... done (Time = 0.00s, Memory = 0.0K)
    Checking Rule W505 (Rule 171 of total 292) .... done (Time = 0.00s, Memory = 0.0K)
    Checking Rule W505 (Rule 172 of total 292) .... done (Time = 0.00s, Memory = 0.0K)
    Checking Rule W528 (Rule 173 of total 292) .... done (Time = 0.00s, Memory = 0.0K)
    Checking Rule W528 (Rule 174 of total 292) .... done (Time = 0.00s, Memory = 512.0K)
    Checking Rule Prereqs_Usage (Rule 175 of total 292) .... done (Time = 0.00s, Memory = 0.0K)
    Checking Rule Prereqs_ConstantInput-ML (Rule 176 of total 292) .... done (Time = 0.00s, Memory = 0.0K)
    Checking Rule ReportPortInfo-ML (Rule 177 of total 292) .... done (Time = 0.00s, Memory = 0.0K)
    Checking Rule Prereqs_ReportPortInfo-ML (Rule 178 of total 292) .... done (Time = 0.00s, Memory = 0.0K)
    Checking Rule Prereqs_ReportPortInfo-ML (Rule 179 of total 292) .... done (Time = 0.00s, Memory = 0.0K)
    Checking Rule Prereqs_Elab_Hier_Dialog (Rule 180 of total 292) .... done (Time = 0.00s, Memory = 0.0K)
    Checking Rule NoAssignX-ML (Rule 181 of total 292) .... done (Time = 0.00s, Memory = 0.0K)
    Checking Rule ParamWidthMismatch-ML (Rule 182 of total 292) .... done (Time = 0.00s, Memory = 0.0K)
    Checking Rule Postreqs_Usage_ML (Rule 183 of total 292) .... done (Time = 0.00s, Memory = 0.0K)
    Checking Rule NoXInCase-ML (Rule 184 of total 292) .... done (Time = 0.00s, Memory = 0.0K)
Checking ELABDU Rules for designUnit WORK_prim_buf_1
    Checking Rule Ac_classify_param01 (Rule 118 of total 292) .... done (Time = 0.00s, Memory = 0.0K)
    Checking Rule AcOvlRtl (Rule 119 of total 292) .... done (Time = 0.00s, Memory = 0.0K)
    Checking Rule AcOvlRtl (Rule 120 of total 292) .... done (Time = 0.00s, Memory = 0.0K)
    Checking Rule GenTopLevelBlocksForAutoSoc (Rule 121 of total 292) .... done (Time = 0.00s, Memory = 0.0K)
    Checking Rule Prereqs_InferLatch (Rule 122 of total 292) .... done (Time = 0.00s, Memory = 0.0K)
    Checking Rule STARC05-2.1.4.5 (Rule 123 of total 292) .... done (Time = 0.00s, Memory = 0.0K)
    Checking Rule STARC05-2.1.5.3 (Rule 124 of total 292) .... done (Time = 0.00s, Memory = 0.0K)
    Checking Rule STARC05-2.2.3.3 (Rule 125 of total 292) .... done (Time = 0.00s, Memory = 0.0K)
    Checking Rule STARC05-2.3.1.6 (Rule 126 of total 292) .... done (Time = 0.00s, Memory = 0.0K)
    Checking Rule STARC05-2.10.2.3 (Rule 127 of total 292) .... done (Time = 0.00s, Memory = 0.0K)
    Checking Rule STARC05-2.10.3.2a (Rule 128 of total 292) .... done (Time = 0.00s, Memory = 0.0K)
    Checking Rule STARC05-2.11.3.1 (Rule 129 of total 292) .... done (Time = 0.00s, Memory = 0.0K)
    Checking Rule STARC05-2.1.3.1 (Rule 130 of total 292) .... done (Time = 0.00s, Memory = 0.0K)
    Checking Rule STARC05-2.10.1.4a (Rule 131 of total 292) .... done (Time = 0.00s, Memory = 0.0K)
    Checking Rule STARC05-2.10.1.4b (Rule 132 of total 292) .... done (Time = 0.00s, Memory = 0.0K)
    Checking Rule sim_race02 (Rule 133 of total 292) .... done (Time = 0.00s, Memory = 0.0K)
    Checking Rule W339a (Rule 134 of total 292) .... done (Time = 0.00s, Memory = 0.0K)
    Checking Rule W110 (Rule 135 of total 292) .... done (Time = 0.00s, Memory = 0.0K)
    Checking Rule W122 (Rule 136 of total 292) .... done (Time = 0.00s, Memory = 0.0K)
    Checking Rule W496a (Rule 137 of total 292) .... done (Time = 0.00s, Memory = 0.0K)
    Checking Rule W496b (Rule 138 of total 292) .... done (Time = 0.00s, Memory = 0.0K)
    Checking Rule W19 (Rule 139 of total 292) .... done (Time = 0.00s, Memory = 0.0K)
    Checking Rule W66 (Rule 140 of total 292) .... done (Time = 0.00s, Memory = 0.0K)
    Checking Rule W116 (Rule 141 of total 292) .... done (Time = 0.00s, Memory = 0.0K)
    Checking Rule W123 (Rule 142 of total 292) .... done (Time = 0.00s, Memory = 0.0K)
    Checking Rule W156 (Rule 143 of total 292) .... done (Time = 0.00s, Memory = 0.0K)
    Checking Rule W215 (Rule 144 of total 292) .... done (Time = 0.00s, Memory = 0.0K)
    Checking Rule W216 (Rule 145 of total 292) .... done (Time = 0.00s, Memory = 0.0K)
    Checking Rule W218 (Rule 146 of total 292) .... done (Time = 0.00s, Memory = 0.0K)
    Checking Rule W224 (Rule 147 of total 292) .... done (Time = 0.00s, Memory = 0.0K)
    Checking Rule W263 (Rule 148 of total 292) .... done (Time = 0.00s, Memory = 0.0K)
    Checking Rule W289 (Rule 149 of total 292) .... done (Time = 0.00s, Memory = 0.0K)
    Checking Rule W337 (Rule 150 of total 292) .... done (Time = 0.00s, Memory = 0.0K)
    Checking Rule W416 (Rule 151 of total 292) .... done (Time = 0.00s, Memory = 0.0K)
    Checking Rule W352 (Rule 152 of total 292) .... done (Time = 0.00s, Memory = 0.0K)
    Checking Rule W362 (Rule 153 of total 292) .... done (Time = 0.00s, Memory = 0.0K)
    Checking Rule W415a (Rule 154 of total 292) .... done (Time = 0.00s, Memory = 0.0K)
    Checking Rule W486 (Rule 155 of total 292) .... done (Time = 0.00s, Memory = 0.0K)
    Checking Rule W499 (Rule 156 of total 292) .... done (Time = 0.00s, Memory = 0.0K)
    Checking Rule W502 (Rule 157 of total 292) .... done (Time = 0.00s, Memory = 0.0K)
    Checking Rule W116 (Rule 158 of total 292) .... done (Time = 0.00s, Memory = 0.0K)
    Checking Rule W122 (Rule 159 of total 292) .... done (Time = 0.00s, Memory = 0.0K)
    Checking Rule W123 (Rule 160 of total 292) .... done (Time = 0.00s, Memory = 0.0K)
    Checking Rule W156 (Rule 161 of total 292) .... done (Time = 0.00s, Memory = 0.0K)
    Checking Rule W71 (Rule 162 of total 292) .... done (Time = 0.00s, Memory = 0.0K)
    Checking Rule W240 (Rule 163 of total 292) .... done (Time = 0.00s, Memory = 0.0K)
    Checking Rule W240 (Rule 164 of total 292) .... done (Time = 0.00s, Memory = 0.0K)
    Checking Rule W287a (Rule 165 of total 292) .... done (Time = 0.00s, Memory = 0.0K)
    Checking Rule W287b (Rule 166 of total 292) .... done (Time = 0.00s, Memory = 0.0K)
    Checking Rule W293 (Rule 167 of total 292) .... done (Time = 0.00s, Memory = 0.0K)
    Checking Rule W398 (Rule 168 of total 292) .... done (Time = 0.00s, Memory = 0.0K)
    Checking Rule W424 (Rule 169 of total 292) .... done (Time = 0.00s, Memory = 0.0K)
    Checking Rule W467 (Rule 170 of total 292) .... done (Time = 0.00s, Memory = 0.0K)
    Checking Rule W505 (Rule 171 of total 292) .... done (Time = 0.00s, Memory = 0.0K)
    Checking Rule W505 (Rule 172 of total 292) .... done (Time = 0.00s, Memory = 0.0K)
    Checking Rule W528 (Rule 173 of total 292) .... done (Time = 0.00s, Memory = 0.0K)
    Checking Rule W528 (Rule 174 of total 292) .... done (Time = 0.00s, Memory = 512.0K)
    Checking Rule Prereqs_Usage (Rule 175 of total 292) .... done (Time = 0.00s, Memory = 0.0K)
    Checking Rule Prereqs_ConstantInput-ML (Rule 176 of total 292) .... done (Time = 0.00s, Memory = 0.0K)
    Checking Rule ReportPortInfo-ML (Rule 177 of total 292) .... done (Time = 0.00s, Memory = 0.0K)
    Checking Rule Prereqs_ReportPortInfo-ML (Rule 178 of total 292) .... done (Time = 0.00s, Memory = 0.0K)
    Checking Rule Prereqs_ReportPortInfo-ML (Rule 179 of total 292) .... done (Time = 0.00s, Memory = 0.0K)
    Checking Rule Prereqs_Elab_Hier_Dialog (Rule 180 of total 292) .... done (Time = 0.00s, Memory = 0.0K)
    Checking Rule NoAssignX-ML (Rule 181 of total 292) .... done (Time = 0.00s, Memory = 0.0K)
    Checking Rule ParamWidthMismatch-ML (Rule 182 of total 292) .... done (Time = 0.00s, Memory = 0.0K)
    Checking Rule Postreqs_Usage_ML (Rule 183 of total 292) .... done (Time = 0.00s, Memory = 0.0K)
    Checking Rule NoXInCase-ML (Rule 184 of total 292) .... done (Time = 0.00s, Memory = 0.0K)
Checking ELABDU Rules for designUnit prim_sec_anchor_flop
    Checking Rule Ac_classify_param01 (Rule 118 of total 292) .... done (Time = 0.00s, Memory = 0.0K)
    Checking Rule AcOvlRtl (Rule 119 of total 292) .... done (Time = 0.00s, Memory = 0.0K)
    Checking Rule AcOvlRtl (Rule 120 of total 292) .... done (Time = 0.00s, Memory = 0.0K)
    Checking Rule GenTopLevelBlocksForAutoSoc (Rule 121 of total 292) .... done (Time = 0.00s, Memory = 0.0K)
    Checking Rule Prereqs_InferLatch (Rule 122 of total 292) .... done (Time = 0.00s, Memory = 0.0K)
    Checking Rule STARC05-2.1.4.5 (Rule 123 of total 292) .... done (Time = 0.00s, Memory = 0.0K)
    Checking Rule STARC05-2.1.5.3 (Rule 124 of total 292) .... done (Time = 0.00s, Memory = 0.0K)
    Checking Rule STARC05-2.2.3.3 (Rule 125 of total 292) .... done (Time = 0.00s, Memory = 0.0K)
    Checking Rule STARC05-2.3.1.6 (Rule 126 of total 292) .... done (Time = 0.00s, Memory = 0.0K)
    Checking Rule STARC05-2.10.2.3 (Rule 127 of total 292) .... done (Time = 0.00s, Memory = 0.0K)
    Checking Rule STARC05-2.10.3.2a (Rule 128 of total 292) .... done (Time = 0.00s, Memory = 0.0K)
    Checking Rule STARC05-2.11.3.1 (Rule 129 of total 292) .... done (Time = 0.00s, Memory = 0.0K)
    Checking Rule STARC05-2.1.3.1 (Rule 130 of total 292) .... done (Time = 0.00s, Memory = 0.0K)
    Checking Rule STARC05-2.10.1.4a (Rule 131 of total 292) .... done (Time = 0.00s, Memory = 0.0K)
    Checking Rule STARC05-2.10.1.4b (Rule 132 of total 292) .... done (Time = 0.00s, Memory = 0.0K)
    Checking Rule sim_race02 (Rule 133 of total 292) .... done (Time = 0.00s, Memory = 0.0K)
    Checking Rule W339a (Rule 134 of total 292) .... done (Time = 0.00s, Memory = 0.0K)
    Checking Rule W110 (Rule 135 of total 292) .... done (Time = 0.00s, Memory = 0.0K)
    Checking Rule W122 (Rule 136 of total 292) .... done (Time = 0.00s, Memory = 0.0K)
    Checking Rule W496a (Rule 137 of total 292) .... done (Time = 0.00s, Memory = 0.0K)
    Checking Rule W496b (Rule 138 of total 292) .... done (Time = 0.00s, Memory = 0.0K)
    Checking Rule W19 (Rule 139 of total 292) .... done (Time = 0.00s, Memory = 0.0K)
    Checking Rule W66 (Rule 140 of total 292) .... done (Time = 0.00s, Memory = 0.0K)
    Checking Rule W116 (Rule 141 of total 292) .... done (Time = 0.00s, Memory = 0.0K)
    Checking Rule W123 (Rule 142 of total 292) .... done (Time = 0.00s, Memory = 0.0K)
    Checking Rule W156 (Rule 143 of total 292) .... done (Time = 0.00s, Memory = 0.0K)
    Checking Rule W215 (Rule 144 of total 292) .... done (Time = 0.00s, Memory = 0.0K)
    Checking Rule W216 (Rule 145 of total 292) .... done (Time = 0.00s, Memory = 0.0K)
    Checking Rule W218 (Rule 146 of total 292) .... done (Time = 0.00s, Memory = 0.0K)
    Checking Rule W224 (Rule 147 of total 292) .... done (Time = 0.00s, Memory = 0.0K)
    Checking Rule W263 (Rule 148 of total 292) .... done (Time = 0.00s, Memory = 0.0K)
    Checking Rule W289 (Rule 149 of total 292) .... done (Time = 0.00s, Memory = 0.0K)
    Checking Rule W337 (Rule 150 of total 292) .... done (Time = 0.00s, Memory = 0.0K)
    Checking Rule W416 (Rule 151 of total 292) .... done (Time = 0.00s, Memory = 0.0K)
    Checking Rule W352 (Rule 152 of total 292) .... done (Time = 0.00s, Memory = 0.0K)
    Checking Rule W362 (Rule 153 of total 292) .... done (Time = 0.00s, Memory = 0.0K)
    Checking Rule W415a (Rule 154 of total 292) .... done (Time = 0.00s, Memory = 0.0K)
    Checking Rule W486 (Rule 155 of total 292) .... done (Time = 0.00s, Memory = 0.0K)
    Checking Rule W499 (Rule 156 of total 292) .... done (Time = 0.00s, Memory = 0.0K)
    Checking Rule W502 (Rule 157 of total 292) .... done (Time = 0.00s, Memory = 0.0K)
    Checking Rule W116 (Rule 158 of total 292) .... done (Time = 0.00s, Memory = 0.0K)
    Checking Rule W122 (Rule 159 of total 292) .... done (Time = 0.00s, Memory = 0.0K)
    Checking Rule W123 (Rule 160 of total 292) .... done (Time = 0.00s, Memory = 0.0K)
    Checking Rule W156 (Rule 161 of total 292) .... done (Time = 0.00s, Memory = 0.0K)
    Checking Rule W71 (Rule 162 of total 292) .... done (Time = 0.00s, Memory = 0.0K)
    Checking Rule W240 (Rule 163 of total 292) .... done (Time = 0.00s, Memory = 0.0K)
    Checking Rule W240 (Rule 164 of total 292) .... done (Time = 0.00s, Memory = 0.0K)
    Checking Rule W287a (Rule 165 of total 292) .... done (Time = 0.00s, Memory = 0.0K)
    Checking Rule W287b (Rule 166 of total 292) .... done (Time = 0.00s, Memory = 0.0K)
    Checking Rule W293 (Rule 167 of total 292) .... done (Time = 0.00s, Memory = 0.0K)
    Checking Rule W398 (Rule 168 of total 292) .... done (Time = 0.00s, Memory = 0.0K)
    Checking Rule W424 (Rule 169 of total 292) .... done (Time = 0.00s, Memory = 0.0K)
    Checking Rule W467 (Rule 170 of total 292) .... done (Time = 0.00s, Memory = 0.0K)
    Checking Rule W505 (Rule 171 of total 292) .... done (Time = 0.00s, Memory = 0.0K)
    Checking Rule W505 (Rule 172 of total 292) .... done (Time = 0.00s, Memory = 0.0K)
    Checking Rule W528 (Rule 173 of total 292) .... done (Time = 0.00s, Memory = 0.0K)
    Checking Rule W528 (Rule 174 of total 292) .... done (Time = 0.00s, Memory = 512.0K)
    Checking Rule Prereqs_Usage (Rule 175 of total 292) .... done (Time = 0.00s, Memory = 0.0K)
    Checking Rule Prereqs_ConstantInput-ML (Rule 176 of total 292) .... done (Time = 0.00s, Memory = 0.0K)
    Checking Rule ReportPortInfo-ML (Rule 177 of total 292) .... done (Time = 0.00s, Memory = 0.0K)
    Checking Rule Prereqs_ReportPortInfo-ML (Rule 178 of total 292) .... done (Time = 0.00s, Memory = 0.0K)
    Checking Rule Prereqs_ReportPortInfo-ML (Rule 179 of total 292) .... done (Time = 0.00s, Memory = 0.0K)
    Checking Rule Prereqs_Elab_Hier_Dialog (Rule 180 of total 292) .... done (Time = 0.00s, Memory = 0.0K)
    Checking Rule NoAssignX-ML (Rule 181 of total 292) .... done (Time = 0.00s, Memory = 0.0K)
    Checking Rule ParamWidthMismatch-ML (Rule 182 of total 292) .... done (Time = 0.00s, Memory = 0.0K)
    Checking Rule Postreqs_Usage_ML (Rule 183 of total 292) .... done (Time = 0.00s, Memory = 0.0K)
    Checking Rule NoXInCase-ML (Rule 184 of total 292) .... done (Time = 0.00s, Memory = 0.0K)
Checking ELABDU Rules for designUnit WORK_prim_flop_2_2
    Checking Rule Ac_classify_param01 (Rule 118 of total 292) .... done (Time = 0.00s, Memory = 0.0K)
    Checking Rule AcOvlRtl (Rule 119 of total 292) .... done (Time = 0.00s, Memory = 0.0K)
    Checking Rule AcOvlRtl (Rule 120 of total 292) .... done (Time = 0.00s, Memory = 0.0K)
    Checking Rule GenTopLevelBlocksForAutoSoc (Rule 121 of total 292) .... done (Time = 0.00s, Memory = 0.0K)
    Checking Rule Prereqs_InferLatch (Rule 122 of total 292) .... done (Time = 0.00s, Memory = 0.0K)
    Checking Rule STARC05-2.1.4.5 (Rule 123 of total 292) .... done (Time = 0.00s, Memory = 0.0K)
    Checking Rule STARC05-2.1.5.3 (Rule 124 of total 292) .... done (Time = 0.00s, Memory = 0.0K)
    Checking Rule STARC05-2.2.3.3 (Rule 125 of total 292) .... done (Time = 0.00s, Memory = 0.0K)
    Checking Rule STARC05-2.3.1.6 (Rule 126 of total 292) .... done (Time = 0.00s, Memory = 0.0K)
    Checking Rule STARC05-2.10.2.3 (Rule 127 of total 292) .... done (Time = 0.00s, Memory = 0.0K)
    Checking Rule STARC05-2.10.3.2a (Rule 128 of total 292) .... done (Time = 0.00s, Memory = 0.0K)
    Checking Rule STARC05-2.11.3.1 (Rule 129 of total 292) .... done (Time = 0.00s, Memory = 0.0K)
    Checking Rule STARC05-2.1.3.1 (Rule 130 of total 292) .... done (Time = 0.00s, Memory = 0.0K)
    Checking Rule STARC05-2.10.1.4a (Rule 131 of total 292) .... done (Time = 0.00s, Memory = 0.0K)
    Checking Rule STARC05-2.10.1.4b (Rule 132 of total 292) .... done (Time = 0.00s, Memory = 0.0K)
    Checking Rule sim_race02 (Rule 133 of total 292) .... done (Time = 0.00s, Memory = 0.0K)
    Checking Rule W339a (Rule 134 of total 292) .... done (Time = 0.00s, Memory = 0.0K)
    Checking Rule W110 (Rule 135 of total 292) .... done (Time = 0.00s, Memory = 0.0K)
    Checking Rule W122 (Rule 136 of total 292) .... done (Time = 0.00s, Memory = 0.0K)
    Checking Rule W496a (Rule 137 of total 292) .... done (Time = 0.00s, Memory = 0.0K)
    Checking Rule W496b (Rule 138 of total 292) .... done (Time = 0.00s, Memory = 0.0K)
    Checking Rule W19 (Rule 139 of total 292) .... done (Time = 0.00s, Memory = 0.0K)
    Checking Rule W66 (Rule 140 of total 292) .... done (Time = 0.00s, Memory = 0.0K)
    Checking Rule W116 (Rule 141 of total 292) .... done (Time = 0.00s, Memory = 0.0K)
    Checking Rule W123 (Rule 142 of total 292) .... done (Time = 0.00s, Memory = 0.0K)
    Checking Rule W156 (Rule 143 of total 292) .... done (Time = 0.00s, Memory = 0.0K)
    Checking Rule W215 (Rule 144 of total 292) .... done (Time = 0.00s, Memory = 0.0K)
    Checking Rule W216 (Rule 145 of total 292) .... done (Time = 0.00s, Memory = 0.0K)
    Checking Rule W218 (Rule 146 of total 292) .... done (Time = 0.00s, Memory = 0.0K)
    Checking Rule W224 (Rule 147 of total 292) .... done (Time = 0.00s, Memory = 0.0K)
    Checking Rule W263 (Rule 148 of total 292) .... done (Time = 0.00s, Memory = 0.0K)
    Checking Rule W289 (Rule 149 of total 292) .... done (Time = 0.00s, Memory = 0.0K)
    Checking Rule W337 (Rule 150 of total 292) .... done (Time = 0.00s, Memory = 0.0K)
    Checking Rule W416 (Rule 151 of total 292) .... done (Time = 0.00s, Memory = 0.0K)
    Checking Rule W352 (Rule 152 of total 292) .... done (Time = 0.00s, Memory = 0.0K)
    Checking Rule W362 (Rule 153 of total 292) .... done (Time = 0.00s, Memory = 0.0K)
    Checking Rule W415a (Rule 154 of total 292) .... done (Time = 0.00s, Memory = 0.0K)
    Checking Rule W486 (Rule 155 of total 292) .... done (Time = 0.00s, Memory = 0.0K)
    Checking Rule W499 (Rule 156 of total 292) .... done (Time = 0.00s, Memory = 0.0K)
    Checking Rule W502 (Rule 157 of total 292) .... done (Time = 0.00s, Memory = 0.0K)
    Checking Rule W116 (Rule 158 of total 292) .... done (Time = 0.00s, Memory = 0.0K)
    Checking Rule W122 (Rule 159 of total 292) .... done (Time = 0.00s, Memory = 0.0K)
    Checking Rule W123 (Rule 160 of total 292) .... done (Time = 0.00s, Memory = 0.0K)
    Checking Rule W156 (Rule 161 of total 292) .... done (Time = 0.00s, Memory = 0.0K)
    Checking Rule W71 (Rule 162 of total 292) .... done (Time = 0.00s, Memory = 0.0K)
    Checking Rule W240 (Rule 163 of total 292) .... done (Time = 0.00s, Memory = 0.0K)
    Checking Rule W240 (Rule 164 of total 292) .... done (Time = 0.00s, Memory = 0.0K)
    Checking Rule W287a (Rule 165 of total 292) .... done (Time = 0.00s, Memory = 0.0K)
    Checking Rule W287b (Rule 166 of total 292) .... done (Time = 0.00s, Memory = 0.0K)
    Checking Rule W293 (Rule 167 of total 292) .... done (Time = 0.00s, Memory = 0.0K)
    Checking Rule W398 (Rule 168 of total 292) .... done (Time = 0.00s, Memory = 0.0K)
    Checking Rule W424 (Rule 169 of total 292) .... done (Time = 0.00s, Memory = 0.0K)
    Checking Rule W467 (Rule 170 of total 292) .... done (Time = 0.00s, Memory = 0.0K)
    Checking Rule W505 (Rule 171 of total 292) .... done (Time = 0.00s, Memory = 0.0K)
    Checking Rule W505 (Rule 172 of total 292) .... done (Time = 0.00s, Memory = 0.0K)
    Checking Rule W528 (Rule 173 of total 292) .... done (Time = 0.00s, Memory = 0.0K)
    Checking Rule W528 (Rule 174 of total 292) .... done (Time = 0.00s, Memory = 512.0K)
    Checking Rule Prereqs_Usage (Rule 175 of total 292) .... done (Time = 0.00s, Memory = 0.0K)
    Checking Rule Prereqs_ConstantInput-ML (Rule 176 of total 292) .... done (Time = 0.00s, Memory = 0.0K)
    Checking Rule ReportPortInfo-ML (Rule 177 of total 292) .... done (Time = 0.00s, Memory = 0.0K)
    Checking Rule Prereqs_ReportPortInfo-ML (Rule 178 of total 292) .... done (Time = 0.00s, Memory = 0.0K)
    Checking Rule Prereqs_ReportPortInfo-ML (Rule 179 of total 292) .... done (Time = 0.00s, Memory = 0.0K)
    Checking Rule Prereqs_Elab_Hier_Dialog (Rule 180 of total 292) .... done (Time = 0.00s, Memory = 0.0K)
    Checking Rule NoAssignX-ML (Rule 181 of total 292) .... done (Time = 0.00s, Memory = 0.0K)
    Checking Rule ParamWidthMismatch-ML (Rule 182 of total 292) .... done (Time = 0.00s, Memory = 0.0K)
    Checking Rule Postreqs_Usage_ML (Rule 183 of total 292) .... done (Time = 0.00s, Memory = 0.0K)
    Checking Rule NoXInCase-ML (Rule 184 of total 292) .... done (Time = 0.00s, Memory = 0.0K)
Checking ELABDU Rules for designUnit uart
Checking ELABDU Rules for designUnit uart_reg_top
Checking ELABDU Rules for designUnit tlul_cmd_intg_chk
Checking ELABDU Rules for designUnit prim_secded_inv_64_57_dec
Checking ELABDU Rules for designUnit tlul_data_integ_dec
Checking ELABDU Rules for designUnit prim_secded_inv_39_32_dec
Checking ELABDU Rules for designUnit prim_reg_we_check
Checking ELABDU Rules for designUnit WORK_prim_buf_13
Checking ELABDU Rules for designUnit prim_onehot_check
Checking ELABDU Rules for designUnit WORK_tlul_rsp_intg_gen_1_1_0_0
Checking ELABDU Rules for designUnit prim_secded_inv_64_57_enc
Checking ELABDU Rules for designUnit tlul_data_integ_enc
Checking ELABDU Rules for designUnit prim_secded_inv_39_32_enc
Checking ELABDU Rules for designUnit tlul_adapter_reg
Checking ELABDU Rules for designUnit WORK_tlul_rsp_intg_gen_0_0_1_1
Checking ELABDU Rules for designUnit tlul_err
Checking ELABDU Rules for designUnit WORK_prim_subreg_1_1_1_0
Checking ELABDU Rules for designUnit WORK_prim_subreg_arb_1_1_0
Checking ELABDU Rules for designUnit WORK_prim_subreg_1_1_0_0
Checking ELABDU Rules for designUnit WORK_prim_subreg_1_3_0_0
Checking ELABDU Rules for designUnit WORK_prim_subreg_arb_1_3_0
Checking ELABDU Rules for designUnit WORK_prim_subreg_1_0_0_0
Checking ELABDU Rules for designUnit WORK_prim_subreg_arb_1_0_0
Checking ELABDU Rules for designUnit WORK_prim_subreg_ext_1
Checking ELABDU Rules for designUnit WORK_prim_subreg_2_0_0_0
Checking ELABDU Rules for designUnit WORK_prim_subreg_arb_2_0_0
Checking ELABDU Rules for designUnit WORK_prim_subreg_16_0_0_0
Checking ELABDU Rules for designUnit WORK_prim_subreg_arb_16_0_0
Checking ELABDU Rules for designUnit WORK_prim_subreg_ext_8
Checking ELABDU Rules for designUnit WORK_prim_flop_1_0
Checking ELABDU Rules for designUnit WORK_prim_subreg_8_2_0_0
Checking ELABDU Rules for designUnit WORK_prim_subreg_arb_8_2_0
Checking ELABDU Rules for designUnit WORK_prim_subreg_1_2_0_0
Checking ELABDU Rules for designUnit WORK_prim_subreg_arb_1_2_0
Checking ELABDU Rules for designUnit WORK_prim_subreg_3_0_0_0
Checking ELABDU Rules for designUnit WORK_prim_subreg_arb_3_0_0
Checking ELABDU Rules for designUnit WORK_prim_subreg_ext_16
Checking ELABDU Rules for designUnit WORK_prim_subreg_24_0_0_0
Checking ELABDU Rules for designUnit WORK_prim_subreg_arb_24_0_0
Checking ELABDU Rules for designUnit uart_core
Checking ELABDU Rules for designUnit WORK_prim_fifo_sync_8_0_32_1_0_0
Checking ELABDU Rules for designUnit WORK_prim_fifo_sync_cnt_32_0_0
Checking ELABDU Rules for designUnit uart_tx
Checking ELABDU Rules for designUnit WORK_prim_flop_2sync_1_1_1
Checking ELABDU Rules for designUnit WORK_prim_flop_1_1
Checking ELABDU Rules for designUnit uart_rx
Checking ELABDU Rules for designUnit WORK_prim_fifo_sync_8_0_64_1_0_0
Checking ELABDU Rules for designUnit WORK_prim_fifo_sync_cnt_64_0_0
Checking ELABDU Rules for designUnit WORK_prim_intr_hw_1_1_XStatusX_sm_1
Checking ELABDU Rules for designUnit WORK_prim_intr_hw_1_1_XEventX_sm_2
Checking ELABDU Rules for designUnit prim_alert_sender
Checking ELABDU Rules for designUnit WORK_prim_sec_anchor_buf_2
Checking ELABDU Rules for designUnit WORK_prim_buf_2
Checking ELABDU Rules for designUnit prim_diff_decode
Checking ELABDU Rules for designUnit WORK_prim_flop_2sync_1_0_1
Checking ELABDU Rules for designUnit WORK_prim_sec_anchor_buf_1
Checking ELABDU Rules for designUnit WORK_prim_buf_1
Checking ELABDU Rules for designUnit prim_sec_anchor_flop
Checking ELABDU Rules for designUnit WORK_prim_flop_2_2
Checking Rule PECHECK56 (Rule 185 of total 292) .... done (Time = 0.00s, Memory = 0.0K)
Checking Rule SGDC_meta_design_hier01 (Rule 186 of total 292) .... done (Time = 0.00s, Memory = 0.0K)
Checking Rule SGDC_waive24 (Rule 187 of total 292) .... done (Time = 0.00s, Memory = 0.0K)
Checking Rule SGDC_waive25 (Rule 188 of total 292) .... done (Time = 0.00s, Memory = 0.0K)
Checking Rule SGDC_waive31 (Rule 189 of total 292) .... done (Time = 0.00s, Memory = 0.0K)
Checking Rule SGDC_waive35 (Rule 190 of total 292) .... done (Time = 0.00s, Memory = 0.0K)
 Synthesizing module: prim_flop (elaborated name: WORK_prim_flop_2_2) ... (Module 1 of total 59)  done 
 Synthesizing module: prim_sec_anchor_flop (elaborated name: prim_sec_anchor_flop) ... (Module 2 of total 59)  done 
 Synthesizing module: prim_buf (elaborated name: WORK_prim_buf_1) ... (Module 3 of total 59)  done 
 Synthesizing module: prim_sec_anchor_buf (elaborated name: WORK_prim_sec_anchor_buf_1) ... (Module 4 of total 59)  done 
 Synthesizing module: prim_flop (elaborated name: WORK_prim_flop_1_1) ... (Module 5 of total 59)  done 
 Synthesizing module: prim_flop_2sync (elaborated name: WORK_prim_flop_2sync_1_1_1) ... (Module 6 of total 59)  done 
 Synthesizing module: prim_flop (elaborated name: WORK_prim_flop_1_0) ... (Module 7 of total 59)  done 
 Synthesizing module: prim_flop_2sync (elaborated name: WORK_prim_flop_2sync_1_0_1) ... (Module 8 of total 59)  done 
 Synthesizing module: prim_diff_decode (elaborated name: prim_diff_decode) ... (Module 9 of total 59)  done 
 Synthesizing module: prim_buf (elaborated name: WORK_prim_buf_2) ... (Module 10 of total 59)  done 
 Synthesizing module: prim_sec_anchor_buf (elaborated name: WORK_prim_sec_anchor_buf_2) ... (Module 11 of total 59)  done 
 Synthesizing module: prim_alert_sender (elaborated name: prim_alert_sender) ... (Module 12 of total 59)  done 
 Synthesizing module: prim_intr_hw (elaborated name: WORK_prim_intr_hw_1_1_XEventX_sm_2) ... (Module 13 of total 59)  done 
 Synthesizing module: prim_intr_hw (elaborated name: WORK_prim_intr_hw_1_1_XStatusX_sm_1) ... (Module 14 of total 59)  done 
 Synthesizing module: prim_fifo_sync_cnt (elaborated name: WORK_prim_fifo_sync_cnt_64_0_0) ... (Module 15 of total 59)  done 
 Synthesizing module: prim_fifo_sync (elaborated name: WORK_prim_fifo_sync_8_0_64_1_0_0) ... (Module 16 of total 59)  done 
 Synthesizing module: uart_rx (elaborated name: uart_rx) ... (Module 17 of total 59)  done 
 Synthesizing module: uart_tx (elaborated name: uart_tx) ... (Module 18 of total 59)  done 
 Synthesizing module: prim_fifo_sync_cnt (elaborated name: WORK_prim_fifo_sync_cnt_32_0_0) ... (Module 19 of total 59)  done 
 Synthesizing module: prim_fifo_sync (elaborated name: WORK_prim_fifo_sync_8_0_32_1_0_0) ... (Module 20 of total 59)  done 
 Synthesizing module: uart_core (elaborated name: uart_core) ... (Module 21 of total 59)  done 
 Synthesizing module: prim_subreg_arb (elaborated name: WORK_prim_subreg_arb_1_0_0) ... (Module 22 of total 59)  done 
 Synthesizing module: prim_subreg (elaborated name: WORK_prim_subreg_1_0_0_0) ... (Module 23 of total 59)  done 
 Synthesizing module: prim_subreg_arb (elaborated name: WORK_prim_subreg_arb_24_0_0) ... (Module 24 of total 59)  done 
 Synthesizing module: prim_subreg (elaborated name: WORK_prim_subreg_24_0_0_0) ... (Module 25 of total 59)  done 
 Synthesizing module: prim_subreg_ext (elaborated name: WORK_prim_subreg_ext_16) ... (Module 26 of total 59)  done 
 Synthesizing module: prim_subreg_ext (elaborated name: WORK_prim_subreg_ext_8) ... (Module 27 of total 59)  done 
 Synthesizing module: prim_subreg_arb (elaborated name: WORK_prim_subreg_arb_3_0_0) ... (Module 28 of total 59)  done 
 Synthesizing module: prim_subreg (elaborated name: WORK_prim_subreg_3_0_0_0) ... (Module 29 of total 59)  done 
 Synthesizing module: prim_subreg_arb (elaborated name: WORK_prim_subreg_arb_1_2_0) ... (Module 30 of total 59)  done 
 Synthesizing module: prim_subreg (elaborated name: WORK_prim_subreg_1_2_0_0) ... (Module 31 of total 59)  done 
 Synthesizing module: prim_subreg_arb (elaborated name: WORK_prim_subreg_arb_8_2_0) ... (Module 32 of total 59)  done 
 Synthesizing module: prim_subreg (elaborated name: WORK_prim_subreg_8_2_0_0) ... (Module 33 of total 59)  done 
 Synthesizing module: prim_subreg_ext (elaborated name: WORK_prim_subreg_ext_1) ... (Module 34 of total 59)  done 
 Synthesizing module: prim_subreg_arb (elaborated name: WORK_prim_subreg_arb_16_0_0) ... (Module 35 of total 59)  done 
 Synthesizing module: prim_subreg (elaborated name: WORK_prim_subreg_16_0_0_0) ... (Module 36 of total 59)  done 
 Synthesizing module: prim_subreg_arb (elaborated name: WORK_prim_subreg_arb_2_0_0) ... (Module 37 of total 59)  done 
 Synthesizing module: prim_subreg (elaborated name: WORK_prim_subreg_2_0_0_0) ... (Module 38 of total 59)  done 
 Synthesizing module: prim_subreg_arb (elaborated name: WORK_prim_subreg_arb_1_1_0) ... (Module 39 of total 59)  done 
 Synthesizing module: prim_subreg (elaborated name: WORK_prim_subreg_1_1_1_0) ... (Module 40 of total 59)  done 
 Synthesizing module: prim_subreg_arb (elaborated name: WORK_prim_subreg_arb_1_3_0) ... (Module 41 of total 59)  done 
 Synthesizing module: prim_subreg (elaborated name: WORK_prim_subreg_1_3_0_0) ... (Module 42 of total 59)  done 
 Synthesizing module: prim_subreg (elaborated name: WORK_prim_subreg_1_1_0_0) ... (Module 43 of total 59)  done 
 Synthesizing module: tlul_err (elaborated name: tlul_err) ... (Module 44 of total 59)  done 
 Synthesizing module: tlul_rsp_intg_gen (elaborated name: WORK_tlul_rsp_intg_gen_0_0_1_1) ... (Module 45 of total 59)  done 
 Synthesizing module: tlul_adapter_reg (elaborated name: tlul_adapter_reg) ... (Module 46 of total 59)  done 
 Synthesizing module: prim_secded_inv_39_32_enc (elaborated name: prim_secded_inv_39_32_enc) ... (Module 47 of total 59)  done 
 Synthesizing module: tlul_data_integ_enc (elaborated name: tlul_data_integ_enc) ... (Module 48 of total 59)  done 
 Synthesizing module: prim_secded_inv_64_57_enc (elaborated name: prim_secded_inv_64_57_enc) ... (Module 49 of total 59)  done 
 Synthesizing module: tlul_rsp_intg_gen (elaborated name: WORK_tlul_rsp_intg_gen_1_1_0_0) ... (Module 50 of total 59)  done 
 Synthesizing module: prim_onehot_check (elaborated name: prim_onehot_check) ... (Module 51 of total 59)  done 
 Synthesizing module: prim_buf (elaborated name: WORK_prim_buf_13) ... (Module 52 of total 59)  done 
 Synthesizing module: prim_reg_we_check (elaborated name: prim_reg_we_check) ... (Module 53 of total 59)  done 
 Synthesizing module: prim_secded_inv_39_32_dec (elaborated name: prim_secded_inv_39_32_dec) ... (Module 54 of total 59)  done 
 Synthesizing module: tlul_data_integ_dec (elaborated name: tlul_data_integ_dec) ... (Module 55 of total 59)  done 
 Synthesizing module: prim_secded_inv_64_57_dec (elaborated name: prim_secded_inv_64_57_dec) ... (Module 56 of total 59)  done 
 Synthesizing module: tlul_cmd_intg_chk (elaborated name: tlul_cmd_intg_chk) ... (Module 57 of total 59)  done 
 Synthesizing module: uart_reg_top (elaborated name: uart_reg_top) ... (Module 58 of total 59)  done 
 Synthesizing module: uart (elaborated name: uart) ... (Module 59 of total 59)  done 
 Synthesis completed.
Checking Rule InferBlackBox (Rule 191 of total 292) .... done (Time = 0.00s, Memory = 0.0K)
Checking Rule checkCMD_mthresh (Rule 192 of total 292) .... done (Time = 0.00s, Memory = 0.0K)

INFO [234]    Saving design database in directory 'spyglass/uart/uart/.SG_SaveRestoreDB/autogenerated__default_snapshot' ...
              done

Checking Rule SGDC_waive37 (Rule 193 of total 292) .... done (Time = 0.00s, Memory = 0.0K)
Checking Rule PESVASETUP01 for module prim_flop (Rule 194 of total 292) .... done (Time = 0.00s, Memory = 0.0K)
Checking Rule _cdc_save_license01 for module prim_flop (Rule 195 of total 292) .... done (Time = 0.00s, Memory = 0.0K)
Checking Rule _syncResetStyleRTL for module prim_flop (Rule 196 of total 292) .... done (Time = 0.00s, Memory = 0.0K)
Checking Rule _meta_delay01 for module prim_flop (Rule 197 of total 292) .... done (Time = 0.00s, Memory = 0.0K)
Checking Rule Ac_svasetup01 for module prim_flop (Rule 198 of total 292) .... done (Time = 0.00s, Memory = 0.0K)
Checking Rule Prereq_IntClock for module prim_flop (Rule 199 of total 292) .... done (Time = 0.00s, Memory = 0.0K)
Checking Rule W336 for module prim_flop (Rule 200 of total 292) .... done (Time = 0.00s, Memory = 0.0K)
Checking Rule W414 for module prim_flop (Rule 201 of total 292) .... done (Time = 0.00s, Memory = 0.0K)
Checking Rule W450L for module prim_flop (Rule 202 of total 292) .... done (Time = 0.00s, Memory = 0.0K)
Checking Rule HangingNetPreReq-ML for module prim_flop (Rule 203 of total 292) .... done (Time = 0.00s, Memory = 0.0K)
Checking Rule RegInputOutput-ML for module prim_flop (Rule 204 of total 292) .... done (Time = 0.00s, Memory = 0.0K)
Checking Rule STARC05-2.5.1.7 for module prim_flop (Rule 205 of total 292) .... done (Time = 0.00s, Memory = 0.0K)
Checking Rule STARC05-2.5.1.9 for module prim_flop (Rule 206 of total 292) .... done (Time = 0.00s, Memory = 0.0K)
Checking Rule PESVASETUP01 for module prim_sec_anchor_flop (Rule 194 of total 292) .... done (Time = 0.00s, Memory = 0.0K)
Checking Rule _cdc_save_license01 for module prim_sec_anchor_flop (Rule 195 of total 292) .... done (Time = 0.00s, Memory = 0.0K)
Checking Rule _syncResetStyleRTL for module prim_sec_anchor_flop (Rule 196 of total 292) .... done (Time = 0.00s, Memory = 0.0K)
Checking Rule _meta_delay01 for module prim_sec_anchor_flop (Rule 197 of total 292) .... done (Time = 0.00s, Memory = 0.0K)
Checking Rule Ac_svasetup01 for module prim_sec_anchor_flop (Rule 198 of total 292) .... done (Time = 0.00s, Memory = 0.0K)
Checking Rule Prereq_IntClock for module prim_sec_anchor_flop (Rule 199 of total 292) .... done (Time = 0.00s, Memory = 0.0K)
Checking Rule W336 for module prim_sec_anchor_flop (Rule 200 of total 292) .... done (Time = 0.00s, Memory = 0.0K)
Checking Rule W414 for module prim_sec_anchor_flop (Rule 201 of total 292) .... done (Time = 0.00s, Memory = 0.0K)
Checking Rule W450L for module prim_sec_anchor_flop (Rule 202 of total 292) .... done (Time = 0.00s, Memory = 0.0K)
Checking Rule HangingNetPreReq-ML for module prim_sec_anchor_flop (Rule 203 of total 292) .... done (Time = 0.00s, Memory = 0.0K)
Checking Rule RegInputOutput-ML for module prim_sec_anchor_flop (Rule 204 of total 292) .... done (Time = 0.00s, Memory = 0.0K)
Checking Rule STARC05-2.5.1.7 for module prim_sec_anchor_flop (Rule 205 of total 292) .... done (Time = 0.00s, Memory = 0.0K)
Checking Rule STARC05-2.5.1.9 for module prim_sec_anchor_flop (Rule 206 of total 292) .... done (Time = 0.00s, Memory = 0.0K)
Checking Rule PESVASETUP01 for module prim_buf (Rule 194 of total 292) .... done (Time = 0.00s, Memory = 0.0K)
Checking Rule _cdc_save_license01 for module prim_buf (Rule 195 of total 292) .... done (Time = 0.00s, Memory = 0.0K)
Checking Rule _syncResetStyleRTL for module prim_buf (Rule 196 of total 292) .... done (Time = 0.00s, Memory = 0.0K)
Checking Rule _meta_delay01 for module prim_buf (Rule 197 of total 292) .... done (Time = 0.00s, Memory = 0.0K)
Checking Rule Ac_svasetup01 for module prim_buf (Rule 198 of total 292) .... done (Time = 0.00s, Memory = 0.0K)
Checking Rule Prereq_IntClock for module prim_buf (Rule 199 of total 292) .... done (Time = 0.00s, Memory = 0.0K)
Checking Rule W336 for module prim_buf (Rule 200 of total 292) .... done (Time = 0.00s, Memory = 0.0K)
Checking Rule W414 for module prim_buf (Rule 201 of total 292) .... done (Time = 0.00s, Memory = 0.0K)
Checking Rule W450L for module prim_buf (Rule 202 of total 292) .... done (Time = 0.00s, Memory = 0.0K)
Checking Rule HangingNetPreReq-ML for module prim_buf (Rule 203 of total 292) .... done (Time = 0.00s, Memory = 0.0K)
Checking Rule RegInputOutput-ML for module prim_buf (Rule 204 of total 292) .... done (Time = 0.00s, Memory = 0.0K)
Checking Rule STARC05-2.5.1.7 for module prim_buf (Rule 205 of total 292) .... done (Time = 0.00s, Memory = 0.0K)
Checking Rule STARC05-2.5.1.9 for module prim_buf (Rule 206 of total 292) .... done (Time = 0.00s, Memory = 0.0K)
Checking Rule PESVASETUP01 for module prim_sec_anchor_buf (Rule 194 of total 292) .... done (Time = 0.00s, Memory = 0.0K)
Checking Rule _cdc_save_license01 for module prim_sec_anchor_buf (Rule 195 of total 292) .... done (Time = 0.00s, Memory = 0.0K)
Checking Rule _syncResetStyleRTL for module prim_sec_anchor_buf (Rule 196 of total 292) .... done (Time = 0.00s, Memory = 0.0K)
Checking Rule _meta_delay01 for module prim_sec_anchor_buf (Rule 197 of total 292) .... done (Time = 0.00s, Memory = 0.0K)
Checking Rule Ac_svasetup01 for module prim_sec_anchor_buf (Rule 198 of total 292) .... done (Time = 0.00s, Memory = 0.0K)
Checking Rule Prereq_IntClock for module prim_sec_anchor_buf (Rule 199 of total 292) .... done (Time = 0.00s, Memory = 0.0K)
Checking Rule W336 for module prim_sec_anchor_buf (Rule 200 of total 292) .... done (Time = 0.00s, Memory = 0.0K)
Checking Rule W414 for module prim_sec_anchor_buf (Rule 201 of total 292) .... done (Time = 0.00s, Memory = 0.0K)
Checking Rule W450L for module prim_sec_anchor_buf (Rule 202 of total 292) .... done (Time = 0.00s, Memory = 0.0K)
Checking Rule HangingNetPreReq-ML for module prim_sec_anchor_buf (Rule 203 of total 292) .... done (Time = 0.00s, Memory = 0.0K)
Checking Rule RegInputOutput-ML for module prim_sec_anchor_buf (Rule 204 of total 292) .... done (Time = 0.00s, Memory = 0.0K)
Checking Rule STARC05-2.5.1.7 for module prim_sec_anchor_buf (Rule 205 of total 292) .... done (Time = 0.00s, Memory = 0.0K)
Checking Rule STARC05-2.5.1.9 for module prim_sec_anchor_buf (Rule 206 of total 292) .... done (Time = 0.00s, Memory = 0.0K)
Checking Rule PESVASETUP01 for module prim_flop (Rule 194 of total 292) .... done (Time = 0.00s, Memory = 0.0K)
Checking Rule _cdc_save_license01 for module prim_flop (Rule 195 of total 292) .... done (Time = 0.00s, Memory = 0.0K)
Checking Rule _syncResetStyleRTL for module prim_flop (Rule 196 of total 292) .... done (Time = 0.00s, Memory = 0.0K)
Checking Rule _meta_delay01 for module prim_flop (Rule 197 of total 292) .... done (Time = 0.00s, Memory = 0.0K)
Checking Rule Ac_svasetup01 for module prim_flop (Rule 198 of total 292) .... done (Time = 0.00s, Memory = 0.0K)
Checking Rule Prereq_IntClock for module prim_flop (Rule 199 of total 292) .... done (Time = 0.00s, Memory = 0.0K)
Checking Rule W336 for module prim_flop (Rule 200 of total 292) .... done (Time = 0.00s, Memory = 0.0K)
Checking Rule W414 for module prim_flop (Rule 201 of total 292) .... done (Time = 0.00s, Memory = 0.0K)
Checking Rule W450L for module prim_flop (Rule 202 of total 292) .... done (Time = 0.00s, Memory = 0.0K)
Checking Rule HangingNetPreReq-ML for module prim_flop (Rule 203 of total 292) .... done (Time = 0.00s, Memory = 0.0K)
Checking Rule RegInputOutput-ML for module prim_flop (Rule 204 of total 292) .... done (Time = 0.00s, Memory = 0.0K)
Checking Rule STARC05-2.5.1.7 for module prim_flop (Rule 205 of total 292) .... done (Time = 0.00s, Memory = 0.0K)
Checking Rule STARC05-2.5.1.9 for module prim_flop (Rule 206 of total 292) .... done (Time = 0.00s, Memory = 0.0K)
Checking Rule PESVASETUP01 for module prim_flop_2sync (Rule 194 of total 292) .... done (Time = 0.00s, Memory = 0.0K)
Checking Rule _cdc_save_license01 for module prim_flop_2sync (Rule 195 of total 292) .... done (Time = 0.00s, Memory = 0.0K)
Checking Rule _syncResetStyleRTL for module prim_flop_2sync (Rule 196 of total 292) .... done (Time = 0.00s, Memory = 0.0K)
Checking Rule _meta_delay01 for module prim_flop_2sync (Rule 197 of total 292) .... done (Time = 0.00s, Memory = 0.0K)
Checking Rule Ac_svasetup01 for module prim_flop_2sync (Rule 198 of total 292) .... done (Time = 0.00s, Memory = 0.0K)
Checking Rule Prereq_IntClock for module prim_flop_2sync (Rule 199 of total 292) .... done (Time = 0.00s, Memory = 0.0K)
Checking Rule W336 for module prim_flop_2sync (Rule 200 of total 292) .... done (Time = 0.00s, Memory = 0.0K)
Checking Rule W414 for module prim_flop_2sync (Rule 201 of total 292) .... done (Time = 0.00s, Memory = 0.0K)
Checking Rule W450L for module prim_flop_2sync (Rule 202 of total 292) .... done (Time = 0.00s, Memory = 0.0K)
Checking Rule HangingNetPreReq-ML for module prim_flop_2sync (Rule 203 of total 292) .... done (Time = 0.00s, Memory = 0.0K)
Checking Rule RegInputOutput-ML for module prim_flop_2sync (Rule 204 of total 292) .... done (Time = 0.00s, Memory = 0.0K)
Checking Rule STARC05-2.5.1.7 for module prim_flop_2sync (Rule 205 of total 292) .... done (Time = 0.00s, Memory = 0.0K)
Checking Rule STARC05-2.5.1.9 for module prim_flop_2sync (Rule 206 of total 292) .... done (Time = 0.00s, Memory = 0.0K)
Checking Rule PESVASETUP01 for module prim_flop (Rule 194 of total 292) .... done (Time = 0.00s, Memory = 0.0K)
Checking Rule _cdc_save_license01 for module prim_flop (Rule 195 of total 292) .... done (Time = 0.00s, Memory = 0.0K)
Checking Rule _syncResetStyleRTL for module prim_flop (Rule 196 of total 292) .... done (Time = 0.00s, Memory = 0.0K)
Checking Rule _meta_delay01 for module prim_flop (Rule 197 of total 292) .... done (Time = 0.00s, Memory = 0.0K)
Checking Rule Ac_svasetup01 for module prim_flop (Rule 198 of total 292) .... done (Time = 0.00s, Memory = 0.0K)
Checking Rule Prereq_IntClock for module prim_flop (Rule 199 of total 292) .... done (Time = 0.00s, Memory = 0.0K)
Checking Rule W336 for module prim_flop (Rule 200 of total 292) .... done (Time = 0.00s, Memory = 0.0K)
Checking Rule W414 for module prim_flop (Rule 201 of total 292) .... done (Time = 0.00s, Memory = 0.0K)
Checking Rule W450L for module prim_flop (Rule 202 of total 292) .... done (Time = 0.00s, Memory = 0.0K)
Checking Rule HangingNetPreReq-ML for module prim_flop (Rule 203 of total 292) .... done (Time = 0.00s, Memory = 0.0K)
Checking Rule RegInputOutput-ML for module prim_flop (Rule 204 of total 292) .... done (Time = 0.00s, Memory = 0.0K)
Checking Rule STARC05-2.5.1.7 for module prim_flop (Rule 205 of total 292) .... done (Time = 0.00s, Memory = 0.0K)
Checking Rule STARC05-2.5.1.9 for module prim_flop (Rule 206 of total 292) .... done (Time = 0.00s, Memory = 0.0K)
Checking Rule PESVASETUP01 for module prim_flop_2sync (Rule 194 of total 292) .... done (Time = 0.00s, Memory = 0.0K)
Checking Rule _cdc_save_license01 for module prim_flop_2sync (Rule 195 of total 292) .... done (Time = 0.00s, Memory = 0.0K)
Checking Rule _syncResetStyleRTL for module prim_flop_2sync (Rule 196 of total 292) .... done (Time = 0.00s, Memory = 0.0K)
Checking Rule _meta_delay01 for module prim_flop_2sync (Rule 197 of total 292) .... done (Time = 0.00s, Memory = 0.0K)
Checking Rule Ac_svasetup01 for module prim_flop_2sync (Rule 198 of total 292) .... done (Time = 0.00s, Memory = 0.0K)
Checking Rule Prereq_IntClock for module prim_flop_2sync (Rule 199 of total 292) .... done (Time = 0.00s, Memory = 0.0K)
Checking Rule W336 for module prim_flop_2sync (Rule 200 of total 292) .... done (Time = 0.00s, Memory = 0.0K)
Checking Rule W414 for module prim_flop_2sync (Rule 201 of total 292) .... done (Time = 0.00s, Memory = 0.0K)
Checking Rule W450L for module prim_flop_2sync (Rule 202 of total 292) .... done (Time = 0.00s, Memory = 0.0K)
Checking Rule HangingNetPreReq-ML for module prim_flop_2sync (Rule 203 of total 292) .... done (Time = 0.00s, Memory = 0.0K)
Checking Rule RegInputOutput-ML for module prim_flop_2sync (Rule 204 of total 292) .... done (Time = 0.00s, Memory = 0.0K)
Checking Rule STARC05-2.5.1.7 for module prim_flop_2sync (Rule 205 of total 292) .... done (Time = 0.00s, Memory = 0.0K)
Checking Rule STARC05-2.5.1.9 for module prim_flop_2sync (Rule 206 of total 292) .... done (Time = 0.00s, Memory = 0.0K)
Checking Rule PESVASETUP01 for module prim_diff_decode (Rule 194 of total 292) .... done (Time = 0.00s, Memory = 0.0K)
Checking Rule _cdc_save_license01 for module prim_diff_decode (Rule 195 of total 292) .... done (Time = 0.00s, Memory = 0.0K)
Checking Rule _syncResetStyleRTL for module prim_diff_decode (Rule 196 of total 292) .... done (Time = 0.00s, Memory = 0.0K)
Checking Rule _meta_delay01 for module prim_diff_decode (Rule 197 of total 292) .... done (Time = 0.00s, Memory = 0.0K)
Checking Rule Ac_svasetup01 for module prim_diff_decode (Rule 198 of total 292) .... done (Time = 0.00s, Memory = 0.0K)
Checking Rule Prereq_IntClock for module prim_diff_decode (Rule 199 of total 292) .... done (Time = 0.00s, Memory = 0.0K)
Checking Rule W336 for module prim_diff_decode (Rule 200 of total 292) .... done (Time = 0.00s, Memory = 0.0K)
Checking Rule W414 for module prim_diff_decode (Rule 201 of total 292) .... done (Time = 0.00s, Memory = 0.0K)
Checking Rule W450L for module prim_diff_decode (Rule 202 of total 292) .... done (Time = 0.00s, Memory = 0.0K)
Checking Rule HangingNetPreReq-ML for module prim_diff_decode (Rule 203 of total 292) .... done (Time = 0.00s, Memory = 0.0K)
Checking Rule RegInputOutput-ML for module prim_diff_decode (Rule 204 of total 292) .... done (Time = 0.00s, Memory = 0.0K)
Checking Rule STARC05-2.5.1.7 for module prim_diff_decode (Rule 205 of total 292) .... done (Time = 0.00s, Memory = 0.0K)
Checking Rule STARC05-2.5.1.9 for module prim_diff_decode (Rule 206 of total 292) .... done (Time = 0.00s, Memory = 0.0K)
Checking Rule PESVASETUP01 for module prim_buf (Rule 194 of total 292) .... done (Time = 0.00s, Memory = 0.0K)
Checking Rule _cdc_save_license01 for module prim_buf (Rule 195 of total 292) .... done (Time = 0.00s, Memory = 0.0K)
Checking Rule _syncResetStyleRTL for module prim_buf (Rule 196 of total 292) .... done (Time = 0.00s, Memory = 0.0K)
Checking Rule _meta_delay01 for module prim_buf (Rule 197 of total 292) .... done (Time = 0.00s, Memory = 0.0K)
Checking Rule Ac_svasetup01 for module prim_buf (Rule 198 of total 292) .... done (Time = 0.00s, Memory = 0.0K)
Checking Rule Prereq_IntClock for module prim_buf (Rule 199 of total 292) .... done (Time = 0.00s, Memory = 0.0K)
Checking Rule W336 for module prim_buf (Rule 200 of total 292) .... done (Time = 0.00s, Memory = 0.0K)
Checking Rule W414 for module prim_buf (Rule 201 of total 292) .... done (Time = 0.00s, Memory = 0.0K)
Checking Rule W450L for module prim_buf (Rule 202 of total 292) .... done (Time = 0.00s, Memory = 0.0K)
Checking Rule HangingNetPreReq-ML for module prim_buf (Rule 203 of total 292) .... done (Time = 0.00s, Memory = 0.0K)
Checking Rule RegInputOutput-ML for module prim_buf (Rule 204 of total 292) .... done (Time = 0.00s, Memory = 0.0K)
Checking Rule STARC05-2.5.1.7 for module prim_buf (Rule 205 of total 292) .... done (Time = 0.00s, Memory = 0.0K)
Checking Rule STARC05-2.5.1.9 for module prim_buf (Rule 206 of total 292) .... done (Time = 0.00s, Memory = 0.0K)
Checking Rule PESVASETUP01 for module prim_sec_anchor_buf (Rule 194 of total 292) .... done (Time = 0.00s, Memory = 0.0K)
Checking Rule _cdc_save_license01 for module prim_sec_anchor_buf (Rule 195 of total 292) .... done (Time = 0.00s, Memory = 0.0K)
Checking Rule _syncResetStyleRTL for module prim_sec_anchor_buf (Rule 196 of total 292) .... done (Time = 0.00s, Memory = 0.0K)
Checking Rule _meta_delay01 for module prim_sec_anchor_buf (Rule 197 of total 292) .... done (Time = 0.00s, Memory = 0.0K)
Checking Rule Ac_svasetup01 for module prim_sec_anchor_buf (Rule 198 of total 292) .... done (Time = 0.00s, Memory = 0.0K)
Checking Rule Prereq_IntClock for module prim_sec_anchor_buf (Rule 199 of total 292) .... done (Time = 0.00s, Memory = 0.0K)
Checking Rule W336 for module prim_sec_anchor_buf (Rule 200 of total 292) .... done (Time = 0.00s, Memory = 0.0K)
Checking Rule W414 for module prim_sec_anchor_buf (Rule 201 of total 292) .... done (Time = 0.00s, Memory = 0.0K)
Checking Rule W450L for module prim_sec_anchor_buf (Rule 202 of total 292) .... done (Time = 0.00s, Memory = 0.0K)
Checking Rule HangingNetPreReq-ML for module prim_sec_anchor_buf (Rule 203 of total 292) .... done (Time = 0.00s, Memory = 0.0K)
Checking Rule RegInputOutput-ML for module prim_sec_anchor_buf (Rule 204 of total 292) .... done (Time = 0.00s, Memory = 0.0K)
Checking Rule STARC05-2.5.1.7 for module prim_sec_anchor_buf (Rule 205 of total 292) .... done (Time = 0.00s, Memory = 0.0K)
Checking Rule STARC05-2.5.1.9 for module prim_sec_anchor_buf (Rule 206 of total 292) .... done (Time = 0.00s, Memory = 0.0K)
Checking Rule PESVASETUP01 for module prim_alert_sender (Rule 194 of total 292) .... done (Time = 0.00s, Memory = 0.0K)
Checking Rule _cdc_save_license01 for module prim_alert_sender (Rule 195 of total 292) .... done (Time = 0.00s, Memory = 0.0K)
Checking Rule _syncResetStyleRTL for module prim_alert_sender (Rule 196 of total 292) .... done (Time = 0.00s, Memory = 0.0K)
Checking Rule _meta_delay01 for module prim_alert_sender (Rule 197 of total 292) .... done (Time = 0.00s, Memory = 0.0K)
Checking Rule Ac_svasetup01 for module prim_alert_sender (Rule 198 of total 292) .... done (Time = 0.00s, Memory = 0.0K)
Checking Rule Prereq_IntClock for module prim_alert_sender (Rule 199 of total 292) .... done (Time = 0.00s, Memory = 0.0K)
Checking Rule W336 for module prim_alert_sender (Rule 200 of total 292) .... done (Time = 0.00s, Memory = 0.0K)
Checking Rule W414 for module prim_alert_sender (Rule 201 of total 292) .... done (Time = 0.00s, Memory = 0.0K)
Checking Rule W450L for module prim_alert_sender (Rule 202 of total 292) .... done (Time = 0.00s, Memory = 0.0K)
Checking Rule HangingNetPreReq-ML for module prim_alert_sender (Rule 203 of total 292) .... done (Time = 0.00s, Memory = 0.0K)
Checking Rule RegInputOutput-ML for module prim_alert_sender (Rule 204 of total 292) .... done (Time = 0.00s, Memory = 0.0K)
Checking Rule STARC05-2.5.1.7 for module prim_alert_sender (Rule 205 of total 292) .... done (Time = 0.00s, Memory = 0.0K)
Checking Rule STARC05-2.5.1.9 for module prim_alert_sender (Rule 206 of total 292) .... done (Time = 0.00s, Memory = 0.0K)
Checking Rule PESVASETUP01 for module prim_intr_hw (Rule 194 of total 292) .... done (Time = 0.00s, Memory = 0.0K)
Checking Rule _cdc_save_license01 for module prim_intr_hw (Rule 195 of total 292) .... done (Time = 0.00s, Memory = 0.0K)
Checking Rule _syncResetStyleRTL for module prim_intr_hw (Rule 196 of total 292) .... done (Time = 0.00s, Memory = 0.0K)
Checking Rule _meta_delay01 for module prim_intr_hw (Rule 197 of total 292) .... done (Time = 0.00s, Memory = 0.0K)
Checking Rule Ac_svasetup01 for module prim_intr_hw (Rule 198 of total 292) .... done (Time = 0.00s, Memory = 0.0K)
Checking Rule Prereq_IntClock for module prim_intr_hw (Rule 199 of total 292) .... done (Time = 0.00s, Memory = 0.0K)
Checking Rule W336 for module prim_intr_hw (Rule 200 of total 292) .... done (Time = 0.00s, Memory = 0.0K)
Checking Rule W414 for module prim_intr_hw (Rule 201 of total 292) .... done (Time = 0.00s, Memory = 0.0K)
Checking Rule W450L for module prim_intr_hw (Rule 202 of total 292) .... done (Time = 0.00s, Memory = 0.0K)
Checking Rule HangingNetPreReq-ML for module prim_intr_hw (Rule 203 of total 292) .... done (Time = 0.00s, Memory = 0.0K)
Checking Rule RegInputOutput-ML for module prim_intr_hw (Rule 204 of total 292) .... done (Time = 0.00s, Memory = 0.0K)
Checking Rule STARC05-2.5.1.7 for module prim_intr_hw (Rule 205 of total 292) .... done (Time = 0.00s, Memory = 0.0K)
Checking Rule STARC05-2.5.1.9 for module prim_intr_hw (Rule 206 of total 292) .... done (Time = 0.00s, Memory = 0.0K)
Checking Rule PESVASETUP01 for module prim_intr_hw (Rule 194 of total 292) .... done (Time = 0.00s, Memory = 0.0K)
Checking Rule _cdc_save_license01 for module prim_intr_hw (Rule 195 of total 292) .... done (Time = 0.00s, Memory = 0.0K)
Checking Rule _syncResetStyleRTL for module prim_intr_hw (Rule 196 of total 292) .... done (Time = 0.00s, Memory = 0.0K)
Checking Rule _meta_delay01 for module prim_intr_hw (Rule 197 of total 292) .... done (Time = 0.00s, Memory = 0.0K)
Checking Rule Ac_svasetup01 for module prim_intr_hw (Rule 198 of total 292) .... done (Time = 0.00s, Memory = 0.0K)
Checking Rule Prereq_IntClock for module prim_intr_hw (Rule 199 of total 292) .... done (Time = 0.00s, Memory = 0.0K)
Checking Rule W336 for module prim_intr_hw (Rule 200 of total 292) .... done (Time = 0.00s, Memory = 0.0K)
Checking Rule W414 for module prim_intr_hw (Rule 201 of total 292) .... done (Time = 0.00s, Memory = 0.0K)
Checking Rule W450L for module prim_intr_hw (Rule 202 of total 292) .... done (Time = 0.00s, Memory = 0.0K)
Checking Rule HangingNetPreReq-ML for module prim_intr_hw (Rule 203 of total 292) .... done (Time = 0.00s, Memory = 0.0K)
Checking Rule RegInputOutput-ML for module prim_intr_hw (Rule 204 of total 292) .... done (Time = 0.00s, Memory = 0.0K)
Checking Rule STARC05-2.5.1.7 for module prim_intr_hw (Rule 205 of total 292) .... done (Time = 0.00s, Memory = 0.0K)
Checking Rule STARC05-2.5.1.9 for module prim_intr_hw (Rule 206 of total 292) .... done (Time = 0.00s, Memory = 0.0K)
Checking Rule PESVASETUP01 for module prim_fifo_sync_cnt (Rule 194 of total 292) .... done (Time = 0.00s, Memory = 0.0K)
Checking Rule _cdc_save_license01 for module prim_fifo_sync_cnt (Rule 195 of total 292) .... done (Time = 0.00s, Memory = 0.0K)
Checking Rule _syncResetStyleRTL for module prim_fifo_sync_cnt (Rule 196 of total 292) .... done (Time = 0.00s, Memory = 0.0K)
Checking Rule _meta_delay01 for module prim_fifo_sync_cnt (Rule 197 of total 292) .... done (Time = 0.00s, Memory = 0.0K)
Checking Rule Ac_svasetup01 for module prim_fifo_sync_cnt (Rule 198 of total 292) .... done (Time = 0.00s, Memory = 0.0K)
Checking Rule Prereq_IntClock for module prim_fifo_sync_cnt (Rule 199 of total 292) .... done (Time = 0.00s, Memory = 0.0K)
Checking Rule W336 for module prim_fifo_sync_cnt (Rule 200 of total 292) .... done (Time = 0.00s, Memory = 0.0K)
Checking Rule W414 for module prim_fifo_sync_cnt (Rule 201 of total 292) .... done (Time = 0.00s, Memory = 0.0K)
Checking Rule W450L for module prim_fifo_sync_cnt (Rule 202 of total 292) .... done (Time = 0.00s, Memory = 0.0K)
Checking Rule HangingNetPreReq-ML for module prim_fifo_sync_cnt (Rule 203 of total 292) .... done (Time = 0.00s, Memory = 0.0K)
Checking Rule RegInputOutput-ML for module prim_fifo_sync_cnt (Rule 204 of total 292) .... done (Time = 0.00s, Memory = 0.0K)
Checking Rule STARC05-2.5.1.7 for module prim_fifo_sync_cnt (Rule 205 of total 292) .... done (Time = 0.00s, Memory = 0.0K)
Checking Rule STARC05-2.5.1.9 for module prim_fifo_sync_cnt (Rule 206 of total 292) .... done (Time = 0.00s, Memory = 0.0K)
Checking Rule PESVASETUP01 for module prim_fifo_sync (Rule 194 of total 292) .... done (Time = 0.00s, Memory = 0.0K)
Checking Rule _cdc_save_license01 for module prim_fifo_sync (Rule 195 of total 292) .... done (Time = 0.00s, Memory = 0.0K)
Checking Rule _syncResetStyleRTL for module prim_fifo_sync (Rule 196 of total 292) .... done (Time = 0.00s, Memory = 0.0K)
Checking Rule _meta_delay01 for module prim_fifo_sync (Rule 197 of total 292) .... done (Time = 0.00s, Memory = 0.0K)
Checking Rule Ac_svasetup01 for module prim_fifo_sync (Rule 198 of total 292) .... done (Time = 0.00s, Memory = 0.0K)
Checking Rule Prereq_IntClock for module prim_fifo_sync (Rule 199 of total 292) .... done (Time = 0.00s, Memory = 0.0K)
Checking Rule W336 for module prim_fifo_sync (Rule 200 of total 292) .... done (Time = 0.00s, Memory = 0.0K)
Checking Rule W414 for module prim_fifo_sync (Rule 201 of total 292) .... done (Time = 0.00s, Memory = 0.0K)
Checking Rule W450L for module prim_fifo_sync (Rule 202 of total 292) .... done (Time = 0.00s, Memory = 0.0K)
Checking Rule HangingNetPreReq-ML for module prim_fifo_sync (Rule 203 of total 292) .... done (Time = 0.00s, Memory = 0.0K)
Checking Rule RegInputOutput-ML for module prim_fifo_sync (Rule 204 of total 292) .... done (Time = 0.00s, Memory = 0.0K)
Checking Rule STARC05-2.5.1.7 for module prim_fifo_sync (Rule 205 of total 292) .... done (Time = 0.00s, Memory = 0.0K)
Checking Rule STARC05-2.5.1.9 for module prim_fifo_sync (Rule 206 of total 292) .... done (Time = 0.00s, Memory = 0.0K)
Checking Rule PESVASETUP01 for module uart_rx (Rule 194 of total 292) .... done (Time = 0.00s, Memory = 0.0K)
Checking Rule _cdc_save_license01 for module uart_rx (Rule 195 of total 292) .... done (Time = 0.00s, Memory = 0.0K)
Checking Rule _syncResetStyleRTL for module uart_rx (Rule 196 of total 292) .... done (Time = 0.00s, Memory = 0.0K)
Checking Rule _meta_delay01 for module uart_rx (Rule 197 of total 292) .... done (Time = 0.00s, Memory = 0.0K)
Checking Rule Ac_svasetup01 for module uart_rx (Rule 198 of total 292) .... done (Time = 0.00s, Memory = 0.0K)
Checking Rule Prereq_IntClock for module uart_rx (Rule 199 of total 292) .... done (Time = 0.00s, Memory = 0.0K)
Checking Rule W336 for module uart_rx (Rule 200 of total 292) .... done (Time = 0.00s, Memory = 0.0K)
Checking Rule W414 for module uart_rx (Rule 201 of total 292) .... done (Time = 0.00s, Memory = 0.0K)
Checking Rule W450L for module uart_rx (Rule 202 of total 292) .... done (Time = 0.00s, Memory = 0.0K)
Checking Rule HangingNetPreReq-ML for module uart_rx (Rule 203 of total 292) .... done (Time = 0.00s, Memory = 0.0K)
Checking Rule RegInputOutput-ML for module uart_rx (Rule 204 of total 292) .... done (Time = 0.00s, Memory = 0.0K)
Checking Rule STARC05-2.5.1.7 for module uart_rx (Rule 205 of total 292) .... done (Time = 0.00s, Memory = 0.0K)
Checking Rule STARC05-2.5.1.9 for module uart_rx (Rule 206 of total 292) .... done (Time = 0.00s, Memory = 0.0K)
Checking Rule PESVASETUP01 for module uart_tx (Rule 194 of total 292) .... done (Time = 0.00s, Memory = 0.0K)
Checking Rule _cdc_save_license01 for module uart_tx (Rule 195 of total 292) .... done (Time = 0.00s, Memory = 0.0K)
Checking Rule _syncResetStyleRTL for module uart_tx (Rule 196 of total 292) .... done (Time = 0.00s, Memory = 0.0K)
Checking Rule _meta_delay01 for module uart_tx (Rule 197 of total 292) .... done (Time = 0.00s, Memory = 0.0K)
Checking Rule Ac_svasetup01 for module uart_tx (Rule 198 of total 292) .... done (Time = 0.00s, Memory = 0.0K)
Checking Rule Prereq_IntClock for module uart_tx (Rule 199 of total 292) .... done (Time = 0.00s, Memory = 0.0K)
Checking Rule W336 for module uart_tx (Rule 200 of total 292) .... done (Time = 0.00s, Memory = 0.0K)
Checking Rule W414 for module uart_tx (Rule 201 of total 292) .... done (Time = 0.00s, Memory = 0.0K)
Checking Rule W450L for module uart_tx (Rule 202 of total 292) .... done (Time = 0.00s, Memory = 0.0K)
Checking Rule HangingNetPreReq-ML for module uart_tx (Rule 203 of total 292) .... done (Time = 0.00s, Memory = 0.0K)
Checking Rule RegInputOutput-ML for module uart_tx (Rule 204 of total 292) .... done (Time = 0.00s, Memory = 0.0K)
Checking Rule STARC05-2.5.1.7 for module uart_tx (Rule 205 of total 292) .... done (Time = 0.00s, Memory = 0.0K)
Checking Rule STARC05-2.5.1.9 for module uart_tx (Rule 206 of total 292) .... done (Time = 0.00s, Memory = 0.0K)
Checking Rule PESVASETUP01 for module prim_fifo_sync_cnt (Rule 194 of total 292) .... done (Time = 0.00s, Memory = 0.0K)
Checking Rule _cdc_save_license01 for module prim_fifo_sync_cnt (Rule 195 of total 292) .... done (Time = 0.00s, Memory = 0.0K)
Checking Rule _syncResetStyleRTL for module prim_fifo_sync_cnt (Rule 196 of total 292) .... done (Time = 0.00s, Memory = 0.0K)
Checking Rule _meta_delay01 for module prim_fifo_sync_cnt (Rule 197 of total 292) .... done (Time = 0.00s, Memory = 0.0K)
Checking Rule Ac_svasetup01 for module prim_fifo_sync_cnt (Rule 198 of total 292) .... done (Time = 0.00s, Memory = 0.0K)
Checking Rule Prereq_IntClock for module prim_fifo_sync_cnt (Rule 199 of total 292) .... done (Time = 0.00s, Memory = 0.0K)
Checking Rule W336 for module prim_fifo_sync_cnt (Rule 200 of total 292) .... done (Time = 0.00s, Memory = 0.0K)
Checking Rule W414 for module prim_fifo_sync_cnt (Rule 201 of total 292) .... done (Time = 0.00s, Memory = 0.0K)
Checking Rule W450L for module prim_fifo_sync_cnt (Rule 202 of total 292) .... done (Time = 0.00s, Memory = 0.0K)
Checking Rule HangingNetPreReq-ML for module prim_fifo_sync_cnt (Rule 203 of total 292) .... done (Time = 0.00s, Memory = 0.0K)
Checking Rule RegInputOutput-ML for module prim_fifo_sync_cnt (Rule 204 of total 292) .... done (Time = 0.00s, Memory = 0.0K)
Checking Rule STARC05-2.5.1.7 for module prim_fifo_sync_cnt (Rule 205 of total 292) .... done (Time = 0.00s, Memory = 0.0K)
Checking Rule STARC05-2.5.1.9 for module prim_fifo_sync_cnt (Rule 206 of total 292) .... done (Time = 0.00s, Memory = 0.0K)
Checking Rule PESVASETUP01 for module prim_fifo_sync (Rule 194 of total 292) .... done (Time = 0.00s, Memory = 0.0K)
Checking Rule _cdc_save_license01 for module prim_fifo_sync (Rule 195 of total 292) .... done (Time = 0.00s, Memory = 0.0K)
Checking Rule _syncResetStyleRTL for module prim_fifo_sync (Rule 196 of total 292) .... done (Time = 0.00s, Memory = 0.0K)
Checking Rule _meta_delay01 for module prim_fifo_sync (Rule 197 of total 292) .... done (Time = 0.00s, Memory = 0.0K)
Checking Rule Ac_svasetup01 for module prim_fifo_sync (Rule 198 of total 292) .... done (Time = 0.00s, Memory = 0.0K)
Checking Rule Prereq_IntClock for module prim_fifo_sync (Rule 199 of total 292) .... done (Time = 0.00s, Memory = 0.0K)
Checking Rule W336 for module prim_fifo_sync (Rule 200 of total 292) .... done (Time = 0.00s, Memory = 0.0K)
Checking Rule W414 for module prim_fifo_sync (Rule 201 of total 292) .... done (Time = 0.00s, Memory = 0.0K)
Checking Rule W450L for module prim_fifo_sync (Rule 202 of total 292) .... done (Time = 0.00s, Memory = 0.0K)
Checking Rule HangingNetPreReq-ML for module prim_fifo_sync (Rule 203 of total 292) .... done (Time = 0.00s, Memory = 0.0K)
Checking Rule RegInputOutput-ML for module prim_fifo_sync (Rule 204 of total 292) .... done (Time = 0.00s, Memory = 0.0K)
Checking Rule STARC05-2.5.1.7 for module prim_fifo_sync (Rule 205 of total 292) .... done (Time = 0.00s, Memory = 0.0K)
Checking Rule STARC05-2.5.1.9 for module prim_fifo_sync (Rule 206 of total 292) .... done (Time = 0.00s, Memory = 0.0K)
Checking Rule PESVASETUP01 for module uart_core (Rule 194 of total 292) .... done (Time = 0.00s, Memory = 0.0K)
Checking Rule _cdc_save_license01 for module uart_core (Rule 195 of total 292) .... done (Time = 0.00s, Memory = 0.0K)
Checking Rule _syncResetStyleRTL for module uart_core (Rule 196 of total 292) .... done (Time = 0.00s, Memory = 0.0K)
Checking Rule _meta_delay01 for module uart_core (Rule 197 of total 292) .... done (Time = 0.00s, Memory = 0.0K)
Checking Rule Ac_svasetup01 for module uart_core (Rule 198 of total 292) .... done (Time = 0.00s, Memory = 0.0K)
Checking Rule Prereq_IntClock for module uart_core (Rule 199 of total 292) .... done (Time = 0.00s, Memory = 0.0K)
Checking Rule W336 for module uart_core (Rule 200 of total 292) .... done (Time = 0.00s, Memory = 0.0K)
Checking Rule W414 for module uart_core (Rule 201 of total 292) .... done (Time = 0.00s, Memory = 0.0K)
Checking Rule W450L for module uart_core (Rule 202 of total 292) .... done (Time = 0.00s, Memory = 0.0K)
Checking Rule HangingNetPreReq-ML for module uart_core (Rule 203 of total 292) .... done (Time = 0.00s, Memory = 0.0K)
Checking Rule RegInputOutput-ML for module uart_core (Rule 204 of total 292) .... done (Time = 0.00s, Memory = 0.0K)
Checking Rule STARC05-2.5.1.7 for module uart_core (Rule 205 of total 292) .... done (Time = 0.00s, Memory = 0.0K)
Checking Rule STARC05-2.5.1.9 for module uart_core (Rule 206 of total 292) .... done (Time = 0.00s, Memory = 0.0K)
Checking Rule PESVASETUP01 for module prim_subreg_arb (Rule 194 of total 292) .... done (Time = 0.00s, Memory = 0.0K)
Checking Rule _cdc_save_license01 for module prim_subreg_arb (Rule 195 of total 292) .... done (Time = 0.00s, Memory = 0.0K)
Checking Rule _syncResetStyleRTL for module prim_subreg_arb (Rule 196 of total 292) .... done (Time = 0.00s, Memory = 0.0K)
Checking Rule _meta_delay01 for module prim_subreg_arb (Rule 197 of total 292) .... done (Time = 0.00s, Memory = 0.0K)
Checking Rule Ac_svasetup01 for module prim_subreg_arb (Rule 198 of total 292) .... done (Time = 0.00s, Memory = 0.0K)
Checking Rule Prereq_IntClock for module prim_subreg_arb (Rule 199 of total 292) .... done (Time = 0.00s, Memory = 0.0K)
Checking Rule W336 for module prim_subreg_arb (Rule 200 of total 292) .... done (Time = 0.00s, Memory = 0.0K)
Checking Rule W414 for module prim_subreg_arb (Rule 201 of total 292) .... done (Time = 0.00s, Memory = 0.0K)
Checking Rule W450L for module prim_subreg_arb (Rule 202 of total 292) .... done (Time = 0.00s, Memory = 0.0K)
Checking Rule HangingNetPreReq-ML for module prim_subreg_arb (Rule 203 of total 292) .... done (Time = 0.00s, Memory = 0.0K)
Checking Rule RegInputOutput-ML for module prim_subreg_arb (Rule 204 of total 292) .... done (Time = 0.00s, Memory = 0.0K)
Checking Rule STARC05-2.5.1.7 for module prim_subreg_arb (Rule 205 of total 292) .... done (Time = 0.00s, Memory = 0.0K)
Checking Rule STARC05-2.5.1.9 for module prim_subreg_arb (Rule 206 of total 292) .... done (Time = 0.00s, Memory = 0.0K)
Checking Rule PESVASETUP01 for module prim_subreg (Rule 194 of total 292) .... done (Time = 0.00s, Memory = 0.0K)
Checking Rule _cdc_save_license01 for module prim_subreg (Rule 195 of total 292) .... done (Time = 0.00s, Memory = 0.0K)
Checking Rule _syncResetStyleRTL for module prim_subreg (Rule 196 of total 292) .... done (Time = 0.00s, Memory = 0.0K)
Checking Rule _meta_delay01 for module prim_subreg (Rule 197 of total 292) .... done (Time = 0.00s, Memory = 0.0K)
Checking Rule Ac_svasetup01 for module prim_subreg (Rule 198 of total 292) .... done (Time = 0.00s, Memory = 0.0K)
Checking Rule Prereq_IntClock for module prim_subreg (Rule 199 of total 292) .... done (Time = 0.00s, Memory = 0.0K)
Checking Rule W336 for module prim_subreg (Rule 200 of total 292) .... done (Time = 0.00s, Memory = 0.0K)
Checking Rule W414 for module prim_subreg (Rule 201 of total 292) .... done (Time = 0.00s, Memory = 0.0K)
Checking Rule W450L for module prim_subreg (Rule 202 of total 292) .... done (Time = 0.00s, Memory = 0.0K)
Checking Rule HangingNetPreReq-ML for module prim_subreg (Rule 203 of total 292) .... done (Time = 0.00s, Memory = 0.0K)
Checking Rule RegInputOutput-ML for module prim_subreg (Rule 204 of total 292) .... done (Time = 0.00s, Memory = 0.0K)
Checking Rule STARC05-2.5.1.7 for module prim_subreg (Rule 205 of total 292) .... done (Time = 0.00s, Memory = 0.0K)
Checking Rule STARC05-2.5.1.9 for module prim_subreg (Rule 206 of total 292) .... done (Time = 0.00s, Memory = 0.0K)
Checking Rule PESVASETUP01 for module prim_subreg_arb (Rule 194 of total 292) .... done (Time = 0.00s, Memory = 0.0K)
Checking Rule _cdc_save_license01 for module prim_subreg_arb (Rule 195 of total 292) .... done (Time = 0.00s, Memory = 0.0K)
Checking Rule _syncResetStyleRTL for module prim_subreg_arb (Rule 196 of total 292) .... done (Time = 0.00s, Memory = 0.0K)
Checking Rule _meta_delay01 for module prim_subreg_arb (Rule 197 of total 292) .... done (Time = 0.00s, Memory = 0.0K)
Checking Rule Ac_svasetup01 for module prim_subreg_arb (Rule 198 of total 292) .... done (Time = 0.00s, Memory = 0.0K)
Checking Rule Prereq_IntClock for module prim_subreg_arb (Rule 199 of total 292) .... done (Time = 0.00s, Memory = 0.0K)
Checking Rule W336 for module prim_subreg_arb (Rule 200 of total 292) .... done (Time = 0.00s, Memory = 0.0K)
Checking Rule W414 for module prim_subreg_arb (Rule 201 of total 292) .... done (Time = 0.00s, Memory = 0.0K)
Checking Rule W450L for module prim_subreg_arb (Rule 202 of total 292) .... done (Time = 0.00s, Memory = 0.0K)
Checking Rule HangingNetPreReq-ML for module prim_subreg_arb (Rule 203 of total 292) .... done (Time = 0.00s, Memory = 0.0K)
Checking Rule RegInputOutput-ML for module prim_subreg_arb (Rule 204 of total 292) .... done (Time = 0.00s, Memory = 0.0K)
Checking Rule STARC05-2.5.1.7 for module prim_subreg_arb (Rule 205 of total 292) .... done (Time = 0.00s, Memory = 0.0K)
Checking Rule STARC05-2.5.1.9 for module prim_subreg_arb (Rule 206 of total 292) .... done (Time = 0.00s, Memory = 0.0K)
Checking Rule PESVASETUP01 for module prim_subreg (Rule 194 of total 292) .... done (Time = 0.00s, Memory = 0.0K)
Checking Rule _cdc_save_license01 for module prim_subreg (Rule 195 of total 292) .... done (Time = 0.00s, Memory = 0.0K)
Checking Rule _syncResetStyleRTL for module prim_subreg (Rule 196 of total 292) .... done (Time = 0.00s, Memory = 0.0K)
Checking Rule _meta_delay01 for module prim_subreg (Rule 197 of total 292) .... done (Time = 0.00s, Memory = 0.0K)
Checking Rule Ac_svasetup01 for module prim_subreg (Rule 198 of total 292) .... done (Time = 0.00s, Memory = 0.0K)
Checking Rule Prereq_IntClock for module prim_subreg (Rule 199 of total 292) .... done (Time = 0.00s, Memory = 0.0K)
Checking Rule W336 for module prim_subreg (Rule 200 of total 292) .... done (Time = 0.00s, Memory = 0.0K)
Checking Rule W414 for module prim_subreg (Rule 201 of total 292) .... done (Time = 0.00s, Memory = 0.0K)
Checking Rule W450L for module prim_subreg (Rule 202 of total 292) .... done (Time = 0.00s, Memory = 0.0K)
Checking Rule HangingNetPreReq-ML for module prim_subreg (Rule 203 of total 292) .... done (Time = 0.00s, Memory = 0.0K)
Checking Rule RegInputOutput-ML for module prim_subreg (Rule 204 of total 292) .... done (Time = 0.00s, Memory = 0.0K)
Checking Rule STARC05-2.5.1.7 for module prim_subreg (Rule 205 of total 292) .... done (Time = 0.00s, Memory = 0.0K)
Checking Rule STARC05-2.5.1.9 for module prim_subreg (Rule 206 of total 292) .... done (Time = 0.00s, Memory = 0.0K)
Checking Rule PESVASETUP01 for module prim_subreg_ext (Rule 194 of total 292) .... done (Time = 0.00s, Memory = 0.0K)
Checking Rule _cdc_save_license01 for module prim_subreg_ext (Rule 195 of total 292) .... done (Time = 0.00s, Memory = 0.0K)
Checking Rule _syncResetStyleRTL for module prim_subreg_ext (Rule 196 of total 292) .... done (Time = 0.00s, Memory = 0.0K)
Checking Rule _meta_delay01 for module prim_subreg_ext (Rule 197 of total 292) .... done (Time = 0.00s, Memory = 0.0K)
Checking Rule Ac_svasetup01 for module prim_subreg_ext (Rule 198 of total 292) .... done (Time = 0.00s, Memory = 0.0K)
Checking Rule Prereq_IntClock for module prim_subreg_ext (Rule 199 of total 292) .... done (Time = 0.00s, Memory = 0.0K)
Checking Rule W336 for module prim_subreg_ext (Rule 200 of total 292) .... done (Time = 0.00s, Memory = 0.0K)
Checking Rule W414 for module prim_subreg_ext (Rule 201 of total 292) .... done (Time = 0.00s, Memory = 0.0K)
Checking Rule W450L for module prim_subreg_ext (Rule 202 of total 292) .... done (Time = 0.00s, Memory = 0.0K)
Checking Rule HangingNetPreReq-ML for module prim_subreg_ext (Rule 203 of total 292) .... done (Time = 0.00s, Memory = 0.0K)
Checking Rule RegInputOutput-ML for module prim_subreg_ext (Rule 204 of total 292) .... done (Time = 0.00s, Memory = 0.0K)
Checking Rule STARC05-2.5.1.7 for module prim_subreg_ext (Rule 205 of total 292) .... done (Time = 0.00s, Memory = 0.0K)
Checking Rule STARC05-2.5.1.9 for module prim_subreg_ext (Rule 206 of total 292) .... done (Time = 0.00s, Memory = 0.0K)
Checking Rule PESVASETUP01 for module prim_subreg_ext (Rule 194 of total 292) .... done (Time = 0.00s, Memory = 0.0K)
Checking Rule _cdc_save_license01 for module prim_subreg_ext (Rule 195 of total 292) .... done (Time = 0.00s, Memory = 0.0K)
Checking Rule _syncResetStyleRTL for module prim_subreg_ext (Rule 196 of total 292) .... done (Time = 0.00s, Memory = 0.0K)
Checking Rule _meta_delay01 for module prim_subreg_ext (Rule 197 of total 292) .... done (Time = 0.00s, Memory = 0.0K)
Checking Rule Ac_svasetup01 for module prim_subreg_ext (Rule 198 of total 292) .... done (Time = 0.00s, Memory = 0.0K)
Checking Rule Prereq_IntClock for module prim_subreg_ext (Rule 199 of total 292) .... done (Time = 0.00s, Memory = 0.0K)
Checking Rule W336 for module prim_subreg_ext (Rule 200 of total 292) .... done (Time = 0.00s, Memory = 0.0K)
Checking Rule W414 for module prim_subreg_ext (Rule 201 of total 292) .... done (Time = 0.00s, Memory = 0.0K)
Checking Rule W450L for module prim_subreg_ext (Rule 202 of total 292) .... done (Time = 0.00s, Memory = 0.0K)
Checking Rule HangingNetPreReq-ML for module prim_subreg_ext (Rule 203 of total 292) .... done (Time = 0.00s, Memory = 0.0K)
Checking Rule RegInputOutput-ML for module prim_subreg_ext (Rule 204 of total 292) .... done (Time = 0.00s, Memory = 0.0K)
Checking Rule STARC05-2.5.1.7 for module prim_subreg_ext (Rule 205 of total 292) .... done (Time = 0.00s, Memory = 0.0K)
Checking Rule STARC05-2.5.1.9 for module prim_subreg_ext (Rule 206 of total 292) .... done (Time = 0.00s, Memory = 0.0K)
Checking Rule PESVASETUP01 for module prim_subreg_arb (Rule 194 of total 292) .... done (Time = 0.00s, Memory = 0.0K)
Checking Rule _cdc_save_license01 for module prim_subreg_arb (Rule 195 of total 292) .... done (Time = 0.00s, Memory = 0.0K)
Checking Rule _syncResetStyleRTL for module prim_subreg_arb (Rule 196 of total 292) .... done (Time = 0.00s, Memory = 0.0K)
Checking Rule _meta_delay01 for module prim_subreg_arb (Rule 197 of total 292) .... done (Time = 0.00s, Memory = 0.0K)
Checking Rule Ac_svasetup01 for module prim_subreg_arb (Rule 198 of total 292) .... done (Time = 0.00s, Memory = 0.0K)
Checking Rule Prereq_IntClock for module prim_subreg_arb (Rule 199 of total 292) .... done (Time = 0.00s, Memory = 0.0K)
Checking Rule W336 for module prim_subreg_arb (Rule 200 of total 292) .... done (Time = 0.00s, Memory = 0.0K)
Checking Rule W414 for module prim_subreg_arb (Rule 201 of total 292) .... done (Time = 0.00s, Memory = 0.0K)
Checking Rule W450L for module prim_subreg_arb (Rule 202 of total 292) .... done (Time = 0.00s, Memory = 0.0K)
Checking Rule HangingNetPreReq-ML for module prim_subreg_arb (Rule 203 of total 292) .... done (Time = 0.00s, Memory = 0.0K)
Checking Rule RegInputOutput-ML for module prim_subreg_arb (Rule 204 of total 292) .... done (Time = 0.00s, Memory = 0.0K)
Checking Rule STARC05-2.5.1.7 for module prim_subreg_arb (Rule 205 of total 292) .... done (Time = 0.00s, Memory = 0.0K)
Checking Rule STARC05-2.5.1.9 for module prim_subreg_arb (Rule 206 of total 292) .... done (Time = 0.00s, Memory = 0.0K)
Checking Rule PESVASETUP01 for module prim_subreg (Rule 194 of total 292) .... done (Time = 0.00s, Memory = 0.0K)
Checking Rule _cdc_save_license01 for module prim_subreg (Rule 195 of total 292) .... done (Time = 0.00s, Memory = 0.0K)
Checking Rule _syncResetStyleRTL for module prim_subreg (Rule 196 of total 292) .... done (Time = 0.00s, Memory = 0.0K)
Checking Rule _meta_delay01 for module prim_subreg (Rule 197 of total 292) .... done (Time = 0.00s, Memory = 0.0K)
Checking Rule Ac_svasetup01 for module prim_subreg (Rule 198 of total 292) .... done (Time = 0.00s, Memory = 0.0K)
Checking Rule Prereq_IntClock for module prim_subreg (Rule 199 of total 292) .... done (Time = 0.00s, Memory = 0.0K)
Checking Rule W336 for module prim_subreg (Rule 200 of total 292) .... done (Time = 0.00s, Memory = 0.0K)
Checking Rule W414 for module prim_subreg (Rule 201 of total 292) .... done (Time = 0.00s, Memory = 0.0K)
Checking Rule W450L for module prim_subreg (Rule 202 of total 292) .... done (Time = 0.00s, Memory = 0.0K)
Checking Rule HangingNetPreReq-ML for module prim_subreg (Rule 203 of total 292) .... done (Time = 0.00s, Memory = 0.0K)
Checking Rule RegInputOutput-ML for module prim_subreg (Rule 204 of total 292) .... done (Time = 0.00s, Memory = 0.0K)
Checking Rule STARC05-2.5.1.7 for module prim_subreg (Rule 205 of total 292) .... done (Time = 0.00s, Memory = 0.0K)
Checking Rule STARC05-2.5.1.9 for module prim_subreg (Rule 206 of total 292) .... done (Time = 0.00s, Memory = 0.0K)
Checking Rule PESVASETUP01 for module prim_subreg_arb (Rule 194 of total 292) .... done (Time = 0.00s, Memory = 0.0K)
Checking Rule _cdc_save_license01 for module prim_subreg_arb (Rule 195 of total 292) .... done (Time = 0.00s, Memory = 0.0K)
Checking Rule _syncResetStyleRTL for module prim_subreg_arb (Rule 196 of total 292) .... done (Time = 0.00s, Memory = 0.0K)
Checking Rule _meta_delay01 for module prim_subreg_arb (Rule 197 of total 292) .... done (Time = 0.00s, Memory = 0.0K)
Checking Rule Ac_svasetup01 for module prim_subreg_arb (Rule 198 of total 292) .... done (Time = 0.00s, Memory = 0.0K)
Checking Rule Prereq_IntClock for module prim_subreg_arb (Rule 199 of total 292) .... done (Time = 0.00s, Memory = 0.0K)
Checking Rule W336 for module prim_subreg_arb (Rule 200 of total 292) .... done (Time = 0.00s, Memory = 0.0K)
Checking Rule W414 for module prim_subreg_arb (Rule 201 of total 292) .... done (Time = 0.00s, Memory = 0.0K)
Checking Rule W450L for module prim_subreg_arb (Rule 202 of total 292) .... done (Time = 0.00s, Memory = 0.0K)
Checking Rule HangingNetPreReq-ML for module prim_subreg_arb (Rule 203 of total 292) .... done (Time = 0.00s, Memory = 0.0K)
Checking Rule RegInputOutput-ML for module prim_subreg_arb (Rule 204 of total 292) .... done (Time = 0.00s, Memory = 0.0K)
Checking Rule STARC05-2.5.1.7 for module prim_subreg_arb (Rule 205 of total 292) .... done (Time = 0.00s, Memory = 0.0K)
Checking Rule STARC05-2.5.1.9 for module prim_subreg_arb (Rule 206 of total 292) .... done (Time = 0.00s, Memory = 0.0K)
Checking Rule PESVASETUP01 for module prim_subreg (Rule 194 of total 292) .... done (Time = 0.00s, Memory = 0.0K)
Checking Rule _cdc_save_license01 for module prim_subreg (Rule 195 of total 292) .... done (Time = 0.00s, Memory = 0.0K)
Checking Rule _syncResetStyleRTL for module prim_subreg (Rule 196 of total 292) .... done (Time = 0.00s, Memory = 0.0K)
Checking Rule _meta_delay01 for module prim_subreg (Rule 197 of total 292) .... done (Time = 0.00s, Memory = 0.0K)
Checking Rule Ac_svasetup01 for module prim_subreg (Rule 198 of total 292) .... done (Time = 0.00s, Memory = 0.0K)
Checking Rule Prereq_IntClock for module prim_subreg (Rule 199 of total 292) .... done (Time = 0.00s, Memory = 0.0K)
Checking Rule W336 for module prim_subreg (Rule 200 of total 292) .... done (Time = 0.00s, Memory = 0.0K)
Checking Rule W414 for module prim_subreg (Rule 201 of total 292) .... done (Time = 0.00s, Memory = 0.0K)
Checking Rule W450L for module prim_subreg (Rule 202 of total 292) .... done (Time = 0.00s, Memory = 0.0K)
Checking Rule HangingNetPreReq-ML for module prim_subreg (Rule 203 of total 292) .... done (Time = 0.00s, Memory = 0.0K)
Checking Rule RegInputOutput-ML for module prim_subreg (Rule 204 of total 292) .... done (Time = 0.00s, Memory = 0.0K)
Checking Rule STARC05-2.5.1.7 for module prim_subreg (Rule 205 of total 292) .... done (Time = 0.00s, Memory = 0.0K)
Checking Rule STARC05-2.5.1.9 for module prim_subreg (Rule 206 of total 292) .... done (Time = 0.00s, Memory = 0.0K)
Checking Rule PESVASETUP01 for module prim_subreg_arb (Rule 194 of total 292) .... done (Time = 0.00s, Memory = 0.0K)
Checking Rule _cdc_save_license01 for module prim_subreg_arb (Rule 195 of total 292) .... done (Time = 0.00s, Memory = 0.0K)
Checking Rule _syncResetStyleRTL for module prim_subreg_arb (Rule 196 of total 292) .... done (Time = 0.00s, Memory = 0.0K)
Checking Rule _meta_delay01 for module prim_subreg_arb (Rule 197 of total 292) .... done (Time = 0.00s, Memory = 0.0K)
Checking Rule Ac_svasetup01 for module prim_subreg_arb (Rule 198 of total 292) .... done (Time = 0.00s, Memory = 0.0K)
Checking Rule Prereq_IntClock for module prim_subreg_arb (Rule 199 of total 292) .... done (Time = 0.00s, Memory = 0.0K)
Checking Rule W336 for module prim_subreg_arb (Rule 200 of total 292) .... done (Time = 0.00s, Memory = 0.0K)
Checking Rule W414 for module prim_subreg_arb (Rule 201 of total 292) .... done (Time = 0.00s, Memory = 0.0K)
Checking Rule W450L for module prim_subreg_arb (Rule 202 of total 292) .... done (Time = 0.00s, Memory = 0.0K)
Checking Rule HangingNetPreReq-ML for module prim_subreg_arb (Rule 203 of total 292) .... done (Time = 0.00s, Memory = 0.0K)
Checking Rule RegInputOutput-ML for module prim_subreg_arb (Rule 204 of total 292) .... done (Time = 0.00s, Memory = 0.0K)
Checking Rule STARC05-2.5.1.7 for module prim_subreg_arb (Rule 205 of total 292) .... done (Time = 0.00s, Memory = 0.0K)
Checking Rule STARC05-2.5.1.9 for module prim_subreg_arb (Rule 206 of total 292) .... done (Time = 0.00s, Memory = 0.0K)
Checking Rule PESVASETUP01 for module prim_subreg (Rule 194 of total 292) .... done (Time = 0.00s, Memory = 0.0K)
Checking Rule _cdc_save_license01 for module prim_subreg (Rule 195 of total 292) .... done (Time = 0.00s, Memory = 0.0K)
Checking Rule _syncResetStyleRTL for module prim_subreg (Rule 196 of total 292) .... done (Time = 0.00s, Memory = 0.0K)
Checking Rule _meta_delay01 for module prim_subreg (Rule 197 of total 292) .... done (Time = 0.00s, Memory = 0.0K)
Checking Rule Ac_svasetup01 for module prim_subreg (Rule 198 of total 292) .... done (Time = 0.00s, Memory = 0.0K)
Checking Rule Prereq_IntClock for module prim_subreg (Rule 199 of total 292) .... done (Time = 0.00s, Memory = 0.0K)
Checking Rule W336 for module prim_subreg (Rule 200 of total 292) .... done (Time = 0.00s, Memory = 0.0K)
Checking Rule W414 for module prim_subreg (Rule 201 of total 292) .... done (Time = 0.00s, Memory = 0.0K)
Checking Rule W450L for module prim_subreg (Rule 202 of total 292) .... done (Time = 0.00s, Memory = 0.0K)
Checking Rule HangingNetPreReq-ML for module prim_subreg (Rule 203 of total 292) .... done (Time = 0.00s, Memory = 0.0K)
Checking Rule RegInputOutput-ML for module prim_subreg (Rule 204 of total 292) .... done (Time = 0.00s, Memory = 0.0K)
Checking Rule STARC05-2.5.1.7 for module prim_subreg (Rule 205 of total 292) .... done (Time = 0.00s, Memory = 0.0K)
Checking Rule STARC05-2.5.1.9 for module prim_subreg (Rule 206 of total 292) .... done (Time = 0.00s, Memory = 0.0K)
Checking Rule PESVASETUP01 for module prim_subreg_ext (Rule 194 of total 292) .... done (Time = 0.00s, Memory = 0.0K)
Checking Rule _cdc_save_license01 for module prim_subreg_ext (Rule 195 of total 292) .... done (Time = 0.00s, Memory = 0.0K)
Checking Rule _syncResetStyleRTL for module prim_subreg_ext (Rule 196 of total 292) .... done (Time = 0.00s, Memory = 0.0K)
Checking Rule _meta_delay01 for module prim_subreg_ext (Rule 197 of total 292) .... done (Time = 0.00s, Memory = 0.0K)
Checking Rule Ac_svasetup01 for module prim_subreg_ext (Rule 198 of total 292) .... done (Time = 0.00s, Memory = 0.0K)
Checking Rule Prereq_IntClock for module prim_subreg_ext (Rule 199 of total 292) .... done (Time = 0.00s, Memory = 0.0K)
Checking Rule W336 for module prim_subreg_ext (Rule 200 of total 292) .... done (Time = 0.00s, Memory = 0.0K)
Checking Rule W414 for module prim_subreg_ext (Rule 201 of total 292) .... done (Time = 0.00s, Memory = 0.0K)
Checking Rule W450L for module prim_subreg_ext (Rule 202 of total 292) .... done (Time = 0.00s, Memory = 0.0K)
Checking Rule HangingNetPreReq-ML for module prim_subreg_ext (Rule 203 of total 292) .... done (Time = 0.00s, Memory = 0.0K)
Checking Rule RegInputOutput-ML for module prim_subreg_ext (Rule 204 of total 292) .... done (Time = 0.00s, Memory = 0.0K)
Checking Rule STARC05-2.5.1.7 for module prim_subreg_ext (Rule 205 of total 292) .... done (Time = 0.00s, Memory = 0.0K)
Checking Rule STARC05-2.5.1.9 for module prim_subreg_ext (Rule 206 of total 292) .... done (Time = 0.00s, Memory = 0.0K)
Checking Rule PESVASETUP01 for module prim_subreg_arb (Rule 194 of total 292) .... done (Time = 0.00s, Memory = 0.0K)
Checking Rule _cdc_save_license01 for module prim_subreg_arb (Rule 195 of total 292) .... done (Time = 0.00s, Memory = 0.0K)
Checking Rule _syncResetStyleRTL for module prim_subreg_arb (Rule 196 of total 292) .... done (Time = 0.00s, Memory = 0.0K)
Checking Rule _meta_delay01 for module prim_subreg_arb (Rule 197 of total 292) .... done (Time = 0.00s, Memory = 0.0K)
Checking Rule Ac_svasetup01 for module prim_subreg_arb (Rule 198 of total 292) .... done (Time = 0.00s, Memory = 0.0K)
Checking Rule Prereq_IntClock for module prim_subreg_arb (Rule 199 of total 292) .... done (Time = 0.00s, Memory = 0.0K)
Checking Rule W336 for module prim_subreg_arb (Rule 200 of total 292) .... done (Time = 0.00s, Memory = 0.0K)
Checking Rule W414 for module prim_subreg_arb (Rule 201 of total 292) .... done (Time = 0.00s, Memory = 0.0K)
Checking Rule W450L for module prim_subreg_arb (Rule 202 of total 292) .... done (Time = 0.00s, Memory = 0.0K)
Checking Rule HangingNetPreReq-ML for module prim_subreg_arb (Rule 203 of total 292) .... done (Time = 0.00s, Memory = 0.0K)
Checking Rule RegInputOutput-ML for module prim_subreg_arb (Rule 204 of total 292) .... done (Time = 0.00s, Memory = 0.0K)
Checking Rule STARC05-2.5.1.7 for module prim_subreg_arb (Rule 205 of total 292) .... done (Time = 0.00s, Memory = 0.0K)
Checking Rule STARC05-2.5.1.9 for module prim_subreg_arb (Rule 206 of total 292) .... done (Time = 0.00s, Memory = 0.0K)
Checking Rule PESVASETUP01 for module prim_subreg (Rule 194 of total 292) .... done (Time = 0.00s, Memory = 0.0K)
Checking Rule _cdc_save_license01 for module prim_subreg (Rule 195 of total 292) .... done (Time = 0.00s, Memory = 0.0K)
Checking Rule _syncResetStyleRTL for module prim_subreg (Rule 196 of total 292) .... done (Time = 0.00s, Memory = 0.0K)
Checking Rule _meta_delay01 for module prim_subreg (Rule 197 of total 292) .... done (Time = 0.00s, Memory = 0.0K)
Checking Rule Ac_svasetup01 for module prim_subreg (Rule 198 of total 292) .... done (Time = 0.00s, Memory = 0.0K)
Checking Rule Prereq_IntClock for module prim_subreg (Rule 199 of total 292) .... done (Time = 0.00s, Memory = 0.0K)
Checking Rule W336 for module prim_subreg (Rule 200 of total 292) .... done (Time = 0.00s, Memory = 0.0K)
Checking Rule W414 for module prim_subreg (Rule 201 of total 292) .... done (Time = 0.00s, Memory = 0.0K)
Checking Rule W450L for module prim_subreg (Rule 202 of total 292) .... done (Time = 0.00s, Memory = 0.0K)
Checking Rule HangingNetPreReq-ML for module prim_subreg (Rule 203 of total 292) .... done (Time = 0.00s, Memory = 0.0K)
Checking Rule RegInputOutput-ML for module prim_subreg (Rule 204 of total 292) .... done (Time = 0.00s, Memory = 0.0K)
Checking Rule STARC05-2.5.1.7 for module prim_subreg (Rule 205 of total 292) .... done (Time = 0.00s, Memory = 0.0K)
Checking Rule STARC05-2.5.1.9 for module prim_subreg (Rule 206 of total 292) .... done (Time = 0.00s, Memory = 0.0K)
Checking Rule PESVASETUP01 for module prim_subreg_arb (Rule 194 of total 292) .... done (Time = 0.00s, Memory = 0.0K)
Checking Rule _cdc_save_license01 for module prim_subreg_arb (Rule 195 of total 292) .... done (Time = 0.00s, Memory = 0.0K)
Checking Rule _syncResetStyleRTL for module prim_subreg_arb (Rule 196 of total 292) .... done (Time = 0.00s, Memory = 0.0K)
Checking Rule _meta_delay01 for module prim_subreg_arb (Rule 197 of total 292) .... done (Time = 0.00s, Memory = 0.0K)
Checking Rule Ac_svasetup01 for module prim_subreg_arb (Rule 198 of total 292) .... done (Time = 0.00s, Memory = 0.0K)
Checking Rule Prereq_IntClock for module prim_subreg_arb (Rule 199 of total 292) .... done (Time = 0.00s, Memory = 0.0K)
Checking Rule W336 for module prim_subreg_arb (Rule 200 of total 292) .... done (Time = 0.00s, Memory = 0.0K)
Checking Rule W414 for module prim_subreg_arb (Rule 201 of total 292) .... done (Time = 0.00s, Memory = 0.0K)
Checking Rule W450L for module prim_subreg_arb (Rule 202 of total 292) .... done (Time = 0.00s, Memory = 0.0K)
Checking Rule HangingNetPreReq-ML for module prim_subreg_arb (Rule 203 of total 292) .... done (Time = 0.00s, Memory = 0.0K)
Checking Rule RegInputOutput-ML for module prim_subreg_arb (Rule 204 of total 292) .... done (Time = 0.00s, Memory = 0.0K)
Checking Rule STARC05-2.5.1.7 for module prim_subreg_arb (Rule 205 of total 292) .... done (Time = 0.00s, Memory = 0.0K)
Checking Rule STARC05-2.5.1.9 for module prim_subreg_arb (Rule 206 of total 292) .... done (Time = 0.00s, Memory = 0.0K)
Checking Rule PESVASETUP01 for module prim_subreg (Rule 194 of total 292) .... done (Time = 0.00s, Memory = 0.0K)
Checking Rule _cdc_save_license01 for module prim_subreg (Rule 195 of total 292) .... done (Time = 0.00s, Memory = 0.0K)
Checking Rule _syncResetStyleRTL for module prim_subreg (Rule 196 of total 292) .... done (Time = 0.00s, Memory = 0.0K)
Checking Rule _meta_delay01 for module prim_subreg (Rule 197 of total 292) .... done (Time = 0.00s, Memory = 0.0K)
Checking Rule Ac_svasetup01 for module prim_subreg (Rule 198 of total 292) .... done (Time = 0.00s, Memory = 0.0K)
Checking Rule Prereq_IntClock for module prim_subreg (Rule 199 of total 292) .... done (Time = 0.00s, Memory = 0.0K)
Checking Rule W336 for module prim_subreg (Rule 200 of total 292) .... done (Time = 0.00s, Memory = 0.0K)
Checking Rule W414 for module prim_subreg (Rule 201 of total 292) .... done (Time = 0.00s, Memory = 0.0K)
Checking Rule W450L for module prim_subreg (Rule 202 of total 292) .... done (Time = 0.00s, Memory = 0.0K)
Checking Rule HangingNetPreReq-ML for module prim_subreg (Rule 203 of total 292) .... done (Time = 0.00s, Memory = 0.0K)
Checking Rule RegInputOutput-ML for module prim_subreg (Rule 204 of total 292) .... done (Time = 0.00s, Memory = 0.0K)
Checking Rule STARC05-2.5.1.7 for module prim_subreg (Rule 205 of total 292) .... done (Time = 0.00s, Memory = 0.0K)
Checking Rule STARC05-2.5.1.9 for module prim_subreg (Rule 206 of total 292) .... done (Time = 0.00s, Memory = 0.0K)
Checking Rule PESVASETUP01 for module prim_subreg_arb (Rule 194 of total 292) .... done (Time = 0.00s, Memory = 0.0K)
Checking Rule _cdc_save_license01 for module prim_subreg_arb (Rule 195 of total 292) .... done (Time = 0.00s, Memory = 0.0K)
Checking Rule _syncResetStyleRTL for module prim_subreg_arb (Rule 196 of total 292) .... done (Time = 0.00s, Memory = 0.0K)
Checking Rule _meta_delay01 for module prim_subreg_arb (Rule 197 of total 292) .... done (Time = 0.00s, Memory = 0.0K)
Checking Rule Ac_svasetup01 for module prim_subreg_arb (Rule 198 of total 292) .... done (Time = 0.00s, Memory = 0.0K)
Checking Rule Prereq_IntClock for module prim_subreg_arb (Rule 199 of total 292) .... done (Time = 0.00s, Memory = 0.0K)
Checking Rule W336 for module prim_subreg_arb (Rule 200 of total 292) .... done (Time = 0.00s, Memory = 0.0K)
Checking Rule W414 for module prim_subreg_arb (Rule 201 of total 292) .... done (Time = 0.00s, Memory = 0.0K)
Checking Rule W450L for module prim_subreg_arb (Rule 202 of total 292) .... done (Time = 0.00s, Memory = 0.0K)
Checking Rule HangingNetPreReq-ML for module prim_subreg_arb (Rule 203 of total 292) .... done (Time = 0.00s, Memory = 0.0K)
Checking Rule RegInputOutput-ML for module prim_subreg_arb (Rule 204 of total 292) .... done (Time = 0.00s, Memory = 0.0K)
Checking Rule STARC05-2.5.1.7 for module prim_subreg_arb (Rule 205 of total 292) .... done (Time = 0.00s, Memory = 0.0K)
Checking Rule STARC05-2.5.1.9 for module prim_subreg_arb (Rule 206 of total 292) .... done (Time = 0.00s, Memory = 0.0K)
Checking Rule PESVASETUP01 for module prim_subreg (Rule 194 of total 292) .... done (Time = 0.00s, Memory = 0.0K)
Checking Rule _cdc_save_license01 for module prim_subreg (Rule 195 of total 292) .... done (Time = 0.00s, Memory = 0.0K)
Checking Rule _syncResetStyleRTL for module prim_subreg (Rule 196 of total 292) .... done (Time = 0.00s, Memory = 0.0K)
Checking Rule _meta_delay01 for module prim_subreg (Rule 197 of total 292) .... done (Time = 0.00s, Memory = 0.0K)
Checking Rule Ac_svasetup01 for module prim_subreg (Rule 198 of total 292) .... done (Time = 0.00s, Memory = 0.0K)
Checking Rule Prereq_IntClock for module prim_subreg (Rule 199 of total 292) .... done (Time = 0.00s, Memory = 0.0K)
Checking Rule W336 for module prim_subreg (Rule 200 of total 292) .... done (Time = 0.00s, Memory = 0.0K)
Checking Rule W414 for module prim_subreg (Rule 201 of total 292) .... done (Time = 0.00s, Memory = 0.0K)
Checking Rule W450L for module prim_subreg (Rule 202 of total 292) .... done (Time = 0.00s, Memory = 0.0K)
Checking Rule HangingNetPreReq-ML for module prim_subreg (Rule 203 of total 292) .... done (Time = 0.00s, Memory = 0.0K)
Checking Rule RegInputOutput-ML for module prim_subreg (Rule 204 of total 292) .... done (Time = 0.00s, Memory = 0.0K)
Checking Rule STARC05-2.5.1.7 for module prim_subreg (Rule 205 of total 292) .... done (Time = 0.00s, Memory = 0.0K)
Checking Rule STARC05-2.5.1.9 for module prim_subreg (Rule 206 of total 292) .... done (Time = 0.00s, Memory = 0.0K)
Checking Rule PESVASETUP01 for module prim_subreg_arb (Rule 194 of total 292) .... done (Time = 0.00s, Memory = 0.0K)
Checking Rule _cdc_save_license01 for module prim_subreg_arb (Rule 195 of total 292) .... done (Time = 0.00s, Memory = 0.0K)
Checking Rule _syncResetStyleRTL for module prim_subreg_arb (Rule 196 of total 292) .... done (Time = 0.00s, Memory = 0.0K)
Checking Rule _meta_delay01 for module prim_subreg_arb (Rule 197 of total 292) .... done (Time = 0.00s, Memory = 0.0K)
Checking Rule Ac_svasetup01 for module prim_subreg_arb (Rule 198 of total 292) .... done (Time = 0.00s, Memory = 0.0K)
Checking Rule Prereq_IntClock for module prim_subreg_arb (Rule 199 of total 292) .... done (Time = 0.00s, Memory = 0.0K)
Checking Rule W336 for module prim_subreg_arb (Rule 200 of total 292) .... done (Time = 0.00s, Memory = 0.0K)
Checking Rule W414 for module prim_subreg_arb (Rule 201 of total 292) .... done (Time = 0.00s, Memory = 0.0K)
Checking Rule W450L for module prim_subreg_arb (Rule 202 of total 292) .... done (Time = 0.00s, Memory = 0.0K)
Checking Rule HangingNetPreReq-ML for module prim_subreg_arb (Rule 203 of total 292) .... done (Time = 0.00s, Memory = 0.0K)
Checking Rule RegInputOutput-ML for module prim_subreg_arb (Rule 204 of total 292) .... done (Time = 0.00s, Memory = 0.0K)
Checking Rule STARC05-2.5.1.7 for module prim_subreg_arb (Rule 205 of total 292) .... done (Time = 0.00s, Memory = 0.0K)
Checking Rule STARC05-2.5.1.9 for module prim_subreg_arb (Rule 206 of total 292) .... done (Time = 0.00s, Memory = 0.0K)
Checking Rule PESVASETUP01 for module prim_subreg (Rule 194 of total 292) .... done (Time = 0.00s, Memory = 0.0K)
Checking Rule _cdc_save_license01 for module prim_subreg (Rule 195 of total 292) .... done (Time = 0.00s, Memory = 0.0K)
Checking Rule _syncResetStyleRTL for module prim_subreg (Rule 196 of total 292) .... done (Time = 0.00s, Memory = 0.0K)
Checking Rule _meta_delay01 for module prim_subreg (Rule 197 of total 292) .... done (Time = 0.00s, Memory = 0.0K)
Checking Rule Ac_svasetup01 for module prim_subreg (Rule 198 of total 292) .... done (Time = 0.00s, Memory = 0.0K)
Checking Rule Prereq_IntClock for module prim_subreg (Rule 199 of total 292) .... done (Time = 0.00s, Memory = 0.0K)
Checking Rule W336 for module prim_subreg (Rule 200 of total 292) .... done (Time = 0.00s, Memory = 0.0K)
Checking Rule W414 for module prim_subreg (Rule 201 of total 292) .... done (Time = 0.00s, Memory = 0.0K)
Checking Rule W450L for module prim_subreg (Rule 202 of total 292) .... done (Time = 0.00s, Memory = 0.0K)
Checking Rule HangingNetPreReq-ML for module prim_subreg (Rule 203 of total 292) .... done (Time = 0.00s, Memory = 0.0K)
Checking Rule RegInputOutput-ML for module prim_subreg (Rule 204 of total 292) .... done (Time = 0.00s, Memory = 0.0K)
Checking Rule STARC05-2.5.1.7 for module prim_subreg (Rule 205 of total 292) .... done (Time = 0.00s, Memory = 0.0K)
Checking Rule STARC05-2.5.1.9 for module prim_subreg (Rule 206 of total 292) .... done (Time = 0.00s, Memory = 0.0K)
Checking Rule PESVASETUP01 for module prim_subreg (Rule 194 of total 292) .... done (Time = 0.00s, Memory = 0.0K)
Checking Rule _cdc_save_license01 for module prim_subreg (Rule 195 of total 292) .... done (Time = 0.00s, Memory = 0.0K)
Checking Rule _syncResetStyleRTL for module prim_subreg (Rule 196 of total 292) .... done (Time = 0.00s, Memory = 0.0K)
Checking Rule _meta_delay01 for module prim_subreg (Rule 197 of total 292) .... done (Time = 0.00s, Memory = 0.0K)
Checking Rule Ac_svasetup01 for module prim_subreg (Rule 198 of total 292) .... done (Time = 0.00s, Memory = 0.0K)
Checking Rule Prereq_IntClock for module prim_subreg (Rule 199 of total 292) .... done (Time = 0.00s, Memory = 0.0K)
Checking Rule W336 for module prim_subreg (Rule 200 of total 292) .... done (Time = 0.00s, Memory = 0.0K)
Checking Rule W414 for module prim_subreg (Rule 201 of total 292) .... done (Time = 0.00s, Memory = 0.0K)
Checking Rule W450L for module prim_subreg (Rule 202 of total 292) .... done (Time = 0.00s, Memory = 0.0K)
Checking Rule HangingNetPreReq-ML for module prim_subreg (Rule 203 of total 292) .... done (Time = 0.00s, Memory = 0.0K)
Checking Rule RegInputOutput-ML for module prim_subreg (Rule 204 of total 292) .... done (Time = 0.00s, Memory = 0.0K)
Checking Rule STARC05-2.5.1.7 for module prim_subreg (Rule 205 of total 292) .... done (Time = 0.00s, Memory = 0.0K)
Checking Rule STARC05-2.5.1.9 for module prim_subreg (Rule 206 of total 292) .... done (Time = 0.00s, Memory = 0.0K)
Checking Rule PESVASETUP01 for module tlul_err (Rule 194 of total 292) .... done (Time = 0.00s, Memory = 0.0K)
Checking Rule _cdc_save_license01 for module tlul_err (Rule 195 of total 292) .... done (Time = 0.00s, Memory = 0.0K)
Checking Rule _syncResetStyleRTL for module tlul_err (Rule 196 of total 292) .... done (Time = 0.00s, Memory = 0.0K)
Checking Rule _meta_delay01 for module tlul_err (Rule 197 of total 292) .... done (Time = 0.00s, Memory = 0.0K)
Checking Rule Ac_svasetup01 for module tlul_err (Rule 198 of total 292) .... done (Time = 0.00s, Memory = 0.0K)
Checking Rule Prereq_IntClock for module tlul_err (Rule 199 of total 292) .... done (Time = 0.00s, Memory = 0.0K)
Checking Rule W336 for module tlul_err (Rule 200 of total 292) .... done (Time = 0.00s, Memory = 0.0K)
Checking Rule W414 for module tlul_err (Rule 201 of total 292) .... done (Time = 0.00s, Memory = 0.0K)
Checking Rule W450L for module tlul_err (Rule 202 of total 292) .... done (Time = 0.00s, Memory = 0.0K)
Checking Rule HangingNetPreReq-ML for module tlul_err (Rule 203 of total 292) .... done (Time = 0.00s, Memory = 0.0K)
Checking Rule RegInputOutput-ML for module tlul_err (Rule 204 of total 292) .... done (Time = 0.00s, Memory = 0.0K)
Checking Rule STARC05-2.5.1.7 for module tlul_err (Rule 205 of total 292) .... done (Time = 0.00s, Memory = 0.0K)
Checking Rule STARC05-2.5.1.9 for module tlul_err (Rule 206 of total 292) .... done (Time = 0.00s, Memory = 0.0K)
Checking Rule PESVASETUP01 for module tlul_rsp_intg_gen (Rule 194 of total 292) .... done (Time = 0.00s, Memory = 0.0K)
Checking Rule _cdc_save_license01 for module tlul_rsp_intg_gen (Rule 195 of total 292) .... done (Time = 0.00s, Memory = 0.0K)
Checking Rule _syncResetStyleRTL for module tlul_rsp_intg_gen (Rule 196 of total 292) .... done (Time = 0.00s, Memory = 0.0K)
Checking Rule _meta_delay01 for module tlul_rsp_intg_gen (Rule 197 of total 292) .... done (Time = 0.00s, Memory = 0.0K)
Checking Rule Ac_svasetup01 for module tlul_rsp_intg_gen (Rule 198 of total 292) .... done (Time = 0.00s, Memory = 0.0K)
Checking Rule Prereq_IntClock for module tlul_rsp_intg_gen (Rule 199 of total 292) .... done (Time = 0.00s, Memory = 0.0K)
Checking Rule W336 for module tlul_rsp_intg_gen (Rule 200 of total 292) .... done (Time = 0.00s, Memory = 0.0K)
Checking Rule W414 for module tlul_rsp_intg_gen (Rule 201 of total 292) .... done (Time = 0.00s, Memory = 0.0K)
Checking Rule W450L for module tlul_rsp_intg_gen (Rule 202 of total 292) .... done (Time = 0.00s, Memory = 0.0K)
Checking Rule HangingNetPreReq-ML for module tlul_rsp_intg_gen (Rule 203 of total 292) .... done (Time = 0.00s, Memory = 0.0K)
Checking Rule RegInputOutput-ML for module tlul_rsp_intg_gen (Rule 204 of total 292) .... done (Time = 0.00s, Memory = 0.0K)
Checking Rule STARC05-2.5.1.7 for module tlul_rsp_intg_gen (Rule 205 of total 292) .... done (Time = 0.00s, Memory = 0.0K)
Checking Rule STARC05-2.5.1.9 for module tlul_rsp_intg_gen (Rule 206 of total 292) .... done (Time = 0.00s, Memory = 0.0K)
Checking Rule PESVASETUP01 for module tlul_adapter_reg (Rule 194 of total 292) .... done (Time = 0.00s, Memory = 0.0K)
Checking Rule _cdc_save_license01 for module tlul_adapter_reg (Rule 195 of total 292) .... done (Time = 0.00s, Memory = 0.0K)
Checking Rule _syncResetStyleRTL for module tlul_adapter_reg (Rule 196 of total 292) .... done (Time = 0.00s, Memory = 0.0K)
Checking Rule _meta_delay01 for module tlul_adapter_reg (Rule 197 of total 292) .... done (Time = 0.00s, Memory = 0.0K)
Checking Rule Ac_svasetup01 for module tlul_adapter_reg (Rule 198 of total 292) .... done (Time = 0.00s, Memory = 0.0K)
Checking Rule Prereq_IntClock for module tlul_adapter_reg (Rule 199 of total 292) .... done (Time = 0.00s, Memory = 0.0K)
Checking Rule W336 for module tlul_adapter_reg (Rule 200 of total 292) .... done (Time = 0.00s, Memory = 0.0K)
Checking Rule W414 for module tlul_adapter_reg (Rule 201 of total 292) .... done (Time = 0.00s, Memory = 0.0K)
Checking Rule W450L for module tlul_adapter_reg (Rule 202 of total 292) .... done (Time = 0.00s, Memory = 0.0K)
Checking Rule HangingNetPreReq-ML for module tlul_adapter_reg (Rule 203 of total 292) .... done (Time = 0.00s, Memory = 0.0K)
Checking Rule RegInputOutput-ML for module tlul_adapter_reg (Rule 204 of total 292) .... done (Time = 0.00s, Memory = 0.0K)
Checking Rule STARC05-2.5.1.7 for module tlul_adapter_reg (Rule 205 of total 292) .... done (Time = 0.00s, Memory = 0.0K)
Checking Rule STARC05-2.5.1.9 for module tlul_adapter_reg (Rule 206 of total 292) .... done (Time = 0.00s, Memory = 0.0K)
Checking Rule PESVASETUP01 for module prim_secded_inv_39_32_enc (Rule 194 of total 292) .... done (Time = 0.00s, Memory = 0.0K)
Checking Rule _cdc_save_license01 for module prim_secded_inv_39_32_enc (Rule 195 of total 292) .... done (Time = 0.00s, Memory = 0.0K)
Checking Rule _syncResetStyleRTL for module prim_secded_inv_39_32_enc (Rule 196 of total 292) .... done (Time = 0.00s, Memory = 0.0K)
Checking Rule _meta_delay01 for module prim_secded_inv_39_32_enc (Rule 197 of total 292) .... done (Time = 0.00s, Memory = 0.0K)
Checking Rule Ac_svasetup01 for module prim_secded_inv_39_32_enc (Rule 198 of total 292) .... done (Time = 0.00s, Memory = 0.0K)
Checking Rule Prereq_IntClock for module prim_secded_inv_39_32_enc (Rule 199 of total 292) .... done (Time = 0.00s, Memory = 0.0K)
Checking Rule W336 for module prim_secded_inv_39_32_enc (Rule 200 of total 292) .... done (Time = 0.00s, Memory = 0.0K)
Checking Rule W414 for module prim_secded_inv_39_32_enc (Rule 201 of total 292) .... done (Time = 0.00s, Memory = 0.0K)
Checking Rule W450L for module prim_secded_inv_39_32_enc (Rule 202 of total 292) .... done (Time = 0.00s, Memory = 0.0K)
Checking Rule HangingNetPreReq-ML for module prim_secded_inv_39_32_enc (Rule 203 of total 292) .... done (Time = 0.00s, Memory = 0.0K)
Checking Rule RegInputOutput-ML for module prim_secded_inv_39_32_enc (Rule 204 of total 292) .... done (Time = 0.00s, Memory = 0.0K)
Checking Rule STARC05-2.5.1.7 for module prim_secded_inv_39_32_enc (Rule 205 of total 292) .... done (Time = 0.00s, Memory = 0.0K)
Checking Rule STARC05-2.5.1.9 for module prim_secded_inv_39_32_enc (Rule 206 of total 292) .... done (Time = 0.00s, Memory = 0.0K)
Checking Rule PESVASETUP01 for module tlul_data_integ_enc (Rule 194 of total 292) .... done (Time = 0.00s, Memory = 0.0K)
Checking Rule _cdc_save_license01 for module tlul_data_integ_enc (Rule 195 of total 292) .... done (Time = 0.00s, Memory = 0.0K)
Checking Rule _syncResetStyleRTL for module tlul_data_integ_enc (Rule 196 of total 292) .... done (Time = 0.00s, Memory = 0.0K)
Checking Rule _meta_delay01 for module tlul_data_integ_enc (Rule 197 of total 292) .... done (Time = 0.00s, Memory = 0.0K)
Checking Rule Ac_svasetup01 for module tlul_data_integ_enc (Rule 198 of total 292) .... done (Time = 0.00s, Memory = 0.0K)
Checking Rule Prereq_IntClock for module tlul_data_integ_enc (Rule 199 of total 292) .... done (Time = 0.00s, Memory = 0.0K)
Checking Rule W336 for module tlul_data_integ_enc (Rule 200 of total 292) .... done (Time = 0.00s, Memory = 0.0K)
Checking Rule W414 for module tlul_data_integ_enc (Rule 201 of total 292) .... done (Time = 0.00s, Memory = 0.0K)
Checking Rule W450L for module tlul_data_integ_enc (Rule 202 of total 292) .... done (Time = 0.00s, Memory = 0.0K)
Checking Rule HangingNetPreReq-ML for module tlul_data_integ_enc (Rule 203 of total 292) .... done (Time = 0.00s, Memory = 0.0K)
Checking Rule RegInputOutput-ML for module tlul_data_integ_enc (Rule 204 of total 292) .... done (Time = 0.00s, Memory = 0.0K)
Checking Rule STARC05-2.5.1.7 for module tlul_data_integ_enc (Rule 205 of total 292) .... done (Time = 0.00s, Memory = 0.0K)
Checking Rule STARC05-2.5.1.9 for module tlul_data_integ_enc (Rule 206 of total 292) .... done (Time = 0.00s, Memory = 0.0K)
Checking Rule PESVASETUP01 for module prim_secded_inv_64_57_enc (Rule 194 of total 292) .... done (Time = 0.00s, Memory = 0.0K)
Checking Rule _cdc_save_license01 for module prim_secded_inv_64_57_enc (Rule 195 of total 292) .... done (Time = 0.00s, Memory = 0.0K)
Checking Rule _syncResetStyleRTL for module prim_secded_inv_64_57_enc (Rule 196 of total 292) .... done (Time = 0.00s, Memory = 0.0K)
Checking Rule _meta_delay01 for module prim_secded_inv_64_57_enc (Rule 197 of total 292) .... done (Time = 0.00s, Memory = 0.0K)
Checking Rule Ac_svasetup01 for module prim_secded_inv_64_57_enc (Rule 198 of total 292) .... done (Time = 0.00s, Memory = 0.0K)
Checking Rule Prereq_IntClock for module prim_secded_inv_64_57_enc (Rule 199 of total 292) .... done (Time = 0.00s, Memory = 0.0K)
Checking Rule W336 for module prim_secded_inv_64_57_enc (Rule 200 of total 292) .... done (Time = 0.00s, Memory = 0.0K)
Checking Rule W414 for module prim_secded_inv_64_57_enc (Rule 201 of total 292) .... done (Time = 0.00s, Memory = 0.0K)
Checking Rule W450L for module prim_secded_inv_64_57_enc (Rule 202 of total 292) .... done (Time = 0.00s, Memory = 0.0K)
Checking Rule HangingNetPreReq-ML for module prim_secded_inv_64_57_enc (Rule 203 of total 292) .... done (Time = 0.00s, Memory = 0.0K)
Checking Rule RegInputOutput-ML for module prim_secded_inv_64_57_enc (Rule 204 of total 292) .... done (Time = 0.00s, Memory = 0.0K)
Checking Rule STARC05-2.5.1.7 for module prim_secded_inv_64_57_enc (Rule 205 of total 292) .... done (Time = 0.00s, Memory = 0.0K)
Checking Rule STARC05-2.5.1.9 for module prim_secded_inv_64_57_enc (Rule 206 of total 292) .... done (Time = 0.00s, Memory = 0.0K)
Checking Rule PESVASETUP01 for module tlul_rsp_intg_gen (Rule 194 of total 292) .... done (Time = 0.00s, Memory = 0.0K)
Checking Rule _cdc_save_license01 for module tlul_rsp_intg_gen (Rule 195 of total 292) .... done (Time = 0.00s, Memory = 0.0K)
Checking Rule _syncResetStyleRTL for module tlul_rsp_intg_gen (Rule 196 of total 292) .... done (Time = 0.00s, Memory = 0.0K)
Checking Rule _meta_delay01 for module tlul_rsp_intg_gen (Rule 197 of total 292) .... done (Time = 0.00s, Memory = 0.0K)
Checking Rule Ac_svasetup01 for module tlul_rsp_intg_gen (Rule 198 of total 292) .... done (Time = 0.00s, Memory = 0.0K)
Checking Rule Prereq_IntClock for module tlul_rsp_intg_gen (Rule 199 of total 292) .... done (Time = 0.00s, Memory = 0.0K)
Checking Rule W336 for module tlul_rsp_intg_gen (Rule 200 of total 292) .... done (Time = 0.00s, Memory = 0.0K)
Checking Rule W414 for module tlul_rsp_intg_gen (Rule 201 of total 292) .... done (Time = 0.00s, Memory = 0.0K)
Checking Rule W450L for module tlul_rsp_intg_gen (Rule 202 of total 292) .... done (Time = 0.00s, Memory = 0.0K)
Checking Rule HangingNetPreReq-ML for module tlul_rsp_intg_gen (Rule 203 of total 292) .... done (Time = 0.00s, Memory = 0.0K)
Checking Rule RegInputOutput-ML for module tlul_rsp_intg_gen (Rule 204 of total 292) .... done (Time = 0.00s, Memory = 0.0K)
Checking Rule STARC05-2.5.1.7 for module tlul_rsp_intg_gen (Rule 205 of total 292) .... done (Time = 0.00s, Memory = 0.0K)
Checking Rule STARC05-2.5.1.9 for module tlul_rsp_intg_gen (Rule 206 of total 292) .... done (Time = 0.00s, Memory = 0.0K)
Checking Rule PESVASETUP01 for module prim_onehot_check (Rule 194 of total 292) .... done (Time = 0.00s, Memory = 0.0K)
Checking Rule _cdc_save_license01 for module prim_onehot_check (Rule 195 of total 292) .... done (Time = 0.00s, Memory = 0.0K)
Checking Rule _syncResetStyleRTL for module prim_onehot_check (Rule 196 of total 292) .... done (Time = 0.00s, Memory = 0.0K)
Checking Rule _meta_delay01 for module prim_onehot_check (Rule 197 of total 292) .... done (Time = 0.00s, Memory = 0.0K)
Checking Rule Ac_svasetup01 for module prim_onehot_check (Rule 198 of total 292) .... done (Time = 0.00s, Memory = 0.0K)
Checking Rule Prereq_IntClock for module prim_onehot_check (Rule 199 of total 292) .... done (Time = 0.00s, Memory = 0.0K)
Checking Rule W336 for module prim_onehot_check (Rule 200 of total 292) .... done (Time = 0.00s, Memory = 0.0K)
Checking Rule W414 for module prim_onehot_check (Rule 201 of total 292) .... done (Time = 0.00s, Memory = 0.0K)
Checking Rule W450L for module prim_onehot_check (Rule 202 of total 292) .... done (Time = 0.00s, Memory = 0.0K)
Checking Rule HangingNetPreReq-ML for module prim_onehot_check (Rule 203 of total 292) .... done (Time = 0.00s, Memory = 0.0K)
Checking Rule RegInputOutput-ML for module prim_onehot_check (Rule 204 of total 292) .... done (Time = 0.00s, Memory = 0.0K)
Checking Rule STARC05-2.5.1.7 for module prim_onehot_check (Rule 205 of total 292) .... done (Time = 0.00s, Memory = 0.0K)
Checking Rule STARC05-2.5.1.9 for module prim_onehot_check (Rule 206 of total 292) .... done (Time = 0.00s, Memory = 0.0K)
Checking Rule PESVASETUP01 for module prim_buf (Rule 194 of total 292) .... done (Time = 0.00s, Memory = 0.0K)
Checking Rule _cdc_save_license01 for module prim_buf (Rule 195 of total 292) .... done (Time = 0.00s, Memory = 0.0K)
Checking Rule _syncResetStyleRTL for module prim_buf (Rule 196 of total 292) .... done (Time = 0.00s, Memory = 0.0K)
Checking Rule _meta_delay01 for module prim_buf (Rule 197 of total 292) .... done (Time = 0.00s, Memory = 0.0K)
Checking Rule Ac_svasetup01 for module prim_buf (Rule 198 of total 292) .... done (Time = 0.00s, Memory = 0.0K)
Checking Rule Prereq_IntClock for module prim_buf (Rule 199 of total 292) .... done (Time = 0.00s, Memory = 0.0K)
Checking Rule W336 for module prim_buf (Rule 200 of total 292) .... done (Time = 0.00s, Memory = 0.0K)
Checking Rule W414 for module prim_buf (Rule 201 of total 292) .... done (Time = 0.00s, Memory = 0.0K)
Checking Rule W450L for module prim_buf (Rule 202 of total 292) .... done (Time = 0.00s, Memory = 0.0K)
Checking Rule HangingNetPreReq-ML for module prim_buf (Rule 203 of total 292) .... done (Time = 0.00s, Memory = 0.0K)
Checking Rule RegInputOutput-ML for module prim_buf (Rule 204 of total 292) .... done (Time = 0.00s, Memory = 0.0K)
Checking Rule STARC05-2.5.1.7 for module prim_buf (Rule 205 of total 292) .... done (Time = 0.00s, Memory = 0.0K)
Checking Rule STARC05-2.5.1.9 for module prim_buf (Rule 206 of total 292) .... done (Time = 0.00s, Memory = 0.0K)
Checking Rule PESVASETUP01 for module prim_reg_we_check (Rule 194 of total 292) .... done (Time = 0.00s, Memory = 0.0K)
Checking Rule _cdc_save_license01 for module prim_reg_we_check (Rule 195 of total 292) .... done (Time = 0.00s, Memory = 0.0K)
Checking Rule _syncResetStyleRTL for module prim_reg_we_check (Rule 196 of total 292) .... done (Time = 0.00s, Memory = 0.0K)
Checking Rule _meta_delay01 for module prim_reg_we_check (Rule 197 of total 292) .... done (Time = 0.00s, Memory = 0.0K)
Checking Rule Ac_svasetup01 for module prim_reg_we_check (Rule 198 of total 292) .... done (Time = 0.00s, Memory = 0.0K)
Checking Rule Prereq_IntClock for module prim_reg_we_check (Rule 199 of total 292) .... done (Time = 0.00s, Memory = 0.0K)
Checking Rule W336 for module prim_reg_we_check (Rule 200 of total 292) .... done (Time = 0.00s, Memory = 0.0K)
Checking Rule W414 for module prim_reg_we_check (Rule 201 of total 292) .... done (Time = 0.00s, Memory = 0.0K)
Checking Rule W450L for module prim_reg_we_check (Rule 202 of total 292) .... done (Time = 0.00s, Memory = 0.0K)
Checking Rule HangingNetPreReq-ML for module prim_reg_we_check (Rule 203 of total 292) .... done (Time = 0.00s, Memory = 0.0K)
Checking Rule RegInputOutput-ML for module prim_reg_we_check (Rule 204 of total 292) .... done (Time = 0.00s, Memory = 0.0K)
Checking Rule STARC05-2.5.1.7 for module prim_reg_we_check (Rule 205 of total 292) .... done (Time = 0.00s, Memory = 0.0K)
Checking Rule STARC05-2.5.1.9 for module prim_reg_we_check (Rule 206 of total 292) .... done (Time = 0.00s, Memory = 0.0K)
Checking Rule PESVASETUP01 for module prim_secded_inv_39_32_dec (Rule 194 of total 292) .... done (Time = 0.00s, Memory = 0.0K)
Checking Rule _cdc_save_license01 for module prim_secded_inv_39_32_dec (Rule 195 of total 292) .... done (Time = 0.00s, Memory = 0.0K)
Checking Rule _syncResetStyleRTL for module prim_secded_inv_39_32_dec (Rule 196 of total 292) .... done (Time = 0.00s, Memory = 0.0K)
Checking Rule _meta_delay01 for module prim_secded_inv_39_32_dec (Rule 197 of total 292) .... done (Time = 0.00s, Memory = 0.0K)
Checking Rule Ac_svasetup01 for module prim_secded_inv_39_32_dec (Rule 198 of total 292) .... done (Time = 0.00s, Memory = 0.0K)
Checking Rule Prereq_IntClock for module prim_secded_inv_39_32_dec (Rule 199 of total 292) .... done (Time = 0.00s, Memory = 0.0K)
Checking Rule W336 for module prim_secded_inv_39_32_dec (Rule 200 of total 292) .... done (Time = 0.00s, Memory = 0.0K)
Checking Rule W414 for module prim_secded_inv_39_32_dec (Rule 201 of total 292) .... done (Time = 0.00s, Memory = 0.0K)
Checking Rule W450L for module prim_secded_inv_39_32_dec (Rule 202 of total 292) .... done (Time = 0.00s, Memory = 0.0K)
Checking Rule HangingNetPreReq-ML for module prim_secded_inv_39_32_dec (Rule 203 of total 292) .... done (Time = 0.00s, Memory = 0.0K)
Checking Rule RegInputOutput-ML for module prim_secded_inv_39_32_dec (Rule 204 of total 292) .... done (Time = 0.00s, Memory = 0.0K)
Checking Rule STARC05-2.5.1.7 for module prim_secded_inv_39_32_dec (Rule 205 of total 292) .... done (Time = 0.00s, Memory = 0.0K)
Checking Rule STARC05-2.5.1.9 for module prim_secded_inv_39_32_dec (Rule 206 of total 292) .... done (Time = 0.00s, Memory = 0.0K)
Checking Rule PESVASETUP01 for module tlul_data_integ_dec (Rule 194 of total 292) .... done (Time = 0.00s, Memory = 0.0K)
Checking Rule _cdc_save_license01 for module tlul_data_integ_dec (Rule 195 of total 292) .... done (Time = 0.00s, Memory = 0.0K)
Checking Rule _syncResetStyleRTL for module tlul_data_integ_dec (Rule 196 of total 292) .... done (Time = 0.00s, Memory = 0.0K)
Checking Rule _meta_delay01 for module tlul_data_integ_dec (Rule 197 of total 292) .... done (Time = 0.00s, Memory = 0.0K)
Checking Rule Ac_svasetup01 for module tlul_data_integ_dec (Rule 198 of total 292) .... done (Time = 0.00s, Memory = 0.0K)
Checking Rule Prereq_IntClock for module tlul_data_integ_dec (Rule 199 of total 292) .... done (Time = 0.00s, Memory = 0.0K)
Checking Rule W336 for module tlul_data_integ_dec (Rule 200 of total 292) .... done (Time = 0.00s, Memory = 0.0K)
Checking Rule W414 for module tlul_data_integ_dec (Rule 201 of total 292) .... done (Time = 0.00s, Memory = 0.0K)
Checking Rule W450L for module tlul_data_integ_dec (Rule 202 of total 292) .... done (Time = 0.00s, Memory = 0.0K)
Checking Rule HangingNetPreReq-ML for module tlul_data_integ_dec (Rule 203 of total 292) .... done (Time = 0.00s, Memory = 0.0K)
Checking Rule RegInputOutput-ML for module tlul_data_integ_dec (Rule 204 of total 292) .... done (Time = 0.00s, Memory = 0.0K)
Checking Rule STARC05-2.5.1.7 for module tlul_data_integ_dec (Rule 205 of total 292) .... done (Time = 0.00s, Memory = 0.0K)
Checking Rule STARC05-2.5.1.9 for module tlul_data_integ_dec (Rule 206 of total 292) .... done (Time = 0.00s, Memory = 0.0K)
Checking Rule PESVASETUP01 for module prim_secded_inv_64_57_dec (Rule 194 of total 292) .... done (Time = 0.00s, Memory = 0.0K)
Checking Rule _cdc_save_license01 for module prim_secded_inv_64_57_dec (Rule 195 of total 292) .... done (Time = 0.00s, Memory = 0.0K)
Checking Rule _syncResetStyleRTL for module prim_secded_inv_64_57_dec (Rule 196 of total 292) .... done (Time = 0.00s, Memory = 0.0K)
Checking Rule _meta_delay01 for module prim_secded_inv_64_57_dec (Rule 197 of total 292) .... done (Time = 0.00s, Memory = 0.0K)
Checking Rule Ac_svasetup01 for module prim_secded_inv_64_57_dec (Rule 198 of total 292) .... done (Time = 0.00s, Memory = 0.0K)
Checking Rule Prereq_IntClock for module prim_secded_inv_64_57_dec (Rule 199 of total 292) .... done (Time = 0.00s, Memory = 0.0K)
Checking Rule W336 for module prim_secded_inv_64_57_dec (Rule 200 of total 292) .... done (Time = 0.00s, Memory = 0.0K)
Checking Rule W414 for module prim_secded_inv_64_57_dec (Rule 201 of total 292) .... done (Time = 0.00s, Memory = 0.0K)
Checking Rule W450L for module prim_secded_inv_64_57_dec (Rule 202 of total 292) .... done (Time = 0.00s, Memory = 0.0K)
Checking Rule HangingNetPreReq-ML for module prim_secded_inv_64_57_dec (Rule 203 of total 292) .... done (Time = 0.00s, Memory = 0.0K)
Checking Rule RegInputOutput-ML for module prim_secded_inv_64_57_dec (Rule 204 of total 292) .... done (Time = 0.00s, Memory = 0.0K)
Checking Rule STARC05-2.5.1.7 for module prim_secded_inv_64_57_dec (Rule 205 of total 292) .... done (Time = 0.00s, Memory = 0.0K)
Checking Rule STARC05-2.5.1.9 for module prim_secded_inv_64_57_dec (Rule 206 of total 292) .... done (Time = 0.00s, Memory = 0.0K)
Checking Rule PESVASETUP01 for module tlul_cmd_intg_chk (Rule 194 of total 292) .... done (Time = 0.00s, Memory = 0.0K)
Checking Rule _cdc_save_license01 for module tlul_cmd_intg_chk (Rule 195 of total 292) .... done (Time = 0.00s, Memory = 0.0K)
Checking Rule _syncResetStyleRTL for module tlul_cmd_intg_chk (Rule 196 of total 292) .... done (Time = 0.00s, Memory = 0.0K)
Checking Rule _meta_delay01 for module tlul_cmd_intg_chk (Rule 197 of total 292) .... done (Time = 0.00s, Memory = 0.0K)
Checking Rule Ac_svasetup01 for module tlul_cmd_intg_chk (Rule 198 of total 292) .... done (Time = 0.00s, Memory = 0.0K)
Checking Rule Prereq_IntClock for module tlul_cmd_intg_chk (Rule 199 of total 292) .... done (Time = 0.00s, Memory = 0.0K)
Checking Rule W336 for module tlul_cmd_intg_chk (Rule 200 of total 292) .... done (Time = 0.00s, Memory = 0.0K)
Checking Rule W414 for module tlul_cmd_intg_chk (Rule 201 of total 292) .... done (Time = 0.00s, Memory = 0.0K)
Checking Rule W450L for module tlul_cmd_intg_chk (Rule 202 of total 292) .... done (Time = 0.00s, Memory = 0.0K)
Checking Rule HangingNetPreReq-ML for module tlul_cmd_intg_chk (Rule 203 of total 292) .... done (Time = 0.00s, Memory = 0.0K)
Checking Rule RegInputOutput-ML for module tlul_cmd_intg_chk (Rule 204 of total 292) .... done (Time = 0.00s, Memory = 0.0K)
Checking Rule STARC05-2.5.1.7 for module tlul_cmd_intg_chk (Rule 205 of total 292) .... done (Time = 0.00s, Memory = 0.0K)
Checking Rule STARC05-2.5.1.9 for module tlul_cmd_intg_chk (Rule 206 of total 292) .... done (Time = 0.00s, Memory = 0.0K)
Checking Rule PESVASETUP01 for module uart_reg_top (Rule 194 of total 292) .... done (Time = 0.00s, Memory = 0.0K)
Checking Rule _cdc_save_license01 for module uart_reg_top (Rule 195 of total 292) .... done (Time = 0.00s, Memory = 0.0K)
Checking Rule _syncResetStyleRTL for module uart_reg_top (Rule 196 of total 292) .... done (Time = 0.00s, Memory = 0.0K)
Checking Rule _meta_delay01 for module uart_reg_top (Rule 197 of total 292) .... done (Time = 0.00s, Memory = 0.0K)
Checking Rule Ac_svasetup01 for module uart_reg_top (Rule 198 of total 292) .... done (Time = 0.00s, Memory = 0.0K)
Checking Rule Prereq_IntClock for module uart_reg_top (Rule 199 of total 292) .... done (Time = 0.00s, Memory = 0.0K)
Checking Rule W336 for module uart_reg_top (Rule 200 of total 292) .... done (Time = 0.00s, Memory = 0.0K)
Checking Rule W414 for module uart_reg_top (Rule 201 of total 292) .... done (Time = 0.00s, Memory = 0.0K)
Checking Rule W450L for module uart_reg_top (Rule 202 of total 292) .... done (Time = 0.00s, Memory = 0.0K)
Checking Rule HangingNetPreReq-ML for module uart_reg_top (Rule 203 of total 292) .... done (Time = 0.00s, Memory = 0.0K)
Checking Rule RegInputOutput-ML for module uart_reg_top (Rule 204 of total 292) .... done (Time = 0.00s, Memory = 0.0K)
Checking Rule STARC05-2.5.1.7 for module uart_reg_top (Rule 205 of total 292) .... done (Time = 0.00s, Memory = 0.0K)
Checking Rule STARC05-2.5.1.9 for module uart_reg_top (Rule 206 of total 292) .... done (Time = 0.00s, Memory = 0.0K)
Checking Rule PESVASETUP01 for module uart (Rule 194 of total 292) .... done (Time = 0.00s, Memory = 0.0K)
Checking Rule _cdc_save_license01 for module uart (Rule 195 of total 292) .... done (Time = 0.00s, Memory = 0.0K)
Checking Rule _syncResetStyleRTL for module uart (Rule 196 of total 292) .... done (Time = 0.00s, Memory = 0.0K)
Checking Rule _meta_delay01 for module uart (Rule 197 of total 292) .... done (Time = 0.00s, Memory = 0.0K)
Checking Rule Ac_svasetup01 for module uart (Rule 198 of total 292) .... done (Time = 0.00s, Memory = 0.0K)
Checking Rule Prereq_IntClock for module uart (Rule 199 of total 292) .... done (Time = 0.00s, Memory = 0.0K)
Checking Rule W336 for module uart (Rule 200 of total 292) .... done (Time = 0.00s, Memory = 0.0K)
Checking Rule W414 for module uart (Rule 201 of total 292) .... done (Time = 0.00s, Memory = 0.0K)
Checking Rule W450L for module uart (Rule 202 of total 292) .... done (Time = 0.00s, Memory = 0.0K)
Checking Rule HangingNetPreReq-ML for module uart (Rule 203 of total 292) .... done (Time = 0.00s, Memory = 0.0K)
Checking Rule RegInputOutput-ML for module uart (Rule 204 of total 292) .... done (Time = 0.00s, Memory = 0.0K)
Checking Rule STARC05-2.5.1.7 for module uart (Rule 205 of total 292) .... done (Time = 0.00s, Memory = 0.0K)
Checking Rule STARC05-2.5.1.9 for module uart (Rule 206 of total 292) .... done (Time = 0.00s, Memory = 0.0K)
Performing semantic checks on SGDC contents
Checking Rule SGDC_testmode03 (Rule 74 of total 292) .... done (Time = 0.00s, Memory = 0.0K)
Checking Rule checkSGDC_01 (Rule 207 of total 292) .... done (Time = 0.00s, Memory = 0.0K)
Checking Rule checkSGDC_03 (Rule 208 of total 292) .... done (Time = 0.00s, Memory = 0.0K)
Checking Rule checkSGDC_08 (Rule 209 of total 292) .... done (Time = 0.00s, Memory = 0.0K)
Checking Rule SGDC_memorywritepin04 (Rule 210 of total 292) .... done (Time = 0.00s, Memory = 0.0K)
Checking Rule SGDC_reset02 (Rule 211 of total 292) .... done (Time = 0.00s, Memory = 0.0K)
Checking Rule SGDC_reset03 (Rule 212 of total 292) .... done (Time = 0.00s, Memory = 0.0K)
Checking Rule SGDC_libgroup03 (Rule 213 of total 292) .... done (Time = 0.00s, Memory = 0.0K)
Checking Rule SGDC_ungroup02 (Rule 214 of total 292) .... done (Time = 0.00s, Memory = 0.0K)
Checking Rule _abstractPortSGDC (Rule 215 of total 292) .... done (Time = 0.00s, Memory = 0.0K)
Checking Rule SGDC_abstract_port03 (Rule 216 of total 292) .... done (Time = 0.00s, Memory = 0.0K)
Checking Rule SGDC_abstract_port04 (Rule 217 of total 292) .... done (Time = 0.00s, Memory = 0.0K)
Checking Rule SGDC_abstract_port05 (Rule 218 of total 292) .... done (Time = 0.00s, Memory = 0.0K)
Checking Rule SGDC_abstract_port07 (Rule 219 of total 292) .... done (Time = 0.00s, Memory = 0.0K)
Checking Rule SGDC_abstract_port08 (Rule 220 of total 292) .... done (Time = 0.00s, Memory = 0.0K)
Checking Rule SGDC_abstract_port10 (Rule 221 of total 292) .... done (Time = 0.00s, Memory = 0.0K)
Checking Rule SGDC_abstract_port11 (Rule 222 of total 292) .... done (Time = 0.00s, Memory = 0.0K)
Checking Rule SGDC_abstract_port12 (Rule 223 of total 292) .... done (Time = 0.00s, Memory = 0.0K)
Checking Rule SGDC_abstract_port13 (Rule 224 of total 292) .... done (Time = 0.00s, Memory = 0.0K)
Checking Rule ReportUngroup (Rule 225 of total 292) .... done (Time = 0.00s, Memory = 0.0K)
Checking Rule LINT_portReten (Rule 226 of total 292) .... done (Time = 0.00s, Memory = 0.0K)
Checking Rule SGDC_abstract_port21 (Rule 227 of total 292) .... done (Time = 0.00s, Memory = 0.0K)
Checking Rule InferLatch (Rule 228 of total 292) .... done (Time = 0.00s, Memory = 0.0K)
Checking Rule UndrivenInTerm-ML (Rule 229 of total 292) .... done (Time = 0.02s, Memory = 0.0K)
Checking Rule CheckDelayFlopRacePreReq_2-ML (Rule 230 of total 292) .... done (Time = 0.00s, Memory = 0.0K)
Checking Rule SGDC_assume_path05 (Rule 231 of total 292) .... done (Time = 0.00s, Memory = 0.0K)
 Flattening uart (.lib instances separately flattened) ....
 Flattening completed
Checking Rule SGDC_set_case_analysis_LC (Rule 232 of total 292) .... done (Time = 0.00s, Memory = 216.0K)
Checking Rule BufClock (Rule 233 of total 292) .... done (Time = 0.01s, Memory = 1656.0K)
Checking Rule CombLoop (Rule 234 of total 292) .... done (Time = 0.00s, Memory = 768.0K)
Checking Rule STARC05-2.5.1.2 (Rule 235 of total 292) .... done (Time = 0.00s, Memory = 0.0K)
Checking Rule STARC05-1.3.1.3 (Rule 236 of total 292) .... done (Time = 0.00s, Memory = 0.0K)
Checking Rule STARC05-1.4.3.4 (Rule 237 of total 292) .... done (Time = 0.00s, Memory = 0.0K)
Checking Rule FlopClockConstant (Rule 238 of total 292) .... done (Time = 0.01s, Memory = 128.0K)
Checking Rule FlopSRConst (Rule 239 of total 292) .... done (Time = 0.00s, Memory = 128.0K)
Checking Rule FlopEConst (Rule 240 of total 292) .... done (Time = 0.00s, Memory = 0.0K)
Checking Rule checkPinConnectedToSupply (Rule 241 of total 292) .... done (Time = 0.00s, Memory = 0.0K)
Checking Rule W392 (Rule 242 of total 292) .... done (Time = 0.00s, Memory = 0.0K)
Checking Rule W415 (Rule 243 of total 292) .... done (Time = 0.00s, Memory = 0.0K)
Checking Rule LatchFeedback (Rule 244 of total 292) .... done (Time = 0.00s, Memory = 0.0K)
Checking Rule STARC05-2.4.1.5 (Rule 245 of total 292) .... done (Time = 0.01s, Memory = 0.0K)
Checking Rule STARC05-1.2.1.2 (Rule 246 of total 292) .... done (Time = 0.00s, Memory = 0.0K)
Checking Rule AnalyzeBBox (Rule 247 of total 292) .... done (Time = 0.00s, Memory = 0.0K)
Checking Rule ViolationLimitReached (Rule 71 of total 292) .... done (Time = 0.00s, Memory = 0.0K)
Checking Rule ReportCheckDataSummary (Rule 72 of total 292) .... done (Time = 0.00s, Memory = 0.0K)

Generating data for Console...

SpyGlass Rule Checking Complete.

Generating moresimple report from 'spyglass/uart/uart/lint/lint_rtl/spyglass.vdb' to 'spyglass/uart/uart/lint/lint_rtl/spyglass_reports/moresimple.rpt' ....

Generating runsummary report from 'spyglass/uart/uart/lint/lint_rtl/spyglass.vdb' ....

Generating no_msg_reporting_rules report from 'spyglass/uart/uart/lint/lint_rtl/spyglass.vdb' to 'spyglass/uart/uart/lint/lint_rtl/spyglass_reports/no_msg_reporting_rules.rpt' ....

Generating W415_Report report from 'spyglass/uart/uart/lint/lint_rtl/spyglass.vdb' to 'spyglass/uart/uart/lint/lint_rtl/spyglass_reports/lint/W415_Report.rpt' ....

Generating CombLoopReport report from 'spyglass/uart/uart/lint/lint_rtl/spyglass.vdb' to 'spyglass/uart/uart/lint/lint_rtl/spyglass_reports/openmore/CombLoopReport.rpt' ....

Policy specific data (reports) are present in the directory 'spyglass/uart/uart/lint/lint_rtl/spyglass_reports'.

SpyGlass critical reports for the current run are present in directory 'spyglass/uart/consolidated_reports/uart_lint_lint_rtl/'.

---------------------------------------------------------------------------------------------
Results Summary:
---------------------------------------------------------------------------------------------
   Goal Run           :      lint/lint_rtl
   Command-line read  :      0 error,      0 warning,      1 information message 
   Design Read        :      0 error,      0 warning,      2 information messages
      Found 1 top module:
         uart   (file: rtl/uart.sv)

   Blackbox Resolution:      0 error,      0 warning,      0 information message 
   SGDC Checks        :      0 error,      0 warning,      0 information message 
   Policy lint        :      0 error,    221 warnings,     2 information messages
   Policy starc2005   :      0 error,      1 warning,      0 information message 
   Policy erc         :      0 error,      3 warnings,     0 information message 
   -------------------------------------------------------------------------------------
   Total              :      0 error,    225 warnings,     5 information messages

  Total Number of Generated Messages     :       230 (0 error, 225 warnings, 5 Infos)
  Number of Reported Messages            :       230 (0 error, 225 warnings, 5 Infos)

---------------------------------------------------------------------------------------------


run_goal: info: setting design top `uart' as current_design
SpyGlass Exit Code 0 (Rule-checking completed with warnings)
exit: warning: design query data not saved for last active goal `lint/lint_rtl'
               (Enable `auto_save' option in the project to save design query data for goals to be run subsequently)
