
################################################################################
#
# This file has been generated by SpyGlass:
#     Report Name      : moresimple
#     Report Created by: eda
#     Report Created on:  Fri Sep 11 04:26:53 2026
#     Working Directory: /home/eda/workspace/aixsilicon_workflow/repos/aixsilicon_ip_repo/ips/infrastructure/apb/apb_secure_demux/build/rtl/lint_top
#     SpyGlass Version : SpyGlass_vX-2025.06
#     Policy Name      : SpyGlass(SpyGlass_vX-2025.06)
#                        clock-reset(SpyGlass_vX-2025.06)
#                        erc(SpyGlass_vX-2025.06)
#                        latch(SpyGlass_vX-2025.06)
#                        lint(SpyGlass_vX-2025.06)
#                        morelint(SpyGlass_vX-2025.06)
#                        openmore(SpyGlass_vX-2025.06)
#                        power_est(SpyGlass_vX-2025.06)
#                        simulation(SpyGlass_vX-2025.06)
#                        starc(SpyGlass_vX-2025.06)
#                        starc2005(SpyGlass_vX-2025.06)
#
#     Total Number of Generated Messages :       1099
#     Number of Waived Messages          :          0
#     Number of Reported Messages        :       1099
#     Number of Overlimit Messages       :          0
#
#
################################################################################

+++++++++++++++++++++++++++++++++++++++++++++++++++++++++++++++++++++++
MORESIMPLE REPORT:
############### FATAL MESSAGES ############### 
+++++++++++++++++++++++++++++++++++++++++++++++++++++++++++++++++++++++++++++++++
ID       Rule          Alias         Severity    File                                                                                                                                                                    Line    Wt      Message
======================================================================================
[1]      STX_VE_266    STX_VE_266    Syntax      ../../../build/package/top/aixsilicon_ip_apb_secure_demux_1.0.0/ut_top-vcs/src/aixsilicon_ip_apb_secure_demux_1.0.0/rtl/instance/apb_secure_demux_register_bridge.sv    20      1000    Cannot resolve hierarchical reference hwif_out.IP_ID.rd_req
[2]      STX_VE_266    STX_VE_266    Syntax      ../../../build/package/top/aixsilicon_ip_apb_secure_demux_1.0.0/ut_top-vcs/src/aixsilicon_ip_apb_secure_demux_1.0.0/rtl/instance/apb_secure_demux_register_bridge.sv    22      1000    Cannot resolve hierarchical reference hwif_out.IP_ID.rd_req
[3]      STX_VE_266    STX_VE_266    Syntax      ../../../build/package/top/aixsilicon_ip_apb_secure_demux_1.0.0/ut_top-vcs/src/aixsilicon_ip_apb_secure_demux_1.0.0/rtl/instance/apb_secure_demux_register_bridge.sv    23      1000    Cannot resolve hierarchical reference hwif_out.VERSION.rd_req
[4]      STX_VE_266    STX_VE_266    Syntax      ../../../build/package/top/aixsilicon_ip_apb_secure_demux_1.0.0/ut_top-vcs/src/aixsilicon_ip_apb_secure_demux_1.0.0/rtl/instance/apb_secure_demux_register_bridge.sv    25      1000    Cannot resolve hierarchical reference hwif_out.VERSION.rd_req
[5]      STX_VE_266    STX_VE_266    Syntax      ../../../build/package/top/aixsilicon_ip_apb_secure_demux_1.0.0/ut_top-vcs/src/aixsilicon_ip_apb_secure_demux_1.0.0/rtl/instance/apb_secure_demux_register_bridge.sv    26      1000    Cannot resolve hierarchical reference hwif_out.CAP0.rd_req
[6]      STX_VE_266    STX_VE_266    Syntax      ../../../build/package/top/aixsilicon_ip_apb_secure_demux_1.0.0/ut_top-vcs/src/aixsilicon_ip_apb_secure_demux_1.0.0/rtl/instance/apb_secure_demux_register_bridge.sv    28      1000    Cannot resolve hierarchical reference hwif_out.CAP0.rd_req
[7]      STX_VE_266    STX_VE_266    Syntax      ../../../build/package/top/aixsilicon_ip_apb_secure_demux_1.0.0/ut_top-vcs/src/aixsilicon_ip_apb_secure_demux_1.0.0/rtl/instance/apb_secure_demux_register_bridge.sv    29      1000    Cannot resolve hierarchical reference hwif_out.CAP1.rd_req
[8]      STX_VE_266    STX_VE_266    Syntax      ../../../build/package/top/aixsilicon_ip_apb_secure_demux_1.0.0/ut_top-vcs/src/aixsilicon_ip_apb_secure_demux_1.0.0/rtl/instance/apb_secure_demux_register_bridge.sv    31      1000    Cannot resolve hierarchical reference hwif_out.CAP1.rd_req
[9]      STX_VE_266    STX_VE_266    Syntax      ../../../build/package/top/aixsilicon_ip_apb_secure_demux_1.0.0/ut_top-vcs/src/aixsilicon_ip_apb_secure_demux_1.0.0/rtl/instance/apb_secure_demux_register_bridge.sv    32      1000    Cannot resolve hierarchical reference hwif_out.STATUS.rd_req
[A]      STX_VE_266    STX_VE_266    Syntax      ../../../build/package/top/aixsilicon_ip_apb_secure_demux_1.0.0/ut_top-vcs/src/aixsilicon_ip_apb_secure_demux_1.0.0/rtl/instance/apb_secure_demux_register_bridge.sv    34      1000    Cannot resolve hierarchical reference hwif_out.STATUS.rd_req
[B]      STX_VE_266    STX_VE_266    Syntax      ../../../build/package/top/aixsilicon_ip_apb_secure_demux_1.0.0/ut_top-vcs/src/aixsilicon_ip_apb_secure_demux_1.0.0/rtl/instance/apb_secure_demux_register_bridge.sv    35      1000    Cannot resolve hierarchical reference hwif_out.POLICY_VERSION.rd_req
[C]      STX_VE_266    STX_VE_266    Syntax      ../../../build/package/top/aixsilicon_ip_apb_secure_demux_1.0.0/ut_top-vcs/src/aixsilicon_ip_apb_secure_demux_1.0.0/rtl/instance/apb_secure_demux_register_bridge.sv    37      1000    Cannot resolve hierarchical reference hwif_out.POLICY_VERSION.rd_req
[D]      STX_VE_266    STX_VE_266    Syntax      ../../../build/package/top/aixsilicon_ip_apb_secure_demux_1.0.0/ut_top-vcs/src/aixsilicon_ip_apb_secure_demux_1.0.0/rtl/instance/apb_secure_demux_register_bridge.sv    38      1000    Cannot resolve hierarchical reference hwif_out.GLOBAL_LOCK.rd_req
[E]      STX_VE_266    STX_VE_266    Syntax      ../../../build/package/top/aixsilicon_ip_apb_secure_demux_1.0.0/ut_top-vcs/src/aixsilicon_ip_apb_secure_demux_1.0.0/rtl/instance/apb_secure_demux_register_bridge.sv    40      1000    Cannot resolve hierarchical reference hwif_out.GLOBAL_LOCK.rd_req
[F]      STX_VE_266    STX_VE_266    Syntax      ../../../build/package/top/aixsilicon_ip_apb_secure_demux_1.0.0/ut_top-vcs/src/aixsilicon_ip_apb_secure_demux_1.0.0/rtl/instance/apb_secure_demux_register_bridge.sv    41      1000    Cannot resolve hierarchical reference hwif_out.GLOBAL_LOCK.wr_req
[10]     STX_VE_266    STX_VE_266    Syntax      ../../../build/package/top/aixsilicon_ip_apb_secure_demux_1.0.0/ut_top-vcs/src/aixsilicon_ip_apb_secure_demux_1.0.0/rtl/instance/apb_secure_demux_register_bridge.sv    42      1000    Cannot resolve hierarchical reference hwif_out.GLOBAL_LOCK.wr_req
[11]     STX_VE_266    STX_VE_266    Syntax      ../../../build/package/top/aixsilicon_ip_apb_secure_demux_1.0.0/ut_top-vcs/src/aixsilicon_ip_apb_secure_demux_1.0.0/rtl/instance/apb_secure_demux_register_bridge.sv    43      1000    Cannot resolve hierarchical reference hwif_out.COMMIT_MASK.wr_req
[12]     STX_VE_266    STX_VE_266    Syntax      ../../../build/package/top/aixsilicon_ip_apb_secure_demux_1.0.0/ut_top-vcs/src/aixsilicon_ip_apb_secure_demux_1.0.0/rtl/instance/apb_secure_demux_register_bridge.sv    44      1000    Cannot resolve hierarchical reference hwif_out.COMMIT_MASK.wr_req
[13]     STX_VE_266    STX_VE_266    Syntax      ../../../build/package/top/aixsilicon_ip_apb_secure_demux_1.0.0/ut_top-vcs/src/aixsilicon_ip_apb_secure_demux_1.0.0/rtl/instance/apb_secure_demux_register_bridge.sv    45      1000    Cannot resolve hierarchical reference hwif_out.COMMIT_STATUS.rd_req
[14]     STX_VE_266    STX_VE_266    Syntax      ../../../build/package/top/aixsilicon_ip_apb_secure_demux_1.0.0/ut_top-vcs/src/aixsilicon_ip_apb_secure_demux_1.0.0/rtl/instance/apb_secure_demux_register_bridge.sv    47      1000    Cannot resolve hierarchical reference hwif_out.COMMIT_STATUS.rd_req
[15]     STX_VE_266    STX_VE_266    Syntax      ../../../build/package/top/aixsilicon_ip_apb_secure_demux_1.0.0/ut_top-vcs/src/aixsilicon_ip_apb_secure_demux_1.0.0/rtl/instance/apb_secure_demux_register_bridge.sv    48      1000    Cannot resolve hierarchical reference hwif_out.SHADOW_RELOAD.wr_req
[16]     STX_VE_266    STX_VE_266    Syntax      ../../../build/package/top/aixsilicon_ip_apb_secure_demux_1.0.0/ut_top-vcs/src/aixsilicon_ip_apb_secure_demux_1.0.0/rtl/instance/apb_secure_demux_register_bridge.sv    49      1000    Cannot resolve hierarchical reference hwif_out.SHADOW_RELOAD.wr_req
[17]     STX_VE_266    STX_VE_266    Syntax      ../../../build/package/top/aixsilicon_ip_apb_secure_demux_1.0.0/ut_top-vcs/src/aixsilicon_ip_apb_secure_demux_1.0.0/rtl/instance/apb_secure_demux_register_bridge.sv    50      1000    Cannot resolve hierarchical reference hwif_out.MGMT_MASK_LO.rd_req
[18]     STX_VE_266    STX_VE_266    Syntax      ../../../build/package/top/aixsilicon_ip_apb_secure_demux_1.0.0/ut_top-vcs/src/aixsilicon_ip_apb_secure_demux_1.0.0/rtl/instance/apb_secure_demux_register_bridge.sv    52      1000    Cannot resolve hierarchical reference hwif_out.MGMT_MASK_LO.rd_req
[19]     STX_VE_266    STX_VE_266    Syntax      ../../../build/package/top/aixsilicon_ip_apb_secure_demux_1.0.0/ut_top-vcs/src/aixsilicon_ip_apb_secure_demux_1.0.0/rtl/instance/apb_secure_demux_register_bridge.sv    53      1000    Cannot resolve hierarchical reference hwif_out.MGMT_MASK_HI.rd_req
[1A]     STX_VE_266    STX_VE_266    Syntax      ../../../build/package/top/aixsilicon_ip_apb_secure_demux_1.0.0/ut_top-vcs/src/aixsilicon_ip_apb_secure_demux_1.0.0/rtl/instance/apb_secure_demux_register_bridge.sv    55      1000    Cannot resolve hierarchical reference hwif_out.MGMT_MASK_HI.rd_req
[1B]     STX_VE_266    STX_VE_266    Syntax      ../../../build/package/top/aixsilicon_ip_apb_secure_demux_1.0.0/ut_top-vcs/src/aixsilicon_ip_apb_secure_demux_1.0.0/rtl/instance/apb_secure_demux_register_bridge.sv    56      1000    Cannot resolve hierarchical reference hwif_out.INTR_RAW.rd_req
[1C]     STX_VE_266    STX_VE_266    Syntax      ../../../build/package/top/aixsilicon_ip_apb_secure_demux_1.0.0/ut_top-vcs/src/aixsilicon_ip_apb_secure_demux_1.0.0/rtl/instance/apb_secure_demux_register_bridge.sv    58      1000    Cannot resolve hierarchical reference hwif_out.INTR_RAW.rd_req
[1D]     STX_VE_266    STX_VE_266    Syntax      ../../../build/package/top/aixsilicon_ip_apb_secure_demux_1.0.0/ut_top-vcs/src/aixsilicon_ip_apb_secure_demux_1.0.0/rtl/instance/apb_secure_demux_register_bridge.sv    59      1000    Cannot resolve hierarchical reference hwif_out.INTR_RAW.wr_req
[1E]     STX_VE_266    STX_VE_266    Syntax      ../../../build/package/top/aixsilicon_ip_apb_secure_demux_1.0.0/ut_top-vcs/src/aixsilicon_ip_apb_secure_demux_1.0.0/rtl/instance/apb_secure_demux_register_bridge.sv    60      1000    Cannot resolve hierarchical reference hwif_out.INTR_RAW.wr_req
[1F]     STX_VE_266    STX_VE_266    Syntax      ../../../build/package/top/aixsilicon_ip_apb_secure_demux_1.0.0/ut_top-vcs/src/aixsilicon_ip_apb_secure_demux_1.0.0/rtl/instance/apb_secure_demux_register_bridge.sv    61      1000    Cannot resolve hierarchical reference hwif_out.INTR_ENABLE.rd_req
[20]     STX_VE_266    STX_VE_266    Syntax      ../../../build/package/top/aixsilicon_ip_apb_secure_demux_1.0.0/ut_top-vcs/src/aixsilicon_ip_apb_secure_demux_1.0.0/rtl/instance/apb_secure_demux_register_bridge.sv    63      1000    Cannot resolve hierarchical reference hwif_out.INTR_ENABLE.rd_req
[21]     STX_VE_266    STX_VE_266    Syntax      ../../../build/package/top/aixsilicon_ip_apb_secure_demux_1.0.0/ut_top-vcs/src/aixsilicon_ip_apb_secure_demux_1.0.0/rtl/instance/apb_secure_demux_register_bridge.sv    64      1000    Cannot resolve hierarchical reference hwif_out.INTR_ENABLE.wr_req
[22]     STX_VE_266    STX_VE_266    Syntax      ../../../build/package/top/aixsilicon_ip_apb_secure_demux_1.0.0/ut_top-vcs/src/aixsilicon_ip_apb_secure_demux_1.0.0/rtl/instance/apb_secure_demux_register_bridge.sv    65      1000    Cannot resolve hierarchical reference hwif_out.INTR_ENABLE.wr_req
[23]     STX_VE_266    STX_VE_266    Syntax      ../../../build/package/top/aixsilicon_ip_apb_secure_demux_1.0.0/ut_top-vcs/src/aixsilicon_ip_apb_secure_demux_1.0.0/rtl/instance/apb_secure_demux_register_bridge.sv    66      1000    Cannot resolve hierarchical reference hwif_out.INTR_MASKED.rd_req
[24]     STX_VE_266    STX_VE_266    Syntax      ../../../build/package/top/aixsilicon_ip_apb_secure_demux_1.0.0/ut_top-vcs/src/aixsilicon_ip_apb_secure_demux_1.0.0/rtl/instance/apb_secure_demux_register_bridge.sv    68      1000    Cannot resolve hierarchical reference hwif_out.INTR_MASKED.rd_req
[25]     STX_VE_266    STX_VE_266    Syntax      ../../../build/package/top/aixsilicon_ip_apb_secure_demux_1.0.0/ut_top-vcs/src/aixsilicon_ip_apb_secure_demux_1.0.0/rtl/instance/apb_secure_demux_register_bridge.sv    69      1000    Cannot resolve hierarchical reference hwif_out.ALERT_ENABLE.rd_req
[26]     STX_VE_266    STX_VE_266    Syntax      ../../../build/package/top/aixsilicon_ip_apb_secure_demux_1.0.0/ut_top-vcs/src/aixsilicon_ip_apb_secure_demux_1.0.0/rtl/instance/apb_secure_demux_register_bridge.sv    71      1000    Cannot resolve hierarchical reference hwif_out.ALERT_ENABLE.rd_req
[27]     STX_VE_266    STX_VE_266    Syntax      ../../../build/package/top/aixsilicon_ip_apb_secure_demux_1.0.0/ut_top-vcs/src/aixsilicon_ip_apb_secure_demux_1.0.0/rtl/instance/apb_secure_demux_register_bridge.sv    72      1000    Cannot resolve hierarchical reference hwif_out.ALERT_ENABLE.wr_req
[28]     STX_VE_266    STX_VE_266    Syntax      ../../../build/package/top/aixsilicon_ip_apb_secure_demux_1.0.0/ut_top-vcs/src/aixsilicon_ip_apb_secure_demux_1.0.0/rtl/instance/apb_secure_demux_register_bridge.sv    73      1000    Cannot resolve hierarchical reference hwif_out.ALERT_ENABLE.wr_req
[29]     STX_VE_266    STX_VE_266    Syntax      ../../../build/package/top/aixsilicon_ip_apb_secure_demux_1.0.0/ut_top-vcs/src/aixsilicon_ip_apb_secure_demux_1.0.0/rtl/instance/apb_secure_demux_register_bridge.sv    74      1000    Cannot resolve hierarchical reference hwif_out.INTR_TEST.wr_req
[2A]     STX_VE_266    STX_VE_266    Syntax      ../../../build/package/top/aixsilicon_ip_apb_secure_demux_1.0.0/ut_top-vcs/src/aixsilicon_ip_apb_secure_demux_1.0.0/rtl/instance/apb_secure_demux_register_bridge.sv    75      1000    Cannot resolve hierarchical reference hwif_out.INTR_TEST.wr_req
[2B]     STX_VE_266    STX_VE_266    Syntax      ../../../build/package/top/aixsilicon_ip_apb_secure_demux_1.0.0/ut_top-vcs/src/aixsilicon_ip_apb_secure_demux_1.0.0/rtl/instance/apb_secure_demux_register_bridge.sv    76      1000    Cannot resolve hierarchical reference hwif_out.FAULT_CLEAR.wr_req
[2C]     STX_VE_266    STX_VE_266    Syntax      ../../../build/package/top/aixsilicon_ip_apb_secure_demux_1.0.0/ut_top-vcs/src/aixsilicon_ip_apb_secure_demux_1.0.0/rtl/instance/apb_secure_demux_register_bridge.sv    77      1000    Cannot resolve hierarchical reference hwif_out.FAULT_CLEAR.wr_req
[2D]     STX_VE_266    STX_VE_266    Syntax      ../../../build/package/top/aixsilicon_ip_apb_secure_demux_1.0.0/ut_top-vcs/src/aixsilicon_ip_apb_secure_demux_1.0.0/rtl/instance/apb_secure_demux_register_bridge.sv    78      1000    Cannot resolve hierarchical reference hwif_out.FIFO_STATUS.rd_req
[2E]     STX_VE_266    STX_VE_266    Syntax      ../../../build/package/top/aixsilicon_ip_apb_secure_demux_1.0.0/ut_top-vcs/src/aixsilicon_ip_apb_secure_demux_1.0.0/rtl/instance/apb_secure_demux_register_bridge.sv    80      1000    Cannot resolve hierarchical reference hwif_out.FIFO_STATUS.rd_req
[2F]     STX_VE_266    STX_VE_266    Syntax      ../../../build/package/top/aixsilicon_ip_apb_secure_demux_1.0.0/ut_top-vcs/src/aixsilicon_ip_apb_secure_demux_1.0.0/rtl/instance/apb_secure_demux_register_bridge.sv    81      1000    Cannot resolve hierarchical reference hwif_out.FIFO_POP.wr_req
[30]     STX_VE_266    STX_VE_266    Syntax      ../../../build/package/top/aixsilicon_ip_apb_secure_demux_1.0.0/ut_top-vcs/src/aixsilicon_ip_apb_secure_demux_1.0.0/rtl/instance/apb_secure_demux_register_bridge.sv    82      1000    Cannot resolve hierarchical reference hwif_out.FIFO_POP.wr_req
[31]     STX_VE_266    STX_VE_266    Syntax      ../../../build/package/top/aixsilicon_ip_apb_secure_demux_1.0.0/ut_top-vcs/src/aixsilicon_ip_apb_secure_demux_1.0.0/rtl/instance/apb_secure_demux_register_bridge.sv    83      1000    Cannot resolve hierarchical reference hwif_out.ACCESS_DENY_COUNT.rd_req
[32]     STX_VE_266    STX_VE_266    Syntax      ../../../build/package/top/aixsilicon_ip_apb_secure_demux_1.0.0/ut_top-vcs/src/aixsilicon_ip_apb_secure_demux_1.0.0/rtl/instance/apb_secure_demux_register_bridge.sv    85      1000    Cannot resolve hierarchical reference hwif_out.ACCESS_DENY_COUNT.rd_req
[33]     STX_VE_266    STX_VE_266    Syntax      ../../../build/package/top/aixsilicon_ip_apb_secure_demux_1.0.0/ut_top-vcs/src/aixsilicon_ip_apb_secure_demux_1.0.0/rtl/instance/apb_secure_demux_register_bridge.sv    86      1000    Cannot resolve hierarchical reference hwif_out.CFG_DENY_COUNT.rd_req
[34]     STX_VE_266    STX_VE_266    Syntax      ../../../build/package/top/aixsilicon_ip_apb_secure_demux_1.0.0/ut_top-vcs/src/aixsilicon_ip_apb_secure_demux_1.0.0/rtl/instance/apb_secure_demux_register_bridge.sv    88      1000    Cannot resolve hierarchical reference hwif_out.CFG_DENY_COUNT.rd_req
[35]     STX_VE_266    STX_VE_266    Syntax      ../../../build/package/top/aixsilicon_ip_apb_secure_demux_1.0.0/ut_top-vcs/src/aixsilicon_ip_apb_secure_demux_1.0.0/rtl/instance/apb_secure_demux_register_bridge.sv    89      1000    Cannot resolve hierarchical reference hwif_out.EVENT_LOST_COUNT.rd_req
[36]     STX_VE_266    STX_VE_266    Syntax      ../../../build/package/top/aixsilicon_ip_apb_secure_demux_1.0.0/ut_top-vcs/src/aixsilicon_ip_apb_secure_demux_1.0.0/rtl/instance/apb_secure_demux_register_bridge.sv    91      1000    Cannot resolve hierarchical reference hwif_out.EVENT_LOST_COUNT.rd_req
[37]     STX_VE_266    STX_VE_266    Syntax      ../../../build/package/top/aixsilicon_ip_apb_secure_demux_1.0.0/ut_top-vcs/src/aixsilicon_ip_apb_secure_demux_1.0.0/rtl/instance/apb_secure_demux_register_bridge.sv    92      1000    Cannot resolve hierarchical reference hwif_out.DOWNSTREAM_ERR_COUNT.rd_req
[38]     STX_VE_266    STX_VE_266    Syntax      ../../../build/package/top/aixsilicon_ip_apb_secure_demux_1.0.0/ut_top-vcs/src/aixsilicon_ip_apb_secure_demux_1.0.0/rtl/instance/apb_secure_demux_register_bridge.sv    94      1000    Cannot resolve hierarchical reference hwif_out.DOWNSTREAM_ERR_COUNT.rd_req
[39]     STX_VE_266    STX_VE_266    Syntax      ../../../build/package/top/aixsilicon_ip_apb_secure_demux_1.0.0/ut_top-vcs/src/aixsilicon_ip_apb_secure_demux_1.0.0/rtl/instance/apb_secure_demux_register_bridge.sv    95      1000    Cannot resolve hierarchical reference hwif_out.COUNTER_CLEAR.wr_req
[3A]     STX_VE_266    STX_VE_266    Syntax      ../../../build/package/top/aixsilicon_ip_apb_secure_demux_1.0.0/ut_top-vcs/src/aixsilicon_ip_apb_secure_demux_1.0.0/rtl/instance/apb_secure_demux_register_bridge.sv    96      1000    Cannot resolve hierarchical reference hwif_out.COUNTER_CLEAR.wr_req
[3B]     STX_VE_266    STX_VE_266    Syntax      ../../../build/package/top/aixsilicon_ip_apb_secure_demux_1.0.0/ut_top-vcs/src/aixsilicon_ip_apb_secure_demux_1.0.0/rtl/instance/apb_secure_demux_register_bridge.sv    97      1000    Cannot resolve hierarchical reference hwif_out.INTEGRITY_STATUS.rd_req
[3C]     STX_VE_266    STX_VE_266    Syntax      ../../../build/package/top/aixsilicon_ip_apb_secure_demux_1.0.0/ut_top-vcs/src/aixsilicon_ip_apb_secure_demux_1.0.0/rtl/instance/apb_secure_demux_register_bridge.sv    99      1000    Cannot resolve hierarchical reference hwif_out.INTEGRITY_STATUS.rd_req
[3D]     STX_VE_266    STX_VE_266    Syntax      ../../../build/package/top/aixsilicon_ip_apb_secure_demux_1.0.0/ut_top-vcs/src/aixsilicon_ip_apb_secure_demux_1.0.0/rtl/instance/apb_secure_demux_register_bridge.sv    100     1000    Cannot resolve hierarchical reference hwif_out.FIRST_FAULT[0].rd_req
[3E]     STX_VE_266    STX_VE_266    Syntax      ../../../build/package/top/aixsilicon_ip_apb_secure_demux_1.0.0/ut_top-vcs/src/aixsilicon_ip_apb_secure_demux_1.0.0/rtl/instance/apb_secure_demux_register_bridge.sv    102     1000    Cannot resolve hierarchical reference hwif_out.FIRST_FAULT[0].rd_req
[3F]     STX_VE_266    STX_VE_266    Syntax      ../../../build/package/top/aixsilicon_ip_apb_secure_demux_1.0.0/ut_top-vcs/src/aixsilicon_ip_apb_secure_demux_1.0.0/rtl/instance/apb_secure_demux_register_bridge.sv    103     1000    Cannot resolve hierarchical reference hwif_out.FIRST_FAULT[1].rd_req
[40]     STX_VE_266    STX_VE_266    Syntax      ../../../build/package/top/aixsilicon_ip_apb_secure_demux_1.0.0/ut_top-vcs/src/aixsilicon_ip_apb_secure_demux_1.0.0/rtl/instance/apb_secure_demux_register_bridge.sv    105     1000    Cannot resolve hierarchical reference hwif_out.FIRST_FAULT[1].rd_req
[41]     STX_VE_266    STX_VE_266    Syntax      ../../../build/package/top/aixsilicon_ip_apb_secure_demux_1.0.0/ut_top-vcs/src/aixsilicon_ip_apb_secure_demux_1.0.0/rtl/instance/apb_secure_demux_register_bridge.sv    106     1000    Cannot resolve hierarchical reference hwif_out.FIRST_FAULT[2].rd_req
[42]     STX_VE_266    STX_VE_266    Syntax      ../../../build/package/top/aixsilicon_ip_apb_secure_demux_1.0.0/ut_top-vcs/src/aixsilicon_ip_apb_secure_demux_1.0.0/rtl/instance/apb_secure_demux_register_bridge.sv    108     1000    Cannot resolve hierarchical reference hwif_out.FIRST_FAULT[2].rd_req
[43]     STX_VE_266    STX_VE_266    Syntax      ../../../build/package/top/aixsilicon_ip_apb_secure_demux_1.0.0/ut_top-vcs/src/aixsilicon_ip_apb_secure_demux_1.0.0/rtl/instance/apb_secure_demux_register_bridge.sv    109     1000    Cannot resolve hierarchical reference hwif_out.FIRST_FAULT[3].rd_req
[44]     STX_VE_266    STX_VE_266    Syntax      ../../../build/package/top/aixsilicon_ip_apb_secure_demux_1.0.0/ut_top-vcs/src/aixsilicon_ip_apb_secure_demux_1.0.0/rtl/instance/apb_secure_demux_register_bridge.sv    111     1000    Cannot resolve hierarchical reference hwif_out.FIRST_FAULT[3].rd_req
[45]     STX_VE_266    STX_VE_266    Syntax      ../../../build/package/top/aixsilicon_ip_apb_secure_demux_1.0.0/ut_top-vcs/src/aixsilicon_ip_apb_secure_demux_1.0.0/rtl/instance/apb_secure_demux_register_bridge.sv    112     1000    Cannot resolve hierarchical reference hwif_out.FIRST_FAULT[4].rd_req
[46]     STX_VE_266    STX_VE_266    Syntax      ../../../build/package/top/aixsilicon_ip_apb_secure_demux_1.0.0/ut_top-vcs/src/aixsilicon_ip_apb_secure_demux_1.0.0/rtl/instance/apb_secure_demux_register_bridge.sv    114     1000    Cannot resolve hierarchical reference hwif_out.FIRST_FAULT[4].rd_req
[47]     STX_VE_266    STX_VE_266    Syntax      ../../../build/package/top/aixsilicon_ip_apb_secure_demux_1.0.0/ut_top-vcs/src/aixsilicon_ip_apb_secure_demux_1.0.0/rtl/instance/apb_secure_demux_register_bridge.sv    115     1000    Cannot resolve hierarchical reference hwif_out.FIRST_FAULT[5].rd_req
[48]     STX_VE_266    STX_VE_266    Syntax      ../../../build/package/top/aixsilicon_ip_apb_secure_demux_1.0.0/ut_top-vcs/src/aixsilicon_ip_apb_secure_demux_1.0.0/rtl/instance/apb_secure_demux_register_bridge.sv    117     1000    Cannot resolve hierarchical reference hwif_out.FIRST_FAULT[5].rd_req
[49]     STX_VE_266    STX_VE_266    Syntax      ../../../build/package/top/aixsilicon_ip_apb_secure_demux_1.0.0/ut_top-vcs/src/aixsilicon_ip_apb_secure_demux_1.0.0/rtl/instance/apb_secure_demux_register_bridge.sv    118     1000    Cannot resolve hierarchical reference hwif_out.FIRST_FAULT[6].rd_req
[4A]     STX_VE_266    STX_VE_266    Syntax      ../../../build/package/top/aixsilicon_ip_apb_secure_demux_1.0.0/ut_top-vcs/src/aixsilicon_ip_apb_secure_demux_1.0.0/rtl/instance/apb_secure_demux_register_bridge.sv    120     1000    Cannot resolve hierarchical reference hwif_out.FIRST_FAULT[6].rd_req
[4B]     STX_VE_266    STX_VE_266    Syntax      ../../../build/package/top/aixsilicon_ip_apb_secure_demux_1.0.0/ut_top-vcs/src/aixsilicon_ip_apb_secure_demux_1.0.0/rtl/instance/apb_secure_demux_register_bridge.sv    121     1000    Cannot resolve hierarchical reference hwif_out.FIRST_FAULT[7].rd_req
[4C]     STX_VE_266    STX_VE_266    Syntax      ../../../build/package/top/aixsilicon_ip_apb_secure_demux_1.0.0/ut_top-vcs/src/aixsilicon_ip_apb_secure_demux_1.0.0/rtl/instance/apb_secure_demux_register_bridge.sv    123     1000    Cannot resolve hierarchical reference hwif_out.FIRST_FAULT[7].rd_req
[4D]     STX_VE_266    STX_VE_266    Syntax      ../../../build/package/top/aixsilicon_ip_apb_secure_demux_1.0.0/ut_top-vcs/src/aixsilicon_ip_apb_secure_demux_1.0.0/rtl/instance/apb_secure_demux_register_bridge.sv    124     1000    Cannot resolve hierarchical reference hwif_out.LAST_FAULT[0].rd_req
[4E]     STX_VE_266    STX_VE_266    Syntax      ../../../build/package/top/aixsilicon_ip_apb_secure_demux_1.0.0/ut_top-vcs/src/aixsilicon_ip_apb_secure_demux_1.0.0/rtl/instance/apb_secure_demux_register_bridge.sv    126     1000    Cannot resolve hierarchical reference hwif_out.LAST_FAULT[0].rd_req
[4F]     STX_VE_266    STX_VE_266    Syntax      ../../../build/package/top/aixsilicon_ip_apb_secure_demux_1.0.0/ut_top-vcs/src/aixsilicon_ip_apb_secure_demux_1.0.0/rtl/instance/apb_secure_demux_register_bridge.sv    127     1000    Cannot resolve hierarchical reference hwif_out.LAST_FAULT[1].rd_req
[50]     STX_VE_266    STX_VE_266    Syntax      ../../../build/package/top/aixsilicon_ip_apb_secure_demux_1.0.0/ut_top-vcs/src/aixsilicon_ip_apb_secure_demux_1.0.0/rtl/instance/apb_secure_demux_register_bridge.sv    129     1000    Cannot resolve hierarchical reference hwif_out.LAST_FAULT[1].rd_req
[51]     STX_VE_266    STX_VE_266    Syntax      ../../../build/package/top/aixsilicon_ip_apb_secure_demux_1.0.0/ut_top-vcs/src/aixsilicon_ip_apb_secure_demux_1.0.0/rtl/instance/apb_secure_demux_register_bridge.sv    130     1000    Cannot resolve hierarchical reference hwif_out.LAST_FAULT[2].rd_req
[52]     STX_VE_266    STX_VE_266    Syntax      ../../../build/package/top/aixsilicon_ip_apb_secure_demux_1.0.0/ut_top-vcs/src/aixsilicon_ip_apb_secure_demux_1.0.0/rtl/instance/apb_secure_demux_register_bridge.sv    132     1000    Cannot resolve hierarchical reference hwif_out.LAST_FAULT[2].rd_req
[53]     STX_VE_266    STX_VE_266    Syntax      ../../../build/package/top/aixsilicon_ip_apb_secure_demux_1.0.0/ut_top-vcs/src/aixsilicon_ip_apb_secure_demux_1.0.0/rtl/instance/apb_secure_demux_register_bridge.sv    133     1000    Cannot resolve hierarchical reference hwif_out.LAST_FAULT[3].rd_req
[54]     STX_VE_266    STX_VE_266    Syntax      ../../../build/package/top/aixsilicon_ip_apb_secure_demux_1.0.0/ut_top-vcs/src/aixsilicon_ip_apb_secure_demux_1.0.0/rtl/instance/apb_secure_demux_register_bridge.sv    135     1000    Cannot resolve hierarchical reference hwif_out.LAST_FAULT[3].rd_req
[55]     STX_VE_266    STX_VE_266    Syntax      ../../../build/package/top/aixsilicon_ip_apb_secure_demux_1.0.0/ut_top-vcs/src/aixsilicon_ip_apb_secure_demux_1.0.0/rtl/instance/apb_secure_demux_register_bridge.sv    136     1000    Cannot resolve hierarchical reference hwif_out.LAST_FAULT[4].rd_req
[56]     STX_VE_266    STX_VE_266    Syntax      ../../../build/package/top/aixsilicon_ip_apb_secure_demux_1.0.0/ut_top-vcs/src/aixsilicon_ip_apb_secure_demux_1.0.0/rtl/instance/apb_secure_demux_register_bridge.sv    138     1000    Cannot resolve hierarchical reference hwif_out.LAST_FAULT[4].rd_req
[57]     STX_VE_266    STX_VE_266    Syntax      ../../../build/package/top/aixsilicon_ip_apb_secure_demux_1.0.0/ut_top-vcs/src/aixsilicon_ip_apb_secure_demux_1.0.0/rtl/instance/apb_secure_demux_register_bridge.sv    139     1000    Cannot resolve hierarchical reference hwif_out.LAST_FAULT[5].rd_req
[58]     STX_VE_266    STX_VE_266    Syntax      ../../../build/package/top/aixsilicon_ip_apb_secure_demux_1.0.0/ut_top-vcs/src/aixsilicon_ip_apb_secure_demux_1.0.0/rtl/instance/apb_secure_demux_register_bridge.sv    141     1000    Cannot resolve hierarchical reference hwif_out.LAST_FAULT[5].rd_req
[59]     STX_VE_266    STX_VE_266    Syntax      ../../../build/package/top/aixsilicon_ip_apb_secure_demux_1.0.0/ut_top-vcs/src/aixsilicon_ip_apb_secure_demux_1.0.0/rtl/instance/apb_secure_demux_register_bridge.sv    142     1000    Cannot resolve hierarchical reference hwif_out.LAST_FAULT[6].rd_req
[5A]     STX_VE_266    STX_VE_266    Syntax      ../../../build/package/top/aixsilicon_ip_apb_secure_demux_1.0.0/ut_top-vcs/src/aixsilicon_ip_apb_secure_demux_1.0.0/rtl/instance/apb_secure_demux_register_bridge.sv    144     1000    Cannot resolve hierarchical reference hwif_out.LAST_FAULT[6].rd_req
[5B]     STX_VE_266    STX_VE_266    Syntax      ../../../build/package/top/aixsilicon_ip_apb_secure_demux_1.0.0/ut_top-vcs/src/aixsilicon_ip_apb_secure_demux_1.0.0/rtl/instance/apb_secure_demux_register_bridge.sv    145     1000    Cannot resolve hierarchical reference hwif_out.LAST_FAULT[7].rd_req
[5C]     STX_VE_266    STX_VE_266    Syntax      ../../../build/package/top/aixsilicon_ip_apb_secure_demux_1.0.0/ut_top-vcs/src/aixsilicon_ip_apb_secure_demux_1.0.0/rtl/instance/apb_secure_demux_register_bridge.sv    147     1000    Cannot resolve hierarchical reference hwif_out.LAST_FAULT[7].rd_req
[5D]     STX_VE_266    STX_VE_266    Syntax      ../../../build/package/top/aixsilicon_ip_apb_secure_demux_1.0.0/ut_top-vcs/src/aixsilicon_ip_apb_secure_demux_1.0.0/rtl/instance/apb_secure_demux_register_bridge.sv    148     1000    Cannot resolve hierarchical reference hwif_out.FIFO_HEAD[0].rd_req
[5E]     STX_VE_266    STX_VE_266    Syntax      ../../../build/package/top/aixsilicon_ip_apb_secure_demux_1.0.0/ut_top-vcs/src/aixsilicon_ip_apb_secure_demux_1.0.0/rtl/instance/apb_secure_demux_register_bridge.sv    150     1000    Cannot resolve hierarchical reference hwif_out.FIFO_HEAD[0].rd_req
[5F]     STX_VE_266    STX_VE_266    Syntax      ../../../build/package/top/aixsilicon_ip_apb_secure_demux_1.0.0/ut_top-vcs/src/aixsilicon_ip_apb_secure_demux_1.0.0/rtl/instance/apb_secure_demux_register_bridge.sv    151     1000    Cannot resolve hierarchical reference hwif_out.FIFO_HEAD[1].rd_req
[60]     STX_VE_266    STX_VE_266    Syntax      ../../../build/package/top/aixsilicon_ip_apb_secure_demux_1.0.0/ut_top-vcs/src/aixsilicon_ip_apb_secure_demux_1.0.0/rtl/instance/apb_secure_demux_register_bridge.sv    153     1000    Cannot resolve hierarchical reference hwif_out.FIFO_HEAD[1].rd_req
[61]     STX_VE_266    STX_VE_266    Syntax      ../../../build/package/top/aixsilicon_ip_apb_secure_demux_1.0.0/ut_top-vcs/src/aixsilicon_ip_apb_secure_demux_1.0.0/rtl/instance/apb_secure_demux_register_bridge.sv    154     1000    Cannot resolve hierarchical reference hwif_out.FIFO_HEAD[2].rd_req
[62]     STX_VE_266    STX_VE_266    Syntax      ../../../build/package/top/aixsilicon_ip_apb_secure_demux_1.0.0/ut_top-vcs/src/aixsilicon_ip_apb_secure_demux_1.0.0/rtl/instance/apb_secure_demux_register_bridge.sv    156     1000    Cannot resolve hierarchical reference hwif_out.FIFO_HEAD[2].rd_req
[63]     STX_VE_266    STX_VE_266    Syntax      ../../../build/package/top/aixsilicon_ip_apb_secure_demux_1.0.0/ut_top-vcs/src/aixsilicon_ip_apb_secure_demux_1.0.0/rtl/instance/apb_secure_demux_register_bridge.sv    157     1000    Cannot resolve hierarchical reference hwif_out.FIFO_HEAD[3].rd_req
[64]     STX_VE_266    STX_VE_266    Syntax      ../../../build/package/top/aixsilicon_ip_apb_secure_demux_1.0.0/ut_top-vcs/src/aixsilicon_ip_apb_secure_demux_1.0.0/rtl/instance/apb_secure_demux_register_bridge.sv    159     1000    Cannot resolve hierarchical reference hwif_out.FIFO_HEAD[3].rd_req
[65]     STX_VE_266    STX_VE_266    Syntax      ../../../build/package/top/aixsilicon_ip_apb_secure_demux_1.0.0/ut_top-vcs/src/aixsilicon_ip_apb_secure_demux_1.0.0/rtl/instance/apb_secure_demux_register_bridge.sv    160     1000    Cannot resolve hierarchical reference hwif_out.FIFO_HEAD[4].rd_req
[66]     STX_VE_266    STX_VE_266    Syntax      ../../../build/package/top/aixsilicon_ip_apb_secure_demux_1.0.0/ut_top-vcs/src/aixsilicon_ip_apb_secure_demux_1.0.0/rtl/instance/apb_secure_demux_register_bridge.sv    162     1000    Cannot resolve hierarchical reference hwif_out.FIFO_HEAD[4].rd_req
[67]     STX_VE_266    STX_VE_266    Syntax      ../../../build/package/top/aixsilicon_ip_apb_secure_demux_1.0.0/ut_top-vcs/src/aixsilicon_ip_apb_secure_demux_1.0.0/rtl/instance/apb_secure_demux_register_bridge.sv    163     1000    Cannot resolve hierarchical reference hwif_out.FIFO_HEAD[5].rd_req
[68]     STX_VE_266    STX_VE_266    Syntax      ../../../build/package/top/aixsilicon_ip_apb_secure_demux_1.0.0/ut_top-vcs/src/aixsilicon_ip_apb_secure_demux_1.0.0/rtl/instance/apb_secure_demux_register_bridge.sv    165     1000    Cannot resolve hierarchical reference hwif_out.FIFO_HEAD[5].rd_req
[69]     STX_VE_266    STX_VE_266    Syntax      ../../../build/package/top/aixsilicon_ip_apb_secure_demux_1.0.0/ut_top-vcs/src/aixsilicon_ip_apb_secure_demux_1.0.0/rtl/instance/apb_secure_demux_register_bridge.sv    166     1000    Cannot resolve hierarchical reference hwif_out.FIFO_HEAD[6].rd_req
[6A]     STX_VE_266    STX_VE_266    Syntax      ../../../build/package/top/aixsilicon_ip_apb_secure_demux_1.0.0/ut_top-vcs/src/aixsilicon_ip_apb_secure_demux_1.0.0/rtl/instance/apb_secure_demux_register_bridge.sv    168     1000    Cannot resolve hierarchical reference hwif_out.FIFO_HEAD[6].rd_req
[6B]     STX_VE_266    STX_VE_266    Syntax      ../../../build/package/top/aixsilicon_ip_apb_secure_demux_1.0.0/ut_top-vcs/src/aixsilicon_ip_apb_secure_demux_1.0.0/rtl/instance/apb_secure_demux_register_bridge.sv    169     1000    Cannot resolve hierarchical reference hwif_out.FIFO_HEAD[7].rd_req
[6C]     STX_VE_266    STX_VE_266    Syntax      ../../../build/package/top/aixsilicon_ip_apb_secure_demux_1.0.0/ut_top-vcs/src/aixsilicon_ip_apb_secure_demux_1.0.0/rtl/instance/apb_secure_demux_register_bridge.sv    171     1000    Cannot resolve hierarchical reference hwif_out.FIFO_HEAD[7].rd_req
[6D]     STX_VE_266    STX_VE_266    Syntax      ../../../build/package/top/aixsilicon_ip_apb_secure_demux_1.0.0/ut_top-vcs/src/aixsilicon_ip_apb_secure_demux_1.0.0/rtl/instance/apb_secure_demux_register_bridge.sv    172     1000    Cannot resolve hierarchical reference hwif_out.DFX_STATUS.rd_req
[6E]     STX_VE_266    STX_VE_266    Syntax      ../../../build/package/top/aixsilicon_ip_apb_secure_demux_1.0.0/ut_top-vcs/src/aixsilicon_ip_apb_secure_demux_1.0.0/rtl/instance/apb_secure_demux_register_bridge.sv    174     1000    Cannot resolve hierarchical reference hwif_out.DFX_STATUS.rd_req
[6F]     STX_VE_266    STX_VE_266    Syntax      ../../../build/package/top/aixsilicon_ip_apb_secure_demux_1.0.0/ut_top-vcs/src/aixsilicon_ip_apb_secure_demux_1.0.0/rtl/instance/apb_secure_demux_register_bridge.sv    175     1000    Cannot resolve hierarchical reference hwif_out.WAIT_THRESHOLD.rd_req
[70]     STX_VE_266    STX_VE_266    Syntax      ../../../build/package/top/aixsilicon_ip_apb_secure_demux_1.0.0/ut_top-vcs/src/aixsilicon_ip_apb_secure_demux_1.0.0/rtl/instance/apb_secure_demux_register_bridge.sv    177     1000    Cannot resolve hierarchical reference hwif_out.WAIT_THRESHOLD.rd_req
[71]     STX_VE_266    STX_VE_266    Syntax      ../../../build/package/top/aixsilicon_ip_apb_secure_demux_1.0.0/ut_top-vcs/src/aixsilicon_ip_apb_secure_demux_1.0.0/rtl/instance/apb_secure_demux_register_bridge.sv    178     1000    Cannot resolve hierarchical reference hwif_out.WAIT_THRESHOLD.wr_req
[72]     STX_VE_266    STX_VE_266    Syntax      ../../../build/package/top/aixsilicon_ip_apb_secure_demux_1.0.0/ut_top-vcs/src/aixsilicon_ip_apb_secure_demux_1.0.0/rtl/instance/apb_secure_demux_register_bridge.sv    179     1000    Cannot resolve hierarchical reference hwif_out.WAIT_THRESHOLD.wr_req
[73]     STX_VE_266    STX_VE_266    Syntax      ../../../build/package/top/aixsilicon_ip_apb_secure_demux_1.0.0/ut_top-vcs/src/aixsilicon_ip_apb_secure_demux_1.0.0/rtl/instance/apb_secure_demux_register_bridge.sv    180     1000    Cannot resolve hierarchical reference hwif_out.DFX_CLEAR.wr_req
[74]     STX_VE_266    STX_VE_266    Syntax      ../../../build/package/top/aixsilicon_ip_apb_secure_demux_1.0.0/ut_top-vcs/src/aixsilicon_ip_apb_secure_demux_1.0.0/rtl/instance/apb_secure_demux_register_bridge.sv    181     1000    Cannot resolve hierarchical reference hwif_out.DFX_CLEAR.wr_req
[75]     STX_VE_266    STX_VE_266    Syntax      ../../../build/package/top/aixsilicon_ip_apb_secure_demux_1.0.0/ut_top-vcs/src/aixsilicon_ip_apb_secure_demux_1.0.0/rtl/instance/apb_secure_demux_register_bridge.sv    182     1000    Cannot resolve hierarchical reference hwif_out.INJECT_TARGET.rd_req
[76]     STX_VE_266    STX_VE_266    Syntax      ../../../build/package/top/aixsilicon_ip_apb_secure_demux_1.0.0/ut_top-vcs/src/aixsilicon_ip_apb_secure_demux_1.0.0/rtl/instance/apb_secure_demux_register_bridge.sv    184     1000    Cannot resolve hierarchical reference hwif_out.INJECT_TARGET.rd_req
[77]     STX_VE_266    STX_VE_266    Syntax      ../../../build/package/top/aixsilicon_ip_apb_secure_demux_1.0.0/ut_top-vcs/src/aixsilicon_ip_apb_secure_demux_1.0.0/rtl/instance/apb_secure_demux_register_bridge.sv    185     1000    Cannot resolve hierarchical reference hwif_out.INJECT_TARGET.wr_req
[78]     STX_VE_266    STX_VE_266    Syntax      ../../../build/package/top/aixsilicon_ip_apb_secure_demux_1.0.0/ut_top-vcs/src/aixsilicon_ip_apb_secure_demux_1.0.0/rtl/instance/apb_secure_demux_register_bridge.sv    186     1000    Cannot resolve hierarchical reference hwif_out.INJECT_TARGET.wr_req
[79]     STX_VE_266    STX_VE_266    Syntax      ../../../build/package/top/aixsilicon_ip_apb_secure_demux_1.0.0/ut_top-vcs/src/aixsilicon_ip_apb_secure_demux_1.0.0/rtl/instance/apb_secure_demux_register_bridge.sv    187     1000    Cannot resolve hierarchical reference hwif_out.INJECT_CMD.wr_req
[7A]     STX_VE_266    STX_VE_266    Syntax      ../../../build/package/top/aixsilicon_ip_apb_secure_demux_1.0.0/ut_top-vcs/src/aixsilicon_ip_apb_secure_demux_1.0.0/rtl/instance/apb_secure_demux_register_bridge.sv    188     1000    Cannot resolve hierarchical reference hwif_out.INJECT_CMD.wr_req
[7B]     STX_VE_266    STX_VE_266    Syntax      ../../../build/package/top/aixsilicon_ip_apb_secure_demux_1.0.0/ut_top-vcs/src/aixsilicon_ip_apb_secure_demux_1.0.0/rtl/instance/apb_secure_demux_register_bridge.sv    189     1000    Cannot resolve hierarchical reference hwif_out.port_0.MAP_BASE.rd_req
[7C]     STX_VE_266    STX_VE_266    Syntax      ../../../build/package/top/aixsilicon_ip_apb_secure_demux_1.0.0/ut_top-vcs/src/aixsilicon_ip_apb_secure_demux_1.0.0/rtl/instance/apb_secure_demux_register_bridge.sv    191     1000    Cannot resolve hierarchical reference hwif_out.port_0.MAP_BASE.rd_req
[7D]     STX_VE_266    STX_VE_266    Syntax      ../../../build/package/top/aixsilicon_ip_apb_secure_demux_1.0.0/ut_top-vcs/src/aixsilicon_ip_apb_secure_demux_1.0.0/rtl/instance/apb_secure_demux_register_bridge.sv    192     1000    Cannot resolve hierarchical reference hwif_out.port_0.MAP_LIMIT.rd_req
[7E]     STX_VE_266    STX_VE_266    Syntax      ../../../build/package/top/aixsilicon_ip_apb_secure_demux_1.0.0/ut_top-vcs/src/aixsilicon_ip_apb_secure_demux_1.0.0/rtl/instance/apb_secure_demux_register_bridge.sv    194     1000    Cannot resolve hierarchical reference hwif_out.port_0.MAP_LIMIT.rd_req
[7F]     STX_VE_266    STX_VE_266    Syntax      ../../../build/package/top/aixsilicon_ip_apb_secure_demux_1.0.0/ut_top-vcs/src/aixsilicon_ip_apb_secure_demux_1.0.0/rtl/instance/apb_secure_demux_register_bridge.sv    195     1000    Cannot resolve hierarchical reference hwif_out.port_0.PORT_LOCK.rd_req
[80]     STX_VE_266    STX_VE_266    Syntax      ../../../build/package/top/aixsilicon_ip_apb_secure_demux_1.0.0/ut_top-vcs/src/aixsilicon_ip_apb_secure_demux_1.0.0/rtl/instance/apb_secure_demux_register_bridge.sv    197     1000    Cannot resolve hierarchical reference hwif_out.port_0.PORT_LOCK.rd_req
[81]     STX_VE_266    STX_VE_266    Syntax      ../../../build/package/top/aixsilicon_ip_apb_secure_demux_1.0.0/ut_top-vcs/src/aixsilicon_ip_apb_secure_demux_1.0.0/rtl/instance/apb_secure_demux_register_bridge.sv    198     1000    Cannot resolve hierarchical reference hwif_out.port_0.PORT_LOCK.wr_req
[82]     STX_VE_266    STX_VE_266    Syntax      ../../../build/package/top/aixsilicon_ip_apb_secure_demux_1.0.0/ut_top-vcs/src/aixsilicon_ip_apb_secure_demux_1.0.0/rtl/instance/apb_secure_demux_register_bridge.sv    199     1000    Cannot resolve hierarchical reference hwif_out.port_0.PORT_LOCK.wr_req
[83]     STX_VE_266    STX_VE_266    Syntax      ../../../build/package/top/aixsilicon_ip_apb_secure_demux_1.0.0/ut_top-vcs/src/aixsilicon_ip_apb_secure_demux_1.0.0/rtl/instance/apb_secure_demux_register_bridge.sv    200     1000    Cannot resolve hierarchical reference hwif_out.port_0.CFG_SHADOW.rd_req
[84]     STX_VE_266    STX_VE_266    Syntax      ../../../build/package/top/aixsilicon_ip_apb_secure_demux_1.0.0/ut_top-vcs/src/aixsilicon_ip_apb_secure_demux_1.0.0/rtl/instance/apb_secure_demux_register_bridge.sv    202     1000    Cannot resolve hierarchical reference hwif_out.port_0.CFG_SHADOW.rd_req
[85]     STX_VE_266    STX_VE_266    Syntax      ../../../build/package/top/aixsilicon_ip_apb_secure_demux_1.0.0/ut_top-vcs/src/aixsilicon_ip_apb_secure_demux_1.0.0/rtl/instance/apb_secure_demux_register_bridge.sv    203     1000    Cannot resolve hierarchical reference hwif_out.port_0.CFG_SHADOW.wr_req
[86]     STX_VE_266    STX_VE_266    Syntax      ../../../build/package/top/aixsilicon_ip_apb_secure_demux_1.0.0/ut_top-vcs/src/aixsilicon_ip_apb_secure_demux_1.0.0/rtl/instance/apb_secure_demux_register_bridge.sv    204     1000    Cannot resolve hierarchical reference hwif_out.port_0.CFG_SHADOW.wr_req
[87]     STX_VE_266    STX_VE_266    Syntax      ../../../build/package/top/aixsilicon_ip_apb_secure_demux_1.0.0/ut_top-vcs/src/aixsilicon_ip_apb_secure_demux_1.0.0/rtl/instance/apb_secure_demux_register_bridge.sv    205     1000    Cannot resolve hierarchical reference hwif_out.port_0.CFG_ACTIVE.rd_req
[88]     STX_VE_266    STX_VE_266    Syntax      ../../../build/package/top/aixsilicon_ip_apb_secure_demux_1.0.0/ut_top-vcs/src/aixsilicon_ip_apb_secure_demux_1.0.0/rtl/instance/apb_secure_demux_register_bridge.sv    207     1000    Cannot resolve hierarchical reference hwif_out.port_0.CFG_ACTIVE.rd_req
[89]     STX_VE_266    STX_VE_266    Syntax      ../../../build/package/top/aixsilicon_ip_apb_secure_demux_1.0.0/ut_top-vcs/src/aixsilicon_ip_apb_secure_demux_1.0.0/rtl/instance/apb_secure_demux_register_bridge.sv    208     1000    Cannot resolve hierarchical reference hwif_out.port_0.SUCCESS_COUNT.rd_req
[8A]     STX_VE_266    STX_VE_266    Syntax      ../../../build/package/top/aixsilicon_ip_apb_secure_demux_1.0.0/ut_top-vcs/src/aixsilicon_ip_apb_secure_demux_1.0.0/rtl/instance/apb_secure_demux_register_bridge.sv    210     1000    Cannot resolve hierarchical reference hwif_out.port_0.SUCCESS_COUNT.rd_req
[8B]     STX_VE_266    STX_VE_266    Syntax      ../../../build/package/top/aixsilicon_ip_apb_secure_demux_1.0.0/ut_top-vcs/src/aixsilicon_ip_apb_secure_demux_1.0.0/rtl/instance/apb_secure_demux_register_bridge.sv    211     1000    Cannot resolve hierarchical reference hwif_out.port_0.DENY_COUNT.rd_req
[8C]     STX_VE_266    STX_VE_266    Syntax      ../../../build/package/top/aixsilicon_ip_apb_secure_demux_1.0.0/ut_top-vcs/src/aixsilicon_ip_apb_secure_demux_1.0.0/rtl/instance/apb_secure_demux_register_bridge.sv    213     1000    Cannot resolve hierarchical reference hwif_out.port_0.DENY_COUNT.rd_req
[8D]     STX_VE_266    STX_VE_266    Syntax      ../../../build/package/top/aixsilicon_ip_apb_secure_demux_1.0.0/ut_top-vcs/src/aixsilicon_ip_apb_secure_demux_1.0.0/rtl/instance/apb_secure_demux_register_bridge.sv    214     1000    Cannot resolve hierarchical reference hwif_out.port_0.SLVERR_COUNT.rd_req
[8E]     STX_VE_266    STX_VE_266    Syntax      ../../../build/package/top/aixsilicon_ip_apb_secure_demux_1.0.0/ut_top-vcs/src/aixsilicon_ip_apb_secure_demux_1.0.0/rtl/instance/apb_secure_demux_register_bridge.sv    216     1000    Cannot resolve hierarchical reference hwif_out.port_0.SLVERR_COUNT.rd_req
[8F]     STX_VE_266    STX_VE_266    Syntax      ../../../build/package/top/aixsilicon_ip_apb_secure_demux_1.0.0/ut_top-vcs/src/aixsilicon_ip_apb_secure_demux_1.0.0/rtl/instance/apb_secure_demux_register_bridge.sv    217     1000    Cannot resolve hierarchical reference hwif_out.port_0.WAIT_TOTAL.rd_req
[90]     STX_VE_266    STX_VE_266    Syntax      ../../../build/package/top/aixsilicon_ip_apb_secure_demux_1.0.0/ut_top-vcs/src/aixsilicon_ip_apb_secure_demux_1.0.0/rtl/instance/apb_secure_demux_register_bridge.sv    219     1000    Cannot resolve hierarchical reference hwif_out.port_0.WAIT_TOTAL.rd_req
[91]     STX_VE_266    STX_VE_266    Syntax      ../../../build/package/top/aixsilicon_ip_apb_secure_demux_1.0.0/ut_top-vcs/src/aixsilicon_ip_apb_secure_demux_1.0.0/rtl/instance/apb_secure_demux_register_bridge.sv    220     1000    Cannot resolve hierarchical reference hwif_out.port_0.WAIT_MAX.rd_req
[92]     STX_VE_266    STX_VE_266    Syntax      ../../../build/package/top/aixsilicon_ip_apb_secure_demux_1.0.0/ut_top-vcs/src/aixsilicon_ip_apb_secure_demux_1.0.0/rtl/instance/apb_secure_demux_register_bridge.sv    222     1000    Cannot resolve hierarchical reference hwif_out.port_0.WAIT_MAX.rd_req
[93]     STX_VE_266    STX_VE_266    Syntax      ../../../build/package/top/aixsilicon_ip_apb_secure_demux_1.0.0/ut_top-vcs/src/aixsilicon_ip_apb_secure_demux_1.0.0/rtl/instance/apb_secure_demux_register_bridge.sv    223     1000    Cannot resolve hierarchical reference hwif_out.port_0.DFX_COUNTER_CLEAR.wr_req
[94]     STX_VE_266    STX_VE_266    Syntax      ../../../build/package/top/aixsilicon_ip_apb_secure_demux_1.0.0/ut_top-vcs/src/aixsilicon_ip_apb_secure_demux_1.0.0/rtl/instance/apb_secure_demux_register_bridge.sv    224     1000    Cannot resolve hierarchical reference hwif_out.port_0.DFX_COUNTER_CLEAR.wr_req
[95]     STX_VE_266    STX_VE_266    Syntax      ../../../build/package/top/aixsilicon_ip_apb_secure_demux_1.0.0/ut_top-vcs/src/aixsilicon_ip_apb_secure_demux_1.0.0/rtl/instance/apb_secure_demux_register_bridge.sv    225     1000    Cannot resolve hierarchical reference hwif_out.port_0.PERM_SHADOW_0.rd_req
[96]     STX_VE_266    STX_VE_266    Syntax      ../../../build/package/top/aixsilicon_ip_apb_secure_demux_1.0.0/ut_top-vcs/src/aixsilicon_ip_apb_secure_demux_1.0.0/rtl/instance/apb_secure_demux_register_bridge.sv    227     1000    Cannot resolve hierarchical reference hwif_out.port_0.PERM_SHADOW_0.rd_req
[97]     STX_VE_266    STX_VE_266    Syntax      ../../../build/package/top/aixsilicon_ip_apb_secure_demux_1.0.0/ut_top-vcs/src/aixsilicon_ip_apb_secure_demux_1.0.0/rtl/instance/apb_secure_demux_register_bridge.sv    228     1000    Cannot resolve hierarchical reference hwif_out.port_0.PERM_SHADOW_0.wr_req
[98]     STX_VE_266    STX_VE_266    Syntax      ../../../build/package/top/aixsilicon_ip_apb_secure_demux_1.0.0/ut_top-vcs/src/aixsilicon_ip_apb_secure_demux_1.0.0/rtl/instance/apb_secure_demux_register_bridge.sv    229     1000    Cannot resolve hierarchical reference hwif_out.port_0.PERM_SHADOW_0.wr_req
[99]     STX_VE_266    STX_VE_266    Syntax      ../../../build/package/top/aixsilicon_ip_apb_secure_demux_1.0.0/ut_top-vcs/src/aixsilicon_ip_apb_secure_demux_1.0.0/rtl/instance/apb_secure_demux_register_bridge.sv    230     1000    Cannot resolve hierarchical reference hwif_out.port_0.PERM_SHADOW_1.rd_req
[9A]     STX_VE_266    STX_VE_266    Syntax      ../../../build/package/top/aixsilicon_ip_apb_secure_demux_1.0.0/ut_top-vcs/src/aixsilicon_ip_apb_secure_demux_1.0.0/rtl/instance/apb_secure_demux_register_bridge.sv    232     1000    Cannot resolve hierarchical reference hwif_out.port_0.PERM_SHADOW_1.rd_req
[9B]     STX_VE_266    STX_VE_266    Syntax      ../../../build/package/top/aixsilicon_ip_apb_secure_demux_1.0.0/ut_top-vcs/src/aixsilicon_ip_apb_secure_demux_1.0.0/rtl/instance/apb_secure_demux_register_bridge.sv    233     1000    Cannot resolve hierarchical reference hwif_out.port_0.PERM_SHADOW_1.wr_req
[9C]     STX_VE_266    STX_VE_266    Syntax      ../../../build/package/top/aixsilicon_ip_apb_secure_demux_1.0.0/ut_top-vcs/src/aixsilicon_ip_apb_secure_demux_1.0.0/rtl/instance/apb_secure_demux_register_bridge.sv    234     1000    Cannot resolve hierarchical reference hwif_out.port_0.PERM_SHADOW_1.wr_req
[9D]     STX_VE_266    STX_VE_266    Syntax      ../../../build/package/top/aixsilicon_ip_apb_secure_demux_1.0.0/ut_top-vcs/src/aixsilicon_ip_apb_secure_demux_1.0.0/rtl/instance/apb_secure_demux_register_bridge.sv    235     1000    Cannot resolve hierarchical reference hwif_out.port_0.PERM_SHADOW_2.rd_req
[9E]     STX_VE_266    STX_VE_266    Syntax      ../../../build/package/top/aixsilicon_ip_apb_secure_demux_1.0.0/ut_top-vcs/src/aixsilicon_ip_apb_secure_demux_1.0.0/rtl/instance/apb_secure_demux_register_bridge.sv    237     1000    Cannot resolve hierarchical reference hwif_out.port_0.PERM_SHADOW_2.rd_req
[9F]     STX_VE_266    STX_VE_266    Syntax      ../../../build/package/top/aixsilicon_ip_apb_secure_demux_1.0.0/ut_top-vcs/src/aixsilicon_ip_apb_secure_demux_1.0.0/rtl/instance/apb_secure_demux_register_bridge.sv    238     1000    Cannot resolve hierarchical reference hwif_out.port_0.PERM_SHADOW_2.wr_req
[A0]     STX_VE_266    STX_VE_266    Syntax      ../../../build/package/top/aixsilicon_ip_apb_secure_demux_1.0.0/ut_top-vcs/src/aixsilicon_ip_apb_secure_demux_1.0.0/rtl/instance/apb_secure_demux_register_bridge.sv    239     1000    Cannot resolve hierarchical reference hwif_out.port_0.PERM_SHADOW_2.wr_req
[A1]     STX_VE_266    STX_VE_266    Syntax      ../../../build/package/top/aixsilicon_ip_apb_secure_demux_1.0.0/ut_top-vcs/src/aixsilicon_ip_apb_secure_demux_1.0.0/rtl/instance/apb_secure_demux_register_bridge.sv    240     1000    Cannot resolve hierarchical reference hwif_out.port_0.PERM_SHADOW_3.rd_req
[A2]     STX_VE_266    STX_VE_266    Syntax      ../../../build/package/top/aixsilicon_ip_apb_secure_demux_1.0.0/ut_top-vcs/src/aixsilicon_ip_apb_secure_demux_1.0.0/rtl/instance/apb_secure_demux_register_bridge.sv    242     1000    Cannot resolve hierarchical reference hwif_out.port_0.PERM_SHADOW_3.rd_req
[A3]     STX_VE_266    STX_VE_266    Syntax      ../../../build/package/top/aixsilicon_ip_apb_secure_demux_1.0.0/ut_top-vcs/src/aixsilicon_ip_apb_secure_demux_1.0.0/rtl/instance/apb_secure_demux_register_bridge.sv    243     1000    Cannot resolve hierarchical reference hwif_out.port_0.PERM_SHADOW_3.wr_req
[A4]     STX_VE_266    STX_VE_266    Syntax      ../../../build/package/top/aixsilicon_ip_apb_secure_demux_1.0.0/ut_top-vcs/src/aixsilicon_ip_apb_secure_demux_1.0.0/rtl/instance/apb_secure_demux_register_bridge.sv    244     1000    Cannot resolve hierarchical reference hwif_out.port_0.PERM_SHADOW_3.wr_req
[A5]     STX_VE_266    STX_VE_266    Syntax      ../../../build/package/top/aixsilicon_ip_apb_secure_demux_1.0.0/ut_top-vcs/src/aixsilicon_ip_apb_secure_demux_1.0.0/rtl/instance/apb_secure_demux_register_bridge.sv    245     1000    Cannot resolve hierarchical reference hwif_out.port_0.PERM_SHADOW_4.rd_req
[A6]     STX_VE_266    STX_VE_266    Syntax      ../../../build/package/top/aixsilicon_ip_apb_secure_demux_1.0.0/ut_top-vcs/src/aixsilicon_ip_apb_secure_demux_1.0.0/rtl/instance/apb_secure_demux_register_bridge.sv    247     1000    Cannot resolve hierarchical reference hwif_out.port_0.PERM_SHADOW_4.rd_req
[A7]     STX_VE_266    STX_VE_266    Syntax      ../../../build/package/top/aixsilicon_ip_apb_secure_demux_1.0.0/ut_top-vcs/src/aixsilicon_ip_apb_secure_demux_1.0.0/rtl/instance/apb_secure_demux_register_bridge.sv    248     1000    Cannot resolve hierarchical reference hwif_out.port_0.PERM_SHADOW_4.wr_req
[A8]     STX_VE_266    STX_VE_266    Syntax      ../../../build/package/top/aixsilicon_ip_apb_secure_demux_1.0.0/ut_top-vcs/src/aixsilicon_ip_apb_secure_demux_1.0.0/rtl/instance/apb_secure_demux_register_bridge.sv    249     1000    Cannot resolve hierarchical reference hwif_out.port_0.PERM_SHADOW_4.wr_req
[A9]     STX_VE_266    STX_VE_266    Syntax      ../../../build/package/top/aixsilicon_ip_apb_secure_demux_1.0.0/ut_top-vcs/src/aixsilicon_ip_apb_secure_demux_1.0.0/rtl/instance/apb_secure_demux_register_bridge.sv    250     1000    Cannot resolve hierarchical reference hwif_out.port_0.PERM_SHADOW_5.rd_req
[AA]     STX_VE_266    STX_VE_266    Syntax      ../../../build/package/top/aixsilicon_ip_apb_secure_demux_1.0.0/ut_top-vcs/src/aixsilicon_ip_apb_secure_demux_1.0.0/rtl/instance/apb_secure_demux_register_bridge.sv    252     1000    Cannot resolve hierarchical reference hwif_out.port_0.PERM_SHADOW_5.rd_req
[AB]     STX_VE_266    STX_VE_266    Syntax      ../../../build/package/top/aixsilicon_ip_apb_secure_demux_1.0.0/ut_top-vcs/src/aixsilicon_ip_apb_secure_demux_1.0.0/rtl/instance/apb_secure_demux_register_bridge.sv    253     1000    Cannot resolve hierarchical reference hwif_out.port_0.PERM_SHADOW_5.wr_req
[AC]     STX_VE_266    STX_VE_266    Syntax      ../../../build/package/top/aixsilicon_ip_apb_secure_demux_1.0.0/ut_top-vcs/src/aixsilicon_ip_apb_secure_demux_1.0.0/rtl/instance/apb_secure_demux_register_bridge.sv    254     1000    Cannot resolve hierarchical reference hwif_out.port_0.PERM_SHADOW_5.wr_req
[AD]     STX_VE_266    STX_VE_266    Syntax      ../../../build/package/top/aixsilicon_ip_apb_secure_demux_1.0.0/ut_top-vcs/src/aixsilicon_ip_apb_secure_demux_1.0.0/rtl/instance/apb_secure_demux_register_bridge.sv    255     1000    Cannot resolve hierarchical reference hwif_out.port_0.PERM_SHADOW_6.rd_req
[AE]     STX_VE_266    STX_VE_266    Syntax      ../../../build/package/top/aixsilicon_ip_apb_secure_demux_1.0.0/ut_top-vcs/src/aixsilicon_ip_apb_secure_demux_1.0.0/rtl/instance/apb_secure_demux_register_bridge.sv    257     1000    Cannot resolve hierarchical reference hwif_out.port_0.PERM_SHADOW_6.rd_req
[AF]     STX_VE_266    STX_VE_266    Syntax      ../../../build/package/top/aixsilicon_ip_apb_secure_demux_1.0.0/ut_top-vcs/src/aixsilicon_ip_apb_secure_demux_1.0.0/rtl/instance/apb_secure_demux_register_bridge.sv    258     1000    Cannot resolve hierarchical reference hwif_out.port_0.PERM_SHADOW_6.wr_req
[B0]     STX_VE_266    STX_VE_266    Syntax      ../../../build/package/top/aixsilicon_ip_apb_secure_demux_1.0.0/ut_top-vcs/src/aixsilicon_ip_apb_secure_demux_1.0.0/rtl/instance/apb_secure_demux_register_bridge.sv    259     1000    Cannot resolve hierarchical reference hwif_out.port_0.PERM_SHADOW_6.wr_req
[B1]     STX_VE_266    STX_VE_266    Syntax      ../../../build/package/top/aixsilicon_ip_apb_secure_demux_1.0.0/ut_top-vcs/src/aixsilicon_ip_apb_secure_demux_1.0.0/rtl/instance/apb_secure_demux_register_bridge.sv    260     1000    Cannot resolve hierarchical reference hwif_out.port_0.PERM_SHADOW_7.rd_req
[B2]     STX_VE_266    STX_VE_266    Syntax      ../../../build/package/top/aixsilicon_ip_apb_secure_demux_1.0.0/ut_top-vcs/src/aixsilicon_ip_apb_secure_demux_1.0.0/rtl/instance/apb_secure_demux_register_bridge.sv    262     1000    Cannot resolve hierarchical reference hwif_out.port_0.PERM_SHADOW_7.rd_req
[B3]     STX_VE_266    STX_VE_266    Syntax      ../../../build/package/top/aixsilicon_ip_apb_secure_demux_1.0.0/ut_top-vcs/src/aixsilicon_ip_apb_secure_demux_1.0.0/rtl/instance/apb_secure_demux_register_bridge.sv    263     1000    Cannot resolve hierarchical reference hwif_out.port_0.PERM_SHADOW_7.wr_req
[B4]     STX_VE_266    STX_VE_266    Syntax      ../../../build/package/top/aixsilicon_ip_apb_secure_demux_1.0.0/ut_top-vcs/src/aixsilicon_ip_apb_secure_demux_1.0.0/rtl/instance/apb_secure_demux_register_bridge.sv    264     1000    Cannot resolve hierarchical reference hwif_out.port_0.PERM_SHADOW_7.wr_req
[B5]     STX_VE_266    STX_VE_266    Syntax      ../../../build/package/top/aixsilicon_ip_apb_secure_demux_1.0.0/ut_top-vcs/src/aixsilicon_ip_apb_secure_demux_1.0.0/rtl/instance/apb_secure_demux_register_bridge.sv    265     1000    Cannot resolve hierarchical reference hwif_out.port_0.PERM_SHADOW_8.rd_req
[B6]     STX_VE_266    STX_VE_266    Syntax      ../../../build/package/top/aixsilicon_ip_apb_secure_demux_1.0.0/ut_top-vcs/src/aixsilicon_ip_apb_secure_demux_1.0.0/rtl/instance/apb_secure_demux_register_bridge.sv    267     1000    Cannot resolve hierarchical reference hwif_out.port_0.PERM_SHADOW_8.rd_req
[B7]     STX_VE_266    STX_VE_266    Syntax      ../../../build/package/top/aixsilicon_ip_apb_secure_demux_1.0.0/ut_top-vcs/src/aixsilicon_ip_apb_secure_demux_1.0.0/rtl/instance/apb_secure_demux_register_bridge.sv    268     1000    Cannot resolve hierarchical reference hwif_out.port_0.PERM_SHADOW_8.wr_req
[B8]     STX_VE_266    STX_VE_266    Syntax      ../../../build/package/top/aixsilicon_ip_apb_secure_demux_1.0.0/ut_top-vcs/src/aixsilicon_ip_apb_secure_demux_1.0.0/rtl/instance/apb_secure_demux_register_bridge.sv    269     1000    Cannot resolve hierarchical reference hwif_out.port_0.PERM_SHADOW_8.wr_req
[B9]     STX_VE_266    STX_VE_266    Syntax      ../../../build/package/top/aixsilicon_ip_apb_secure_demux_1.0.0/ut_top-vcs/src/aixsilicon_ip_apb_secure_demux_1.0.0/rtl/instance/apb_secure_demux_register_bridge.sv    270     1000    Cannot resolve hierarchical reference hwif_out.port_0.PERM_SHADOW_9.rd_req
[BA]     STX_VE_266    STX_VE_266    Syntax      ../../../build/package/top/aixsilicon_ip_apb_secure_demux_1.0.0/ut_top-vcs/src/aixsilicon_ip_apb_secure_demux_1.0.0/rtl/instance/apb_secure_demux_register_bridge.sv    272     1000    Cannot resolve hierarchical reference hwif_out.port_0.PERM_SHADOW_9.rd_req
[BB]     STX_VE_266    STX_VE_266    Syntax      ../../../build/package/top/aixsilicon_ip_apb_secure_demux_1.0.0/ut_top-vcs/src/aixsilicon_ip_apb_secure_demux_1.0.0/rtl/instance/apb_secure_demux_register_bridge.sv    273     1000    Cannot resolve hierarchical reference hwif_out.port_0.PERM_SHADOW_9.wr_req
[BC]     STX_VE_266    STX_VE_266    Syntax      ../../../build/package/top/aixsilicon_ip_apb_secure_demux_1.0.0/ut_top-vcs/src/aixsilicon_ip_apb_secure_demux_1.0.0/rtl/instance/apb_secure_demux_register_bridge.sv    274     1000    Cannot resolve hierarchical reference hwif_out.port_0.PERM_SHADOW_9.wr_req
[BD]     STX_VE_266    STX_VE_266    Syntax      ../../../build/package/top/aixsilicon_ip_apb_secure_demux_1.0.0/ut_top-vcs/src/aixsilicon_ip_apb_secure_demux_1.0.0/rtl/instance/apb_secure_demux_register_bridge.sv    275     1000    Cannot resolve hierarchical reference hwif_out.port_0.PERM_SHADOW_10.rd_req
[BE]     STX_VE_266    STX_VE_266    Syntax      ../../../build/package/top/aixsilicon_ip_apb_secure_demux_1.0.0/ut_top-vcs/src/aixsilicon_ip_apb_secure_demux_1.0.0/rtl/instance/apb_secure_demux_register_bridge.sv    277     1000    Cannot resolve hierarchical reference hwif_out.port_0.PERM_SHADOW_10.rd_req
[BF]     STX_VE_266    STX_VE_266    Syntax      ../../../build/package/top/aixsilicon_ip_apb_secure_demux_1.0.0/ut_top-vcs/src/aixsilicon_ip_apb_secure_demux_1.0.0/rtl/instance/apb_secure_demux_register_bridge.sv    278     1000    Cannot resolve hierarchical reference hwif_out.port_0.PERM_SHADOW_10.wr_req
[C0]     STX_VE_266    STX_VE_266    Syntax      ../../../build/package/top/aixsilicon_ip_apb_secure_demux_1.0.0/ut_top-vcs/src/aixsilicon_ip_apb_secure_demux_1.0.0/rtl/instance/apb_secure_demux_register_bridge.sv    279     1000    Cannot resolve hierarchical reference hwif_out.port_0.PERM_SHADOW_10.wr_req
[C1]     STX_VE_266    STX_VE_266    Syntax      ../../../build/package/top/aixsilicon_ip_apb_secure_demux_1.0.0/ut_top-vcs/src/aixsilicon_ip_apb_secure_demux_1.0.0/rtl/instance/apb_secure_demux_register_bridge.sv    280     1000    Cannot resolve hierarchical reference hwif_out.port_0.PERM_SHADOW_11.rd_req
[C2]     STX_VE_266    STX_VE_266    Syntax      ../../../build/package/top/aixsilicon_ip_apb_secure_demux_1.0.0/ut_top-vcs/src/aixsilicon_ip_apb_secure_demux_1.0.0/rtl/instance/apb_secure_demux_register_bridge.sv    282     1000    Cannot resolve hierarchical reference hwif_out.port_0.PERM_SHADOW_11.rd_req
[C3]     STX_VE_266    STX_VE_266    Syntax      ../../../build/package/top/aixsilicon_ip_apb_secure_demux_1.0.0/ut_top-vcs/src/aixsilicon_ip_apb_secure_demux_1.0.0/rtl/instance/apb_secure_demux_register_bridge.sv    283     1000    Cannot resolve hierarchical reference hwif_out.port_0.PERM_SHADOW_11.wr_req
[C4]     STX_VE_266    STX_VE_266    Syntax      ../../../build/package/top/aixsilicon_ip_apb_secure_demux_1.0.0/ut_top-vcs/src/aixsilicon_ip_apb_secure_demux_1.0.0/rtl/instance/apb_secure_demux_register_bridge.sv    284     1000    Cannot resolve hierarchical reference hwif_out.port_0.PERM_SHADOW_11.wr_req
[C5]     STX_VE_266    STX_VE_266    Syntax      ../../../build/package/top/aixsilicon_ip_apb_secure_demux_1.0.0/ut_top-vcs/src/aixsilicon_ip_apb_secure_demux_1.0.0/rtl/instance/apb_secure_demux_register_bridge.sv    285     1000    Cannot resolve hierarchical reference hwif_out.port_0.PERM_SHADOW_12.rd_req
[C6]     STX_VE_266    STX_VE_266    Syntax      ../../../build/package/top/aixsilicon_ip_apb_secure_demux_1.0.0/ut_top-vcs/src/aixsilicon_ip_apb_secure_demux_1.0.0/rtl/instance/apb_secure_demux_register_bridge.sv    287     1000    Cannot resolve hierarchical reference hwif_out.port_0.PERM_SHADOW_12.rd_req
[C7]     STX_VE_266    STX_VE_266    Syntax      ../../../build/package/top/aixsilicon_ip_apb_secure_demux_1.0.0/ut_top-vcs/src/aixsilicon_ip_apb_secure_demux_1.0.0/rtl/instance/apb_secure_demux_register_bridge.sv    288     1000    Cannot resolve hierarchical reference hwif_out.port_0.PERM_SHADOW_12.wr_req
[C8]     STX_VE_266    STX_VE_266    Syntax      ../../../build/package/top/aixsilicon_ip_apb_secure_demux_1.0.0/ut_top-vcs/src/aixsilicon_ip_apb_secure_demux_1.0.0/rtl/instance/apb_secure_demux_register_bridge.sv    289     1000    Cannot resolve hierarchical reference hwif_out.port_0.PERM_SHADOW_12.wr_req
[C9]     STX_VE_266    STX_VE_266    Syntax      ../../../build/package/top/aixsilicon_ip_apb_secure_demux_1.0.0/ut_top-vcs/src/aixsilicon_ip_apb_secure_demux_1.0.0/rtl/instance/apb_secure_demux_register_bridge.sv    290     1000    Cannot resolve hierarchical reference hwif_out.port_0.PERM_SHADOW_13.rd_req
[CA]     STX_VE_266    STX_VE_266    Syntax      ../../../build/package/top/aixsilicon_ip_apb_secure_demux_1.0.0/ut_top-vcs/src/aixsilicon_ip_apb_secure_demux_1.0.0/rtl/instance/apb_secure_demux_register_bridge.sv    292     1000    Cannot resolve hierarchical reference hwif_out.port_0.PERM_SHADOW_13.rd_req
[CB]     STX_VE_266    STX_VE_266    Syntax      ../../../build/package/top/aixsilicon_ip_apb_secure_demux_1.0.0/ut_top-vcs/src/aixsilicon_ip_apb_secure_demux_1.0.0/rtl/instance/apb_secure_demux_register_bridge.sv    293     1000    Cannot resolve hierarchical reference hwif_out.port_0.PERM_SHADOW_13.wr_req
[CC]     STX_VE_266    STX_VE_266    Syntax      ../../../build/package/top/aixsilicon_ip_apb_secure_demux_1.0.0/ut_top-vcs/src/aixsilicon_ip_apb_secure_demux_1.0.0/rtl/instance/apb_secure_demux_register_bridge.sv    294     1000    Cannot resolve hierarchical reference hwif_out.port_0.PERM_SHADOW_13.wr_req
[CD]     STX_VE_266    STX_VE_266    Syntax      ../../../build/package/top/aixsilicon_ip_apb_secure_demux_1.0.0/ut_top-vcs/src/aixsilicon_ip_apb_secure_demux_1.0.0/rtl/instance/apb_secure_demux_register_bridge.sv    295     1000    Cannot resolve hierarchical reference hwif_out.port_0.PERM_SHADOW_14.rd_req
[CE]     STX_VE_266    STX_VE_266    Syntax      ../../../build/package/top/aixsilicon_ip_apb_secure_demux_1.0.0/ut_top-vcs/src/aixsilicon_ip_apb_secure_demux_1.0.0/rtl/instance/apb_secure_demux_register_bridge.sv    297     1000    Cannot resolve hierarchical reference hwif_out.port_0.PERM_SHADOW_14.rd_req
[CF]     STX_VE_266    STX_VE_266    Syntax      ../../../build/package/top/aixsilicon_ip_apb_secure_demux_1.0.0/ut_top-vcs/src/aixsilicon_ip_apb_secure_demux_1.0.0/rtl/instance/apb_secure_demux_register_bridge.sv    298     1000    Cannot resolve hierarchical reference hwif_out.port_0.PERM_SHADOW_14.wr_req
[D0]     STX_VE_266    STX_VE_266    Syntax      ../../../build/package/top/aixsilicon_ip_apb_secure_demux_1.0.0/ut_top-vcs/src/aixsilicon_ip_apb_secure_demux_1.0.0/rtl/instance/apb_secure_demux_register_bridge.sv    299     1000    Cannot resolve hierarchical reference hwif_out.port_0.PERM_SHADOW_14.wr_req
[D1]     STX_VE_266    STX_VE_266    Syntax      ../../../build/package/top/aixsilicon_ip_apb_secure_demux_1.0.0/ut_top-vcs/src/aixsilicon_ip_apb_secure_demux_1.0.0/rtl/instance/apb_secure_demux_register_bridge.sv    300     1000    Cannot resolve hierarchical reference hwif_out.port_0.PERM_SHADOW_15.rd_req
[D2]     STX_VE_266    STX_VE_266    Syntax      ../../../build/package/top/aixsilicon_ip_apb_secure_demux_1.0.0/ut_top-vcs/src/aixsilicon_ip_apb_secure_demux_1.0.0/rtl/instance/apb_secure_demux_register_bridge.sv    302     1000    Cannot resolve hierarchical reference hwif_out.port_0.PERM_SHADOW_15.rd_req
[D3]     STX_VE_266    STX_VE_266    Syntax      ../../../build/package/top/aixsilicon_ip_apb_secure_demux_1.0.0/ut_top-vcs/src/aixsilicon_ip_apb_secure_demux_1.0.0/rtl/instance/apb_secure_demux_register_bridge.sv    303     1000    Cannot resolve hierarchical reference hwif_out.port_0.PERM_SHADOW_15.wr_req
[D4]     STX_VE_266    STX_VE_266    Syntax      ../../../build/package/top/aixsilicon_ip_apb_secure_demux_1.0.0/ut_top-vcs/src/aixsilicon_ip_apb_secure_demux_1.0.0/rtl/instance/apb_secure_demux_register_bridge.sv    304     1000    Cannot resolve hierarchical reference hwif_out.port_0.PERM_SHADOW_15.wr_req
[D5]     STX_VE_266    STX_VE_266    Syntax      ../../../build/package/top/aixsilicon_ip_apb_secure_demux_1.0.0/ut_top-vcs/src/aixsilicon_ip_apb_secure_demux_1.0.0/rtl/instance/apb_secure_demux_register_bridge.sv    305     1000    Cannot resolve hierarchical reference hwif_out.port_0.PERM_ACTIVE_0.rd_req
[D6]     STX_VE_266    STX_VE_266    Syntax      ../../../build/package/top/aixsilicon_ip_apb_secure_demux_1.0.0/ut_top-vcs/src/aixsilicon_ip_apb_secure_demux_1.0.0/rtl/instance/apb_secure_demux_register_bridge.sv    307     1000    Cannot resolve hierarchical reference hwif_out.port_0.PERM_ACTIVE_0.rd_req
[D7]     STX_VE_266    STX_VE_266    Syntax      ../../../build/package/top/aixsilicon_ip_apb_secure_demux_1.0.0/ut_top-vcs/src/aixsilicon_ip_apb_secure_demux_1.0.0/rtl/instance/apb_secure_demux_register_bridge.sv    308     1000    Cannot resolve hierarchical reference hwif_out.port_0.PERM_ACTIVE_1.rd_req
[D8]     STX_VE_266    STX_VE_266    Syntax      ../../../build/package/top/aixsilicon_ip_apb_secure_demux_1.0.0/ut_top-vcs/src/aixsilicon_ip_apb_secure_demux_1.0.0/rtl/instance/apb_secure_demux_register_bridge.sv    310     1000    Cannot resolve hierarchical reference hwif_out.port_0.PERM_ACTIVE_1.rd_req
[D9]     STX_VE_266    STX_VE_266    Syntax      ../../../build/package/top/aixsilicon_ip_apb_secure_demux_1.0.0/ut_top-vcs/src/aixsilicon_ip_apb_secure_demux_1.0.0/rtl/instance/apb_secure_demux_register_bridge.sv    311     1000    Cannot resolve hierarchical reference hwif_out.port_0.PERM_ACTIVE_2.rd_req
[DA]     STX_VE_266    STX_VE_266    Syntax      ../../../build/package/top/aixsilicon_ip_apb_secure_demux_1.0.0/ut_top-vcs/src/aixsilicon_ip_apb_secure_demux_1.0.0/rtl/instance/apb_secure_demux_register_bridge.sv    313     1000    Cannot resolve hierarchical reference hwif_out.port_0.PERM_ACTIVE_2.rd_req
[DB]     STX_VE_266    STX_VE_266    Syntax      ../../../build/package/top/aixsilicon_ip_apb_secure_demux_1.0.0/ut_top-vcs/src/aixsilicon_ip_apb_secure_demux_1.0.0/rtl/instance/apb_secure_demux_register_bridge.sv    314     1000    Cannot resolve hierarchical reference hwif_out.port_0.PERM_ACTIVE_3.rd_req
[DC]     STX_VE_266    STX_VE_266    Syntax      ../../../build/package/top/aixsilicon_ip_apb_secure_demux_1.0.0/ut_top-vcs/src/aixsilicon_ip_apb_secure_demux_1.0.0/rtl/instance/apb_secure_demux_register_bridge.sv    316     1000    Cannot resolve hierarchical reference hwif_out.port_0.PERM_ACTIVE_3.rd_req
[DD]     STX_VE_266    STX_VE_266    Syntax      ../../../build/package/top/aixsilicon_ip_apb_secure_demux_1.0.0/ut_top-vcs/src/aixsilicon_ip_apb_secure_demux_1.0.0/rtl/instance/apb_secure_demux_register_bridge.sv    317     1000    Cannot resolve hierarchical reference hwif_out.port_0.PERM_ACTIVE_4.rd_req
[DE]     STX_VE_266    STX_VE_266    Syntax      ../../../build/package/top/aixsilicon_ip_apb_secure_demux_1.0.0/ut_top-vcs/src/aixsilicon_ip_apb_secure_demux_1.0.0/rtl/instance/apb_secure_demux_register_bridge.sv    319     1000    Cannot resolve hierarchical reference hwif_out.port_0.PERM_ACTIVE_4.rd_req
[DF]     STX_VE_266    STX_VE_266    Syntax      ../../../build/package/top/aixsilicon_ip_apb_secure_demux_1.0.0/ut_top-vcs/src/aixsilicon_ip_apb_secure_demux_1.0.0/rtl/instance/apb_secure_demux_register_bridge.sv    320     1000    Cannot resolve hierarchical reference hwif_out.port_0.PERM_ACTIVE_5.rd_req
[E0]     STX_VE_266    STX_VE_266    Syntax      ../../../build/package/top/aixsilicon_ip_apb_secure_demux_1.0.0/ut_top-vcs/src/aixsilicon_ip_apb_secure_demux_1.0.0/rtl/instance/apb_secure_demux_register_bridge.sv    322     1000    Cannot resolve hierarchical reference hwif_out.port_0.PERM_ACTIVE_5.rd_req
[E1]     STX_VE_266    STX_VE_266    Syntax      ../../../build/package/top/aixsilicon_ip_apb_secure_demux_1.0.0/ut_top-vcs/src/aixsilicon_ip_apb_secure_demux_1.0.0/rtl/instance/apb_secure_demux_register_bridge.sv    323     1000    Cannot resolve hierarchical reference hwif_out.port_0.PERM_ACTIVE_6.rd_req
[E2]     STX_VE_266    STX_VE_266    Syntax      ../../../build/package/top/aixsilicon_ip_apb_secure_demux_1.0.0/ut_top-vcs/src/aixsilicon_ip_apb_secure_demux_1.0.0/rtl/instance/apb_secure_demux_register_bridge.sv    325     1000    Cannot resolve hierarchical reference hwif_out.port_0.PERM_ACTIVE_6.rd_req
[E3]     STX_VE_266    STX_VE_266    Syntax      ../../../build/package/top/aixsilicon_ip_apb_secure_demux_1.0.0/ut_top-vcs/src/aixsilicon_ip_apb_secure_demux_1.0.0/rtl/instance/apb_secure_demux_register_bridge.sv    326     1000    Cannot resolve hierarchical reference hwif_out.port_0.PERM_ACTIVE_7.rd_req
[E4]     STX_VE_266    STX_VE_266    Syntax      ../../../build/package/top/aixsilicon_ip_apb_secure_demux_1.0.0/ut_top-vcs/src/aixsilicon_ip_apb_secure_demux_1.0.0/rtl/instance/apb_secure_demux_register_bridge.sv    328     1000    Cannot resolve hierarchical reference hwif_out.port_0.PERM_ACTIVE_7.rd_req
[E5]     STX_VE_266    STX_VE_266    Syntax      ../../../build/package/top/aixsilicon_ip_apb_secure_demux_1.0.0/ut_top-vcs/src/aixsilicon_ip_apb_secure_demux_1.0.0/rtl/instance/apb_secure_demux_register_bridge.sv    329     1000    Cannot resolve hierarchical reference hwif_out.port_0.PERM_ACTIVE_8.rd_req
[E6]     STX_VE_266    STX_VE_266    Syntax      ../../../build/package/top/aixsilicon_ip_apb_secure_demux_1.0.0/ut_top-vcs/src/aixsilicon_ip_apb_secure_demux_1.0.0/rtl/instance/apb_secure_demux_register_bridge.sv    331     1000    Cannot resolve hierarchical reference hwif_out.port_0.PERM_ACTIVE_8.rd_req
[E7]     STX_VE_266    STX_VE_266    Syntax      ../../../build/package/top/aixsilicon_ip_apb_secure_demux_1.0.0/ut_top-vcs/src/aixsilicon_ip_apb_secure_demux_1.0.0/rtl/instance/apb_secure_demux_register_bridge.sv    332     1000    Cannot resolve hierarchical reference hwif_out.port_0.PERM_ACTIVE_9.rd_req
[E8]     STX_VE_266    STX_VE_266    Syntax      ../../../build/package/top/aixsilicon_ip_apb_secure_demux_1.0.0/ut_top-vcs/src/aixsilicon_ip_apb_secure_demux_1.0.0/rtl/instance/apb_secure_demux_register_bridge.sv    334     1000    Cannot resolve hierarchical reference hwif_out.port_0.PERM_ACTIVE_9.rd_req
[E9]     STX_VE_266    STX_VE_266    Syntax      ../../../build/package/top/aixsilicon_ip_apb_secure_demux_1.0.0/ut_top-vcs/src/aixsilicon_ip_apb_secure_demux_1.0.0/rtl/instance/apb_secure_demux_register_bridge.sv    335     1000    Cannot resolve hierarchical reference hwif_out.port_0.PERM_ACTIVE_10.rd_req
[EA]     STX_VE_266    STX_VE_266    Syntax      ../../../build/package/top/aixsilicon_ip_apb_secure_demux_1.0.0/ut_top-vcs/src/aixsilicon_ip_apb_secure_demux_1.0.0/rtl/instance/apb_secure_demux_register_bridge.sv    337     1000    Cannot resolve hierarchical reference hwif_out.port_0.PERM_ACTIVE_10.rd_req
[EB]     STX_VE_266    STX_VE_266    Syntax      ../../../build/package/top/aixsilicon_ip_apb_secure_demux_1.0.0/ut_top-vcs/src/aixsilicon_ip_apb_secure_demux_1.0.0/rtl/instance/apb_secure_demux_register_bridge.sv    338     1000    Cannot resolve hierarchical reference hwif_out.port_0.PERM_ACTIVE_11.rd_req
[EC]     STX_VE_266    STX_VE_266    Syntax      ../../../build/package/top/aixsilicon_ip_apb_secure_demux_1.0.0/ut_top-vcs/src/aixsilicon_ip_apb_secure_demux_1.0.0/rtl/instance/apb_secure_demux_register_bridge.sv    340     1000    Cannot resolve hierarchical reference hwif_out.port_0.PERM_ACTIVE_11.rd_req
[ED]     STX_VE_266    STX_VE_266    Syntax      ../../../build/package/top/aixsilicon_ip_apb_secure_demux_1.0.0/ut_top-vcs/src/aixsilicon_ip_apb_secure_demux_1.0.0/rtl/instance/apb_secure_demux_register_bridge.sv    341     1000    Cannot resolve hierarchical reference hwif_out.port_0.PERM_ACTIVE_12.rd_req
[EE]     STX_VE_266    STX_VE_266    Syntax      ../../../build/package/top/aixsilicon_ip_apb_secure_demux_1.0.0/ut_top-vcs/src/aixsilicon_ip_apb_secure_demux_1.0.0/rtl/instance/apb_secure_demux_register_bridge.sv    343     1000    Cannot resolve hierarchical reference hwif_out.port_0.PERM_ACTIVE_12.rd_req
[EF]     STX_VE_266    STX_VE_266    Syntax      ../../../build/package/top/aixsilicon_ip_apb_secure_demux_1.0.0/ut_top-vcs/src/aixsilicon_ip_apb_secure_demux_1.0.0/rtl/instance/apb_secure_demux_register_bridge.sv    344     1000    Cannot resolve hierarchical reference hwif_out.port_0.PERM_ACTIVE_13.rd_req
[F0]     STX_VE_266    STX_VE_266    Syntax      ../../../build/package/top/aixsilicon_ip_apb_secure_demux_1.0.0/ut_top-vcs/src/aixsilicon_ip_apb_secure_demux_1.0.0/rtl/instance/apb_secure_demux_register_bridge.sv    346     1000    Cannot resolve hierarchical reference hwif_out.port_0.PERM_ACTIVE_13.rd_req
[F1]     STX_VE_266    STX_VE_266    Syntax      ../../../build/package/top/aixsilicon_ip_apb_secure_demux_1.0.0/ut_top-vcs/src/aixsilicon_ip_apb_secure_demux_1.0.0/rtl/instance/apb_secure_demux_register_bridge.sv    347     1000    Cannot resolve hierarchical reference hwif_out.port_0.PERM_ACTIVE_14.rd_req
[F2]     STX_VE_266    STX_VE_266    Syntax      ../../../build/package/top/aixsilicon_ip_apb_secure_demux_1.0.0/ut_top-vcs/src/aixsilicon_ip_apb_secure_demux_1.0.0/rtl/instance/apb_secure_demux_register_bridge.sv    349     1000    Cannot resolve hierarchical reference hwif_out.port_0.PERM_ACTIVE_14.rd_req
[F3]     STX_VE_266    STX_VE_266    Syntax      ../../../build/package/top/aixsilicon_ip_apb_secure_demux_1.0.0/ut_top-vcs/src/aixsilicon_ip_apb_secure_demux_1.0.0/rtl/instance/apb_secure_demux_register_bridge.sv    350     1000    Cannot resolve hierarchical reference hwif_out.port_0.PERM_ACTIVE_15.rd_req
[F4]     STX_VE_266    STX_VE_266    Syntax      ../../../build/package/top/aixsilicon_ip_apb_secure_demux_1.0.0/ut_top-vcs/src/aixsilicon_ip_apb_secure_demux_1.0.0/rtl/instance/apb_secure_demux_register_bridge.sv    352     1000    Cannot resolve hierarchical reference hwif_out.port_0.PERM_ACTIVE_15.rd_req
[F5]     STX_VE_266    STX_VE_266    Syntax      ../../../build/package/top/aixsilicon_ip_apb_secure_demux_1.0.0/ut_top-vcs/src/aixsilicon_ip_apb_secure_demux_1.0.0/rtl/instance/apb_secure_demux_register_bridge.sv    353     1000    Cannot resolve hierarchical reference hwif_out.port_1.MAP_BASE.rd_req
[F6]     STX_VE_266    STX_VE_266    Syntax      ../../../build/package/top/aixsilicon_ip_apb_secure_demux_1.0.0/ut_top-vcs/src/aixsilicon_ip_apb_secure_demux_1.0.0/rtl/instance/apb_secure_demux_register_bridge.sv    355     1000    Cannot resolve hierarchical reference hwif_out.port_1.MAP_BASE.rd_req
[F7]     STX_VE_266    STX_VE_266    Syntax      ../../../build/package/top/aixsilicon_ip_apb_secure_demux_1.0.0/ut_top-vcs/src/aixsilicon_ip_apb_secure_demux_1.0.0/rtl/instance/apb_secure_demux_register_bridge.sv    356     1000    Cannot resolve hierarchical reference hwif_out.port_1.MAP_LIMIT.rd_req
[F8]     STX_VE_266    STX_VE_266    Syntax      ../../../build/package/top/aixsilicon_ip_apb_secure_demux_1.0.0/ut_top-vcs/src/aixsilicon_ip_apb_secure_demux_1.0.0/rtl/instance/apb_secure_demux_register_bridge.sv    358     1000    Cannot resolve hierarchical reference hwif_out.port_1.MAP_LIMIT.rd_req
[F9]     STX_VE_266    STX_VE_266    Syntax      ../../../build/package/top/aixsilicon_ip_apb_secure_demux_1.0.0/ut_top-vcs/src/aixsilicon_ip_apb_secure_demux_1.0.0/rtl/instance/apb_secure_demux_register_bridge.sv    359     1000    Cannot resolve hierarchical reference hwif_out.port_1.PORT_LOCK.rd_req
[FA]     STX_VE_266    STX_VE_266    Syntax      ../../../build/package/top/aixsilicon_ip_apb_secure_demux_1.0.0/ut_top-vcs/src/aixsilicon_ip_apb_secure_demux_1.0.0/rtl/instance/apb_secure_demux_register_bridge.sv    361     1000    Cannot resolve hierarchical reference hwif_out.port_1.PORT_LOCK.rd_req
[FB]     STX_VE_266    STX_VE_266    Syntax      ../../../build/package/top/aixsilicon_ip_apb_secure_demux_1.0.0/ut_top-vcs/src/aixsilicon_ip_apb_secure_demux_1.0.0/rtl/instance/apb_secure_demux_register_bridge.sv    362     1000    Cannot resolve hierarchical reference hwif_out.port_1.PORT_LOCK.wr_req
[FC]     STX_VE_266    STX_VE_266    Syntax      ../../../build/package/top/aixsilicon_ip_apb_secure_demux_1.0.0/ut_top-vcs/src/aixsilicon_ip_apb_secure_demux_1.0.0/rtl/instance/apb_secure_demux_register_bridge.sv    363     1000    Cannot resolve hierarchical reference hwif_out.port_1.PORT_LOCK.wr_req
[FD]     STX_VE_266    STX_VE_266    Syntax      ../../../build/package/top/aixsilicon_ip_apb_secure_demux_1.0.0/ut_top-vcs/src/aixsilicon_ip_apb_secure_demux_1.0.0/rtl/instance/apb_secure_demux_register_bridge.sv    364     1000    Cannot resolve hierarchical reference hwif_out.port_1.CFG_SHADOW.rd_req
[FE]     STX_VE_266    STX_VE_266    Syntax      ../../../build/package/top/aixsilicon_ip_apb_secure_demux_1.0.0/ut_top-vcs/src/aixsilicon_ip_apb_secure_demux_1.0.0/rtl/instance/apb_secure_demux_register_bridge.sv    366     1000    Cannot resolve hierarchical reference hwif_out.port_1.CFG_SHADOW.rd_req
[FF]     STX_VE_266    STX_VE_266    Syntax      ../../../build/package/top/aixsilicon_ip_apb_secure_demux_1.0.0/ut_top-vcs/src/aixsilicon_ip_apb_secure_demux_1.0.0/rtl/instance/apb_secure_demux_register_bridge.sv    367     1000    Cannot resolve hierarchical reference hwif_out.port_1.CFG_SHADOW.wr_req
[100]    STX_VE_266    STX_VE_266    Syntax      ../../../build/package/top/aixsilicon_ip_apb_secure_demux_1.0.0/ut_top-vcs/src/aixsilicon_ip_apb_secure_demux_1.0.0/rtl/instance/apb_secure_demux_register_bridge.sv    368     1000    Cannot resolve hierarchical reference hwif_out.port_1.CFG_SHADOW.wr_req
[101]    STX_VE_266    STX_VE_266    Syntax      ../../../build/package/top/aixsilicon_ip_apb_secure_demux_1.0.0/ut_top-vcs/src/aixsilicon_ip_apb_secure_demux_1.0.0/rtl/instance/apb_secure_demux_register_bridge.sv    369     1000    Cannot resolve hierarchical reference hwif_out.port_1.CFG_ACTIVE.rd_req
[102]    STX_VE_266    STX_VE_266    Syntax      ../../../build/package/top/aixsilicon_ip_apb_secure_demux_1.0.0/ut_top-vcs/src/aixsilicon_ip_apb_secure_demux_1.0.0/rtl/instance/apb_secure_demux_register_bridge.sv    371     1000    Cannot resolve hierarchical reference hwif_out.port_1.CFG_ACTIVE.rd_req
[103]    STX_VE_266    STX_VE_266    Syntax      ../../../build/package/top/aixsilicon_ip_apb_secure_demux_1.0.0/ut_top-vcs/src/aixsilicon_ip_apb_secure_demux_1.0.0/rtl/instance/apb_secure_demux_register_bridge.sv    372     1000    Cannot resolve hierarchical reference hwif_out.port_1.SUCCESS_COUNT.rd_req
[104]    STX_VE_266    STX_VE_266    Syntax      ../../../build/package/top/aixsilicon_ip_apb_secure_demux_1.0.0/ut_top-vcs/src/aixsilicon_ip_apb_secure_demux_1.0.0/rtl/instance/apb_secure_demux_register_bridge.sv    374     1000    Cannot resolve hierarchical reference hwif_out.port_1.SUCCESS_COUNT.rd_req
[105]    STX_VE_266    STX_VE_266    Syntax      ../../../build/package/top/aixsilicon_ip_apb_secure_demux_1.0.0/ut_top-vcs/src/aixsilicon_ip_apb_secure_demux_1.0.0/rtl/instance/apb_secure_demux_register_bridge.sv    375     1000    Cannot resolve hierarchical reference hwif_out.port_1.DENY_COUNT.rd_req
[106]    STX_VE_266    STX_VE_266    Syntax      ../../../build/package/top/aixsilicon_ip_apb_secure_demux_1.0.0/ut_top-vcs/src/aixsilicon_ip_apb_secure_demux_1.0.0/rtl/instance/apb_secure_demux_register_bridge.sv    377     1000    Cannot resolve hierarchical reference hwif_out.port_1.DENY_COUNT.rd_req
[107]    STX_VE_266    STX_VE_266    Syntax      ../../../build/package/top/aixsilicon_ip_apb_secure_demux_1.0.0/ut_top-vcs/src/aixsilicon_ip_apb_secure_demux_1.0.0/rtl/instance/apb_secure_demux_register_bridge.sv    378     1000    Cannot resolve hierarchical reference hwif_out.port_1.SLVERR_COUNT.rd_req
[108]    STX_VE_266    STX_VE_266    Syntax      ../../../build/package/top/aixsilicon_ip_apb_secure_demux_1.0.0/ut_top-vcs/src/aixsilicon_ip_apb_secure_demux_1.0.0/rtl/instance/apb_secure_demux_register_bridge.sv    380     1000    Cannot resolve hierarchical reference hwif_out.port_1.SLVERR_COUNT.rd_req
[109]    STX_VE_266    STX_VE_266    Syntax      ../../../build/package/top/aixsilicon_ip_apb_secure_demux_1.0.0/ut_top-vcs/src/aixsilicon_ip_apb_secure_demux_1.0.0/rtl/instance/apb_secure_demux_register_bridge.sv    381     1000    Cannot resolve hierarchical reference hwif_out.port_1.WAIT_TOTAL.rd_req
[10A]    STX_VE_266    STX_VE_266    Syntax      ../../../build/package/top/aixsilicon_ip_apb_secure_demux_1.0.0/ut_top-vcs/src/aixsilicon_ip_apb_secure_demux_1.0.0/rtl/instance/apb_secure_demux_register_bridge.sv    383     1000    Cannot resolve hierarchical reference hwif_out.port_1.WAIT_TOTAL.rd_req
[10B]    STX_VE_266    STX_VE_266    Syntax      ../../../build/package/top/aixsilicon_ip_apb_secure_demux_1.0.0/ut_top-vcs/src/aixsilicon_ip_apb_secure_demux_1.0.0/rtl/instance/apb_secure_demux_register_bridge.sv    384     1000    Cannot resolve hierarchical reference hwif_out.port_1.WAIT_MAX.rd_req
[10C]    STX_VE_266    STX_VE_266    Syntax      ../../../build/package/top/aixsilicon_ip_apb_secure_demux_1.0.0/ut_top-vcs/src/aixsilicon_ip_apb_secure_demux_1.0.0/rtl/instance/apb_secure_demux_register_bridge.sv    386     1000    Cannot resolve hierarchical reference hwif_out.port_1.WAIT_MAX.rd_req
[10D]    STX_VE_266    STX_VE_266    Syntax      ../../../build/package/top/aixsilicon_ip_apb_secure_demux_1.0.0/ut_top-vcs/src/aixsilicon_ip_apb_secure_demux_1.0.0/rtl/instance/apb_secure_demux_register_bridge.sv    387     1000    Cannot resolve hierarchical reference hwif_out.port_1.DFX_COUNTER_CLEAR.wr_req
[10E]    STX_VE_266    STX_VE_266    Syntax      ../../../build/package/top/aixsilicon_ip_apb_secure_demux_1.0.0/ut_top-vcs/src/aixsilicon_ip_apb_secure_demux_1.0.0/rtl/instance/apb_secure_demux_register_bridge.sv    388     1000    Cannot resolve hierarchical reference hwif_out.port_1.DFX_COUNTER_CLEAR.wr_req
[10F]    STX_VE_266    STX_VE_266    Syntax      ../../../build/package/top/aixsilicon_ip_apb_secure_demux_1.0.0/ut_top-vcs/src/aixsilicon_ip_apb_secure_demux_1.0.0/rtl/instance/apb_secure_demux_register_bridge.sv    389     1000    Cannot resolve hierarchical reference hwif_out.port_1.PERM_SHADOW_0.rd_req
[110]    STX_VE_266    STX_VE_266    Syntax      ../../../build/package/top/aixsilicon_ip_apb_secure_demux_1.0.0/ut_top-vcs/src/aixsilicon_ip_apb_secure_demux_1.0.0/rtl/instance/apb_secure_demux_register_bridge.sv    391     1000    Cannot resolve hierarchical reference hwif_out.port_1.PERM_SHADOW_0.rd_req
[111]    STX_VE_266    STX_VE_266    Syntax      ../../../build/package/top/aixsilicon_ip_apb_secure_demux_1.0.0/ut_top-vcs/src/aixsilicon_ip_apb_secure_demux_1.0.0/rtl/instance/apb_secure_demux_register_bridge.sv    392     1000    Cannot resolve hierarchical reference hwif_out.port_1.PERM_SHADOW_0.wr_req
[112]    STX_VE_266    STX_VE_266    Syntax      ../../../build/package/top/aixsilicon_ip_apb_secure_demux_1.0.0/ut_top-vcs/src/aixsilicon_ip_apb_secure_demux_1.0.0/rtl/instance/apb_secure_demux_register_bridge.sv    393     1000    Cannot resolve hierarchical reference hwif_out.port_1.PERM_SHADOW_0.wr_req
[113]    STX_VE_266    STX_VE_266    Syntax      ../../../build/package/top/aixsilicon_ip_apb_secure_demux_1.0.0/ut_top-vcs/src/aixsilicon_ip_apb_secure_demux_1.0.0/rtl/instance/apb_secure_demux_register_bridge.sv    394     1000    Cannot resolve hierarchical reference hwif_out.port_1.PERM_SHADOW_1.rd_req
[114]    STX_VE_266    STX_VE_266    Syntax      ../../../build/package/top/aixsilicon_ip_apb_secure_demux_1.0.0/ut_top-vcs/src/aixsilicon_ip_apb_secure_demux_1.0.0/rtl/instance/apb_secure_demux_register_bridge.sv    396     1000    Cannot resolve hierarchical reference hwif_out.port_1.PERM_SHADOW_1.rd_req
[115]    STX_VE_266    STX_VE_266    Syntax      ../../../build/package/top/aixsilicon_ip_apb_secure_demux_1.0.0/ut_top-vcs/src/aixsilicon_ip_apb_secure_demux_1.0.0/rtl/instance/apb_secure_demux_register_bridge.sv    397     1000    Cannot resolve hierarchical reference hwif_out.port_1.PERM_SHADOW_1.wr_req
[116]    STX_VE_266    STX_VE_266    Syntax      ../../../build/package/top/aixsilicon_ip_apb_secure_demux_1.0.0/ut_top-vcs/src/aixsilicon_ip_apb_secure_demux_1.0.0/rtl/instance/apb_secure_demux_register_bridge.sv    398     1000    Cannot resolve hierarchical reference hwif_out.port_1.PERM_SHADOW_1.wr_req
[117]    STX_VE_266    STX_VE_266    Syntax      ../../../build/package/top/aixsilicon_ip_apb_secure_demux_1.0.0/ut_top-vcs/src/aixsilicon_ip_apb_secure_demux_1.0.0/rtl/instance/apb_secure_demux_register_bridge.sv    399     1000    Cannot resolve hierarchical reference hwif_out.port_1.PERM_SHADOW_2.rd_req
[118]    STX_VE_266    STX_VE_266    Syntax      ../../../build/package/top/aixsilicon_ip_apb_secure_demux_1.0.0/ut_top-vcs/src/aixsilicon_ip_apb_secure_demux_1.0.0/rtl/instance/apb_secure_demux_register_bridge.sv    401     1000    Cannot resolve hierarchical reference hwif_out.port_1.PERM_SHADOW_2.rd_req
[119]    STX_VE_266    STX_VE_266    Syntax      ../../../build/package/top/aixsilicon_ip_apb_secure_demux_1.0.0/ut_top-vcs/src/aixsilicon_ip_apb_secure_demux_1.0.0/rtl/instance/apb_secure_demux_register_bridge.sv    402     1000    Cannot resolve hierarchical reference hwif_out.port_1.PERM_SHADOW_2.wr_req
[11A]    STX_VE_266    STX_VE_266    Syntax      ../../../build/package/top/aixsilicon_ip_apb_secure_demux_1.0.0/ut_top-vcs/src/aixsilicon_ip_apb_secure_demux_1.0.0/rtl/instance/apb_secure_demux_register_bridge.sv    403     1000    Cannot resolve hierarchical reference hwif_out.port_1.PERM_SHADOW_2.wr_req
[11B]    STX_VE_266    STX_VE_266    Syntax      ../../../build/package/top/aixsilicon_ip_apb_secure_demux_1.0.0/ut_top-vcs/src/aixsilicon_ip_apb_secure_demux_1.0.0/rtl/instance/apb_secure_demux_register_bridge.sv    404     1000    Cannot resolve hierarchical reference hwif_out.port_1.PERM_SHADOW_3.rd_req
[11C]    STX_VE_266    STX_VE_266    Syntax      ../../../build/package/top/aixsilicon_ip_apb_secure_demux_1.0.0/ut_top-vcs/src/aixsilicon_ip_apb_secure_demux_1.0.0/rtl/instance/apb_secure_demux_register_bridge.sv    406     1000    Cannot resolve hierarchical reference hwif_out.port_1.PERM_SHADOW_3.rd_req
[11D]    STX_VE_266    STX_VE_266    Syntax      ../../../build/package/top/aixsilicon_ip_apb_secure_demux_1.0.0/ut_top-vcs/src/aixsilicon_ip_apb_secure_demux_1.0.0/rtl/instance/apb_secure_demux_register_bridge.sv    407     1000    Cannot resolve hierarchical reference hwif_out.port_1.PERM_SHADOW_3.wr_req
[11E]    STX_VE_266    STX_VE_266    Syntax      ../../../build/package/top/aixsilicon_ip_apb_secure_demux_1.0.0/ut_top-vcs/src/aixsilicon_ip_apb_secure_demux_1.0.0/rtl/instance/apb_secure_demux_register_bridge.sv    408     1000    Cannot resolve hierarchical reference hwif_out.port_1.PERM_SHADOW_3.wr_req
[11F]    STX_VE_266    STX_VE_266    Syntax      ../../../build/package/top/aixsilicon_ip_apb_secure_demux_1.0.0/ut_top-vcs/src/aixsilicon_ip_apb_secure_demux_1.0.0/rtl/instance/apb_secure_demux_register_bridge.sv    409     1000    Cannot resolve hierarchical reference hwif_out.port_1.PERM_SHADOW_4.rd_req
[120]    STX_VE_266    STX_VE_266    Syntax      ../../../build/package/top/aixsilicon_ip_apb_secure_demux_1.0.0/ut_top-vcs/src/aixsilicon_ip_apb_secure_demux_1.0.0/rtl/instance/apb_secure_demux_register_bridge.sv    411     1000    Cannot resolve hierarchical reference hwif_out.port_1.PERM_SHADOW_4.rd_req
[121]    STX_VE_266    STX_VE_266    Syntax      ../../../build/package/top/aixsilicon_ip_apb_secure_demux_1.0.0/ut_top-vcs/src/aixsilicon_ip_apb_secure_demux_1.0.0/rtl/instance/apb_secure_demux_register_bridge.sv    412     1000    Cannot resolve hierarchical reference hwif_out.port_1.PERM_SHADOW_4.wr_req
[122]    STX_VE_266    STX_VE_266    Syntax      ../../../build/package/top/aixsilicon_ip_apb_secure_demux_1.0.0/ut_top-vcs/src/aixsilicon_ip_apb_secure_demux_1.0.0/rtl/instance/apb_secure_demux_register_bridge.sv    413     1000    Cannot resolve hierarchical reference hwif_out.port_1.PERM_SHADOW_4.wr_req
[123]    STX_VE_266    STX_VE_266    Syntax      ../../../build/package/top/aixsilicon_ip_apb_secure_demux_1.0.0/ut_top-vcs/src/aixsilicon_ip_apb_secure_demux_1.0.0/rtl/instance/apb_secure_demux_register_bridge.sv    414     1000    Cannot resolve hierarchical reference hwif_out.port_1.PERM_SHADOW_5.rd_req
[124]    STX_VE_266    STX_VE_266    Syntax      ../../../build/package/top/aixsilicon_ip_apb_secure_demux_1.0.0/ut_top-vcs/src/aixsilicon_ip_apb_secure_demux_1.0.0/rtl/instance/apb_secure_demux_register_bridge.sv    416     1000    Cannot resolve hierarchical reference hwif_out.port_1.PERM_SHADOW_5.rd_req
[125]    STX_VE_266    STX_VE_266    Syntax      ../../../build/package/top/aixsilicon_ip_apb_secure_demux_1.0.0/ut_top-vcs/src/aixsilicon_ip_apb_secure_demux_1.0.0/rtl/instance/apb_secure_demux_register_bridge.sv    417     1000    Cannot resolve hierarchical reference hwif_out.port_1.PERM_SHADOW_5.wr_req
[126]    STX_VE_266    STX_VE_266    Syntax      ../../../build/package/top/aixsilicon_ip_apb_secure_demux_1.0.0/ut_top-vcs/src/aixsilicon_ip_apb_secure_demux_1.0.0/rtl/instance/apb_secure_demux_register_bridge.sv    418     1000    Cannot resolve hierarchical reference hwif_out.port_1.PERM_SHADOW_5.wr_req
[127]    STX_VE_266    STX_VE_266    Syntax      ../../../build/package/top/aixsilicon_ip_apb_secure_demux_1.0.0/ut_top-vcs/src/aixsilicon_ip_apb_secure_demux_1.0.0/rtl/instance/apb_secure_demux_register_bridge.sv    419     1000    Cannot resolve hierarchical reference hwif_out.port_1.PERM_SHADOW_6.rd_req
[128]    STX_VE_266    STX_VE_266    Syntax      ../../../build/package/top/aixsilicon_ip_apb_secure_demux_1.0.0/ut_top-vcs/src/aixsilicon_ip_apb_secure_demux_1.0.0/rtl/instance/apb_secure_demux_register_bridge.sv    421     1000    Cannot resolve hierarchical reference hwif_out.port_1.PERM_SHADOW_6.rd_req
[129]    STX_VE_266    STX_VE_266    Syntax      ../../../build/package/top/aixsilicon_ip_apb_secure_demux_1.0.0/ut_top-vcs/src/aixsilicon_ip_apb_secure_demux_1.0.0/rtl/instance/apb_secure_demux_register_bridge.sv    422     1000    Cannot resolve hierarchical reference hwif_out.port_1.PERM_SHADOW_6.wr_req
[12A]    STX_VE_266    STX_VE_266    Syntax      ../../../build/package/top/aixsilicon_ip_apb_secure_demux_1.0.0/ut_top-vcs/src/aixsilicon_ip_apb_secure_demux_1.0.0/rtl/instance/apb_secure_demux_register_bridge.sv    423     1000    Cannot resolve hierarchical reference hwif_out.port_1.PERM_SHADOW_6.wr_req
[12B]    STX_VE_266    STX_VE_266    Syntax      ../../../build/package/top/aixsilicon_ip_apb_secure_demux_1.0.0/ut_top-vcs/src/aixsilicon_ip_apb_secure_demux_1.0.0/rtl/instance/apb_secure_demux_register_bridge.sv    424     1000    Cannot resolve hierarchical reference hwif_out.port_1.PERM_SHADOW_7.rd_req
[12C]    STX_VE_266    STX_VE_266    Syntax      ../../../build/package/top/aixsilicon_ip_apb_secure_demux_1.0.0/ut_top-vcs/src/aixsilicon_ip_apb_secure_demux_1.0.0/rtl/instance/apb_secure_demux_register_bridge.sv    426     1000    Cannot resolve hierarchical reference hwif_out.port_1.PERM_SHADOW_7.rd_req
[12D]    STX_VE_266    STX_VE_266    Syntax      ../../../build/package/top/aixsilicon_ip_apb_secure_demux_1.0.0/ut_top-vcs/src/aixsilicon_ip_apb_secure_demux_1.0.0/rtl/instance/apb_secure_demux_register_bridge.sv    427     1000    Cannot resolve hierarchical reference hwif_out.port_1.PERM_SHADOW_7.wr_req
[12E]    STX_VE_266    STX_VE_266    Syntax      ../../../build/package/top/aixsilicon_ip_apb_secure_demux_1.0.0/ut_top-vcs/src/aixsilicon_ip_apb_secure_demux_1.0.0/rtl/instance/apb_secure_demux_register_bridge.sv    428     1000    Cannot resolve hierarchical reference hwif_out.port_1.PERM_SHADOW_7.wr_req
[12F]    STX_VE_266    STX_VE_266    Syntax      ../../../build/package/top/aixsilicon_ip_apb_secure_demux_1.0.0/ut_top-vcs/src/aixsilicon_ip_apb_secure_demux_1.0.0/rtl/instance/apb_secure_demux_register_bridge.sv    429     1000    Cannot resolve hierarchical reference hwif_out.port_1.PERM_SHADOW_8.rd_req
[130]    STX_VE_266    STX_VE_266    Syntax      ../../../build/package/top/aixsilicon_ip_apb_secure_demux_1.0.0/ut_top-vcs/src/aixsilicon_ip_apb_secure_demux_1.0.0/rtl/instance/apb_secure_demux_register_bridge.sv    431     1000    Cannot resolve hierarchical reference hwif_out.port_1.PERM_SHADOW_8.rd_req
[131]    STX_VE_266    STX_VE_266    Syntax      ../../../build/package/top/aixsilicon_ip_apb_secure_demux_1.0.0/ut_top-vcs/src/aixsilicon_ip_apb_secure_demux_1.0.0/rtl/instance/apb_secure_demux_register_bridge.sv    432     1000    Cannot resolve hierarchical reference hwif_out.port_1.PERM_SHADOW_8.wr_req
[132]    STX_VE_266    STX_VE_266    Syntax      ../../../build/package/top/aixsilicon_ip_apb_secure_demux_1.0.0/ut_top-vcs/src/aixsilicon_ip_apb_secure_demux_1.0.0/rtl/instance/apb_secure_demux_register_bridge.sv    433     1000    Cannot resolve hierarchical reference hwif_out.port_1.PERM_SHADOW_8.wr_req
[133]    STX_VE_266    STX_VE_266    Syntax      ../../../build/package/top/aixsilicon_ip_apb_secure_demux_1.0.0/ut_top-vcs/src/aixsilicon_ip_apb_secure_demux_1.0.0/rtl/instance/apb_secure_demux_register_bridge.sv    434     1000    Cannot resolve hierarchical reference hwif_out.port_1.PERM_SHADOW_9.rd_req
[134]    STX_VE_266    STX_VE_266    Syntax      ../../../build/package/top/aixsilicon_ip_apb_secure_demux_1.0.0/ut_top-vcs/src/aixsilicon_ip_apb_secure_demux_1.0.0/rtl/instance/apb_secure_demux_register_bridge.sv    436     1000    Cannot resolve hierarchical reference hwif_out.port_1.PERM_SHADOW_9.rd_req
[135]    STX_VE_266    STX_VE_266    Syntax      ../../../build/package/top/aixsilicon_ip_apb_secure_demux_1.0.0/ut_top-vcs/src/aixsilicon_ip_apb_secure_demux_1.0.0/rtl/instance/apb_secure_demux_register_bridge.sv    437     1000    Cannot resolve hierarchical reference hwif_out.port_1.PERM_SHADOW_9.wr_req
[136]    STX_VE_266    STX_VE_266    Syntax      ../../../build/package/top/aixsilicon_ip_apb_secure_demux_1.0.0/ut_top-vcs/src/aixsilicon_ip_apb_secure_demux_1.0.0/rtl/instance/apb_secure_demux_register_bridge.sv    438     1000    Cannot resolve hierarchical reference hwif_out.port_1.PERM_SHADOW_9.wr_req
[137]    STX_VE_266    STX_VE_266    Syntax      ../../../build/package/top/aixsilicon_ip_apb_secure_demux_1.0.0/ut_top-vcs/src/aixsilicon_ip_apb_secure_demux_1.0.0/rtl/instance/apb_secure_demux_register_bridge.sv    439     1000    Cannot resolve hierarchical reference hwif_out.port_1.PERM_SHADOW_10.rd_req
[138]    STX_VE_266    STX_VE_266    Syntax      ../../../build/package/top/aixsilicon_ip_apb_secure_demux_1.0.0/ut_top-vcs/src/aixsilicon_ip_apb_secure_demux_1.0.0/rtl/instance/apb_secure_demux_register_bridge.sv    441     1000    Cannot resolve hierarchical reference hwif_out.port_1.PERM_SHADOW_10.rd_req
[139]    STX_VE_266    STX_VE_266    Syntax      ../../../build/package/top/aixsilicon_ip_apb_secure_demux_1.0.0/ut_top-vcs/src/aixsilicon_ip_apb_secure_demux_1.0.0/rtl/instance/apb_secure_demux_register_bridge.sv    442     1000    Cannot resolve hierarchical reference hwif_out.port_1.PERM_SHADOW_10.wr_req
[13A]    STX_VE_266    STX_VE_266    Syntax      ../../../build/package/top/aixsilicon_ip_apb_secure_demux_1.0.0/ut_top-vcs/src/aixsilicon_ip_apb_secure_demux_1.0.0/rtl/instance/apb_secure_demux_register_bridge.sv    443     1000    Cannot resolve hierarchical reference hwif_out.port_1.PERM_SHADOW_10.wr_req
[13B]    STX_VE_266    STX_VE_266    Syntax      ../../../build/package/top/aixsilicon_ip_apb_secure_demux_1.0.0/ut_top-vcs/src/aixsilicon_ip_apb_secure_demux_1.0.0/rtl/instance/apb_secure_demux_register_bridge.sv    444     1000    Cannot resolve hierarchical reference hwif_out.port_1.PERM_SHADOW_11.rd_req
[13C]    STX_VE_266    STX_VE_266    Syntax      ../../../build/package/top/aixsilicon_ip_apb_secure_demux_1.0.0/ut_top-vcs/src/aixsilicon_ip_apb_secure_demux_1.0.0/rtl/instance/apb_secure_demux_register_bridge.sv    446     1000    Cannot resolve hierarchical reference hwif_out.port_1.PERM_SHADOW_11.rd_req
[13D]    STX_VE_266    STX_VE_266    Syntax      ../../../build/package/top/aixsilicon_ip_apb_secure_demux_1.0.0/ut_top-vcs/src/aixsilicon_ip_apb_secure_demux_1.0.0/rtl/instance/apb_secure_demux_register_bridge.sv    447     1000    Cannot resolve hierarchical reference hwif_out.port_1.PERM_SHADOW_11.wr_req
[13E]    STX_VE_266    STX_VE_266    Syntax      ../../../build/package/top/aixsilicon_ip_apb_secure_demux_1.0.0/ut_top-vcs/src/aixsilicon_ip_apb_secure_demux_1.0.0/rtl/instance/apb_secure_demux_register_bridge.sv    448     1000    Cannot resolve hierarchical reference hwif_out.port_1.PERM_SHADOW_11.wr_req
[13F]    STX_VE_266    STX_VE_266    Syntax      ../../../build/package/top/aixsilicon_ip_apb_secure_demux_1.0.0/ut_top-vcs/src/aixsilicon_ip_apb_secure_demux_1.0.0/rtl/instance/apb_secure_demux_register_bridge.sv    449     1000    Cannot resolve hierarchical reference hwif_out.port_1.PERM_SHADOW_12.rd_req
[140]    STX_VE_266    STX_VE_266    Syntax      ../../../build/package/top/aixsilicon_ip_apb_secure_demux_1.0.0/ut_top-vcs/src/aixsilicon_ip_apb_secure_demux_1.0.0/rtl/instance/apb_secure_demux_register_bridge.sv    451     1000    Cannot resolve hierarchical reference hwif_out.port_1.PERM_SHADOW_12.rd_req
[141]    STX_VE_266    STX_VE_266    Syntax      ../../../build/package/top/aixsilicon_ip_apb_secure_demux_1.0.0/ut_top-vcs/src/aixsilicon_ip_apb_secure_demux_1.0.0/rtl/instance/apb_secure_demux_register_bridge.sv    452     1000    Cannot resolve hierarchical reference hwif_out.port_1.PERM_SHADOW_12.wr_req
[142]    STX_VE_266    STX_VE_266    Syntax      ../../../build/package/top/aixsilicon_ip_apb_secure_demux_1.0.0/ut_top-vcs/src/aixsilicon_ip_apb_secure_demux_1.0.0/rtl/instance/apb_secure_demux_register_bridge.sv    453     1000    Cannot resolve hierarchical reference hwif_out.port_1.PERM_SHADOW_12.wr_req
[143]    STX_VE_266    STX_VE_266    Syntax      ../../../build/package/top/aixsilicon_ip_apb_secure_demux_1.0.0/ut_top-vcs/src/aixsilicon_ip_apb_secure_demux_1.0.0/rtl/instance/apb_secure_demux_register_bridge.sv    454     1000    Cannot resolve hierarchical reference hwif_out.port_1.PERM_SHADOW_13.rd_req
[144]    STX_VE_266    STX_VE_266    Syntax      ../../../build/package/top/aixsilicon_ip_apb_secure_demux_1.0.0/ut_top-vcs/src/aixsilicon_ip_apb_secure_demux_1.0.0/rtl/instance/apb_secure_demux_register_bridge.sv    456     1000    Cannot resolve hierarchical reference hwif_out.port_1.PERM_SHADOW_13.rd_req
[145]    STX_VE_266    STX_VE_266    Syntax      ../../../build/package/top/aixsilicon_ip_apb_secure_demux_1.0.0/ut_top-vcs/src/aixsilicon_ip_apb_secure_demux_1.0.0/rtl/instance/apb_secure_demux_register_bridge.sv    457     1000    Cannot resolve hierarchical reference hwif_out.port_1.PERM_SHADOW_13.wr_req
[146]    STX_VE_266    STX_VE_266    Syntax      ../../../build/package/top/aixsilicon_ip_apb_secure_demux_1.0.0/ut_top-vcs/src/aixsilicon_ip_apb_secure_demux_1.0.0/rtl/instance/apb_secure_demux_register_bridge.sv    458     1000    Cannot resolve hierarchical reference hwif_out.port_1.PERM_SHADOW_13.wr_req
[147]    STX_VE_266    STX_VE_266    Syntax      ../../../build/package/top/aixsilicon_ip_apb_secure_demux_1.0.0/ut_top-vcs/src/aixsilicon_ip_apb_secure_demux_1.0.0/rtl/instance/apb_secure_demux_register_bridge.sv    459     1000    Cannot resolve hierarchical reference hwif_out.port_1.PERM_SHADOW_14.rd_req
[148]    STX_VE_266    STX_VE_266    Syntax      ../../../build/package/top/aixsilicon_ip_apb_secure_demux_1.0.0/ut_top-vcs/src/aixsilicon_ip_apb_secure_demux_1.0.0/rtl/instance/apb_secure_demux_register_bridge.sv    461     1000    Cannot resolve hierarchical reference hwif_out.port_1.PERM_SHADOW_14.rd_req
[149]    STX_VE_266    STX_VE_266    Syntax      ../../../build/package/top/aixsilicon_ip_apb_secure_demux_1.0.0/ut_top-vcs/src/aixsilicon_ip_apb_secure_demux_1.0.0/rtl/instance/apb_secure_demux_register_bridge.sv    462     1000    Cannot resolve hierarchical reference hwif_out.port_1.PERM_SHADOW_14.wr_req
[14A]    STX_VE_266    STX_VE_266    Syntax      ../../../build/package/top/aixsilicon_ip_apb_secure_demux_1.0.0/ut_top-vcs/src/aixsilicon_ip_apb_secure_demux_1.0.0/rtl/instance/apb_secure_demux_register_bridge.sv    463     1000    Cannot resolve hierarchical reference hwif_out.port_1.PERM_SHADOW_14.wr_req
[14B]    STX_VE_266    STX_VE_266    Syntax      ../../../build/package/top/aixsilicon_ip_apb_secure_demux_1.0.0/ut_top-vcs/src/aixsilicon_ip_apb_secure_demux_1.0.0/rtl/instance/apb_secure_demux_register_bridge.sv    464     1000    Cannot resolve hierarchical reference hwif_out.port_1.PERM_SHADOW_15.rd_req
[14C]    STX_VE_266    STX_VE_266    Syntax      ../../../build/package/top/aixsilicon_ip_apb_secure_demux_1.0.0/ut_top-vcs/src/aixsilicon_ip_apb_secure_demux_1.0.0/rtl/instance/apb_secure_demux_register_bridge.sv    466     1000    Cannot resolve hierarchical reference hwif_out.port_1.PERM_SHADOW_15.rd_req
[14D]    STX_VE_266    STX_VE_266    Syntax      ../../../build/package/top/aixsilicon_ip_apb_secure_demux_1.0.0/ut_top-vcs/src/aixsilicon_ip_apb_secure_demux_1.0.0/rtl/instance/apb_secure_demux_register_bridge.sv    467     1000    Cannot resolve hierarchical reference hwif_out.port_1.PERM_SHADOW_15.wr_req
[14E]    STX_VE_266    STX_VE_266    Syntax      ../../../build/package/top/aixsilicon_ip_apb_secure_demux_1.0.0/ut_top-vcs/src/aixsilicon_ip_apb_secure_demux_1.0.0/rtl/instance/apb_secure_demux_register_bridge.sv    468     1000    Cannot resolve hierarchical reference hwif_out.port_1.PERM_SHADOW_15.wr_req
[14F]    STX_VE_266    STX_VE_266    Syntax      ../../../build/package/top/aixsilicon_ip_apb_secure_demux_1.0.0/ut_top-vcs/src/aixsilicon_ip_apb_secure_demux_1.0.0/rtl/instance/apb_secure_demux_register_bridge.sv    469     1000    Cannot resolve hierarchical reference hwif_out.port_1.PERM_ACTIVE_0.rd_req
[150]    STX_VE_266    STX_VE_266    Syntax      ../../../build/package/top/aixsilicon_ip_apb_secure_demux_1.0.0/ut_top-vcs/src/aixsilicon_ip_apb_secure_demux_1.0.0/rtl/instance/apb_secure_demux_register_bridge.sv    471     1000    Cannot resolve hierarchical reference hwif_out.port_1.PERM_ACTIVE_0.rd_req
[151]    STX_VE_266    STX_VE_266    Syntax      ../../../build/package/top/aixsilicon_ip_apb_secure_demux_1.0.0/ut_top-vcs/src/aixsilicon_ip_apb_secure_demux_1.0.0/rtl/instance/apb_secure_demux_register_bridge.sv    472     1000    Cannot resolve hierarchical reference hwif_out.port_1.PERM_ACTIVE_1.rd_req
[152]    STX_VE_266    STX_VE_266    Syntax      ../../../build/package/top/aixsilicon_ip_apb_secure_demux_1.0.0/ut_top-vcs/src/aixsilicon_ip_apb_secure_demux_1.0.0/rtl/instance/apb_secure_demux_register_bridge.sv    474     1000    Cannot resolve hierarchical reference hwif_out.port_1.PERM_ACTIVE_1.rd_req
[153]    STX_VE_266    STX_VE_266    Syntax      ../../../build/package/top/aixsilicon_ip_apb_secure_demux_1.0.0/ut_top-vcs/src/aixsilicon_ip_apb_secure_demux_1.0.0/rtl/instance/apb_secure_demux_register_bridge.sv    475     1000    Cannot resolve hierarchical reference hwif_out.port_1.PERM_ACTIVE_2.rd_req
[154]    STX_VE_266    STX_VE_266    Syntax      ../../../build/package/top/aixsilicon_ip_apb_secure_demux_1.0.0/ut_top-vcs/src/aixsilicon_ip_apb_secure_demux_1.0.0/rtl/instance/apb_secure_demux_register_bridge.sv    477     1000    Cannot resolve hierarchical reference hwif_out.port_1.PERM_ACTIVE_2.rd_req
[155]    STX_VE_266    STX_VE_266    Syntax      ../../../build/package/top/aixsilicon_ip_apb_secure_demux_1.0.0/ut_top-vcs/src/aixsilicon_ip_apb_secure_demux_1.0.0/rtl/instance/apb_secure_demux_register_bridge.sv    478     1000    Cannot resolve hierarchical reference hwif_out.port_1.PERM_ACTIVE_3.rd_req
[156]    STX_VE_266    STX_VE_266    Syntax      ../../../build/package/top/aixsilicon_ip_apb_secure_demux_1.0.0/ut_top-vcs/src/aixsilicon_ip_apb_secure_demux_1.0.0/rtl/instance/apb_secure_demux_register_bridge.sv    480     1000    Cannot resolve hierarchical reference hwif_out.port_1.PERM_ACTIVE_3.rd_req
[157]    STX_VE_266    STX_VE_266    Syntax      ../../../build/package/top/aixsilicon_ip_apb_secure_demux_1.0.0/ut_top-vcs/src/aixsilicon_ip_apb_secure_demux_1.0.0/rtl/instance/apb_secure_demux_register_bridge.sv    481     1000    Cannot resolve hierarchical reference hwif_out.port_1.PERM_ACTIVE_4.rd_req
[158]    STX_VE_266    STX_VE_266    Syntax      ../../../build/package/top/aixsilicon_ip_apb_secure_demux_1.0.0/ut_top-vcs/src/aixsilicon_ip_apb_secure_demux_1.0.0/rtl/instance/apb_secure_demux_register_bridge.sv    483     1000    Cannot resolve hierarchical reference hwif_out.port_1.PERM_ACTIVE_4.rd_req
[159]    STX_VE_266    STX_VE_266    Syntax      ../../../build/package/top/aixsilicon_ip_apb_secure_demux_1.0.0/ut_top-vcs/src/aixsilicon_ip_apb_secure_demux_1.0.0/rtl/instance/apb_secure_demux_register_bridge.sv    484     1000    Cannot resolve hierarchical reference hwif_out.port_1.PERM_ACTIVE_5.rd_req
[15A]    STX_VE_266    STX_VE_266    Syntax      ../../../build/package/top/aixsilicon_ip_apb_secure_demux_1.0.0/ut_top-vcs/src/aixsilicon_ip_apb_secure_demux_1.0.0/rtl/instance/apb_secure_demux_register_bridge.sv    486     1000    Cannot resolve hierarchical reference hwif_out.port_1.PERM_ACTIVE_5.rd_req
[15B]    STX_VE_266    STX_VE_266    Syntax      ../../../build/package/top/aixsilicon_ip_apb_secure_demux_1.0.0/ut_top-vcs/src/aixsilicon_ip_apb_secure_demux_1.0.0/rtl/instance/apb_secure_demux_register_bridge.sv    487     1000    Cannot resolve hierarchical reference hwif_out.port_1.PERM_ACTIVE_6.rd_req
[15C]    STX_VE_266    STX_VE_266    Syntax      ../../../build/package/top/aixsilicon_ip_apb_secure_demux_1.0.0/ut_top-vcs/src/aixsilicon_ip_apb_secure_demux_1.0.0/rtl/instance/apb_secure_demux_register_bridge.sv    489     1000    Cannot resolve hierarchical reference hwif_out.port_1.PERM_ACTIVE_6.rd_req
[15D]    STX_VE_266    STX_VE_266    Syntax      ../../../build/package/top/aixsilicon_ip_apb_secure_demux_1.0.0/ut_top-vcs/src/aixsilicon_ip_apb_secure_demux_1.0.0/rtl/instance/apb_secure_demux_register_bridge.sv    490     1000    Cannot resolve hierarchical reference hwif_out.port_1.PERM_ACTIVE_7.rd_req
[15E]    STX_VE_266    STX_VE_266    Syntax      ../../../build/package/top/aixsilicon_ip_apb_secure_demux_1.0.0/ut_top-vcs/src/aixsilicon_ip_apb_secure_demux_1.0.0/rtl/instance/apb_secure_demux_register_bridge.sv    492     1000    Cannot resolve hierarchical reference hwif_out.port_1.PERM_ACTIVE_7.rd_req
[15F]    STX_VE_266    STX_VE_266    Syntax      ../../../build/package/top/aixsilicon_ip_apb_secure_demux_1.0.0/ut_top-vcs/src/aixsilicon_ip_apb_secure_demux_1.0.0/rtl/instance/apb_secure_demux_register_bridge.sv    493     1000    Cannot resolve hierarchical reference hwif_out.port_1.PERM_ACTIVE_8.rd_req
[160]    STX_VE_266    STX_VE_266    Syntax      ../../../build/package/top/aixsilicon_ip_apb_secure_demux_1.0.0/ut_top-vcs/src/aixsilicon_ip_apb_secure_demux_1.0.0/rtl/instance/apb_secure_demux_register_bridge.sv    495     1000    Cannot resolve hierarchical reference hwif_out.port_1.PERM_ACTIVE_8.rd_req
[161]    STX_VE_266    STX_VE_266    Syntax      ../../../build/package/top/aixsilicon_ip_apb_secure_demux_1.0.0/ut_top-vcs/src/aixsilicon_ip_apb_secure_demux_1.0.0/rtl/instance/apb_secure_demux_register_bridge.sv    496     1000    Cannot resolve hierarchical reference hwif_out.port_1.PERM_ACTIVE_9.rd_req
[162]    STX_VE_266    STX_VE_266    Syntax      ../../../build/package/top/aixsilicon_ip_apb_secure_demux_1.0.0/ut_top-vcs/src/aixsilicon_ip_apb_secure_demux_1.0.0/rtl/instance/apb_secure_demux_register_bridge.sv    498     1000    Cannot resolve hierarchical reference hwif_out.port_1.PERM_ACTIVE_9.rd_req
[163]    STX_VE_266    STX_VE_266    Syntax      ../../../build/package/top/aixsilicon_ip_apb_secure_demux_1.0.0/ut_top-vcs/src/aixsilicon_ip_apb_secure_demux_1.0.0/rtl/instance/apb_secure_demux_register_bridge.sv    499     1000    Cannot resolve hierarchical reference hwif_out.port_1.PERM_ACTIVE_10.rd_req
[164]    STX_VE_266    STX_VE_266    Syntax      ../../../build/package/top/aixsilicon_ip_apb_secure_demux_1.0.0/ut_top-vcs/src/aixsilicon_ip_apb_secure_demux_1.0.0/rtl/instance/apb_secure_demux_register_bridge.sv    501     1000    Cannot resolve hierarchical reference hwif_out.port_1.PERM_ACTIVE_10.rd_req
[165]    STX_VE_266    STX_VE_266    Syntax      ../../../build/package/top/aixsilicon_ip_apb_secure_demux_1.0.0/ut_top-vcs/src/aixsilicon_ip_apb_secure_demux_1.0.0/rtl/instance/apb_secure_demux_register_bridge.sv    502     1000    Cannot resolve hierarchical reference hwif_out.port_1.PERM_ACTIVE_11.rd_req
[166]    STX_VE_266    STX_VE_266    Syntax      ../../../build/package/top/aixsilicon_ip_apb_secure_demux_1.0.0/ut_top-vcs/src/aixsilicon_ip_apb_secure_demux_1.0.0/rtl/instance/apb_secure_demux_register_bridge.sv    504     1000    Cannot resolve hierarchical reference hwif_out.port_1.PERM_ACTIVE_11.rd_req
[167]    STX_VE_266    STX_VE_266    Syntax      ../../../build/package/top/aixsilicon_ip_apb_secure_demux_1.0.0/ut_top-vcs/src/aixsilicon_ip_apb_secure_demux_1.0.0/rtl/instance/apb_secure_demux_register_bridge.sv    505     1000    Cannot resolve hierarchical reference hwif_out.port_1.PERM_ACTIVE_12.rd_req
[168]    STX_VE_266    STX_VE_266    Syntax      ../../../build/package/top/aixsilicon_ip_apb_secure_demux_1.0.0/ut_top-vcs/src/aixsilicon_ip_apb_secure_demux_1.0.0/rtl/instance/apb_secure_demux_register_bridge.sv    507     1000    Cannot resolve hierarchical reference hwif_out.port_1.PERM_ACTIVE_12.rd_req
[169]    STX_VE_266    STX_VE_266    Syntax      ../../../build/package/top/aixsilicon_ip_apb_secure_demux_1.0.0/ut_top-vcs/src/aixsilicon_ip_apb_secure_demux_1.0.0/rtl/instance/apb_secure_demux_register_bridge.sv    508     1000    Cannot resolve hierarchical reference hwif_out.port_1.PERM_ACTIVE_13.rd_req
[16A]    STX_VE_266    STX_VE_266    Syntax      ../../../build/package/top/aixsilicon_ip_apb_secure_demux_1.0.0/ut_top-vcs/src/aixsilicon_ip_apb_secure_demux_1.0.0/rtl/instance/apb_secure_demux_register_bridge.sv    510     1000    Cannot resolve hierarchical reference hwif_out.port_1.PERM_ACTIVE_13.rd_req
[16B]    STX_VE_266    STX_VE_266    Syntax      ../../../build/package/top/aixsilicon_ip_apb_secure_demux_1.0.0/ut_top-vcs/src/aixsilicon_ip_apb_secure_demux_1.0.0/rtl/instance/apb_secure_demux_register_bridge.sv    511     1000    Cannot resolve hierarchical reference hwif_out.port_1.PERM_ACTIVE_14.rd_req
[16C]    STX_VE_266    STX_VE_266    Syntax      ../../../build/package/top/aixsilicon_ip_apb_secure_demux_1.0.0/ut_top-vcs/src/aixsilicon_ip_apb_secure_demux_1.0.0/rtl/instance/apb_secure_demux_register_bridge.sv    513     1000    Cannot resolve hierarchical reference hwif_out.port_1.PERM_ACTIVE_14.rd_req
[16D]    STX_VE_266    STX_VE_266    Syntax      ../../../build/package/top/aixsilicon_ip_apb_secure_demux_1.0.0/ut_top-vcs/src/aixsilicon_ip_apb_secure_demux_1.0.0/rtl/instance/apb_secure_demux_register_bridge.sv    514     1000    Cannot resolve hierarchical reference hwif_out.port_1.PERM_ACTIVE_15.rd_req
[16E]    STX_VE_266    STX_VE_266    Syntax      ../../../build/package/top/aixsilicon_ip_apb_secure_demux_1.0.0/ut_top-vcs/src/aixsilicon_ip_apb_secure_demux_1.0.0/rtl/instance/apb_secure_demux_register_bridge.sv    516     1000    Cannot resolve hierarchical reference hwif_out.port_1.PERM_ACTIVE_15.rd_req
[16F]    STX_VE_266    STX_VE_266    Syntax      ../../../build/package/top/aixsilicon_ip_apb_secure_demux_1.0.0/ut_top-vcs/src/aixsilicon_ip_apb_secure_demux_1.0.0/rtl/instance/apb_secure_demux_register_bridge.sv    517     1000    Cannot resolve hierarchical reference hwif_out.port_2.MAP_BASE.rd_req
[170]    STX_VE_266    STX_VE_266    Syntax      ../../../build/package/top/aixsilicon_ip_apb_secure_demux_1.0.0/ut_top-vcs/src/aixsilicon_ip_apb_secure_demux_1.0.0/rtl/instance/apb_secure_demux_register_bridge.sv    519     1000    Cannot resolve hierarchical reference hwif_out.port_2.MAP_BASE.rd_req
[171]    STX_VE_266    STX_VE_266    Syntax      ../../../build/package/top/aixsilicon_ip_apb_secure_demux_1.0.0/ut_top-vcs/src/aixsilicon_ip_apb_secure_demux_1.0.0/rtl/instance/apb_secure_demux_register_bridge.sv    520     1000    Cannot resolve hierarchical reference hwif_out.port_2.MAP_LIMIT.rd_req
[172]    STX_VE_266    STX_VE_266    Syntax      ../../../build/package/top/aixsilicon_ip_apb_secure_demux_1.0.0/ut_top-vcs/src/aixsilicon_ip_apb_secure_demux_1.0.0/rtl/instance/apb_secure_demux_register_bridge.sv    522     1000    Cannot resolve hierarchical reference hwif_out.port_2.MAP_LIMIT.rd_req
[173]    STX_VE_266    STX_VE_266    Syntax      ../../../build/package/top/aixsilicon_ip_apb_secure_demux_1.0.0/ut_top-vcs/src/aixsilicon_ip_apb_secure_demux_1.0.0/rtl/instance/apb_secure_demux_register_bridge.sv    523     1000    Cannot resolve hierarchical reference hwif_out.port_2.PORT_LOCK.rd_req
[174]    STX_VE_266    STX_VE_266    Syntax      ../../../build/package/top/aixsilicon_ip_apb_secure_demux_1.0.0/ut_top-vcs/src/aixsilicon_ip_apb_secure_demux_1.0.0/rtl/instance/apb_secure_demux_register_bridge.sv    525     1000    Cannot resolve hierarchical reference hwif_out.port_2.PORT_LOCK.rd_req
[175]    STX_VE_266    STX_VE_266    Syntax      ../../../build/package/top/aixsilicon_ip_apb_secure_demux_1.0.0/ut_top-vcs/src/aixsilicon_ip_apb_secure_demux_1.0.0/rtl/instance/apb_secure_demux_register_bridge.sv    526     1000    Cannot resolve hierarchical reference hwif_out.port_2.PORT_LOCK.wr_req
[176]    STX_VE_266    STX_VE_266    Syntax      ../../../build/package/top/aixsilicon_ip_apb_secure_demux_1.0.0/ut_top-vcs/src/aixsilicon_ip_apb_secure_demux_1.0.0/rtl/instance/apb_secure_demux_register_bridge.sv    527     1000    Cannot resolve hierarchical reference hwif_out.port_2.PORT_LOCK.wr_req
[177]    STX_VE_266    STX_VE_266    Syntax      ../../../build/package/top/aixsilicon_ip_apb_secure_demux_1.0.0/ut_top-vcs/src/aixsilicon_ip_apb_secure_demux_1.0.0/rtl/instance/apb_secure_demux_register_bridge.sv    528     1000    Cannot resolve hierarchical reference hwif_out.port_2.CFG_SHADOW.rd_req
[178]    STX_VE_266    STX_VE_266    Syntax      ../../../build/package/top/aixsilicon_ip_apb_secure_demux_1.0.0/ut_top-vcs/src/aixsilicon_ip_apb_secure_demux_1.0.0/rtl/instance/apb_secure_demux_register_bridge.sv    530     1000    Cannot resolve hierarchical reference hwif_out.port_2.CFG_SHADOW.rd_req
[179]    STX_VE_266    STX_VE_266    Syntax      ../../../build/package/top/aixsilicon_ip_apb_secure_demux_1.0.0/ut_top-vcs/src/aixsilicon_ip_apb_secure_demux_1.0.0/rtl/instance/apb_secure_demux_register_bridge.sv    531     1000    Cannot resolve hierarchical reference hwif_out.port_2.CFG_SHADOW.wr_req
[17A]    STX_VE_266    STX_VE_266    Syntax      ../../../build/package/top/aixsilicon_ip_apb_secure_demux_1.0.0/ut_top-vcs/src/aixsilicon_ip_apb_secure_demux_1.0.0/rtl/instance/apb_secure_demux_register_bridge.sv    532     1000    Cannot resolve hierarchical reference hwif_out.port_2.CFG_SHADOW.wr_req
[17B]    STX_VE_266    STX_VE_266    Syntax      ../../../build/package/top/aixsilicon_ip_apb_secure_demux_1.0.0/ut_top-vcs/src/aixsilicon_ip_apb_secure_demux_1.0.0/rtl/instance/apb_secure_demux_register_bridge.sv    533     1000    Cannot resolve hierarchical reference hwif_out.port_2.CFG_ACTIVE.rd_req
[17C]    STX_VE_266    STX_VE_266    Syntax      ../../../build/package/top/aixsilicon_ip_apb_secure_demux_1.0.0/ut_top-vcs/src/aixsilicon_ip_apb_secure_demux_1.0.0/rtl/instance/apb_secure_demux_register_bridge.sv    535     1000    Cannot resolve hierarchical reference hwif_out.port_2.CFG_ACTIVE.rd_req
[17D]    STX_VE_266    STX_VE_266    Syntax      ../../../build/package/top/aixsilicon_ip_apb_secure_demux_1.0.0/ut_top-vcs/src/aixsilicon_ip_apb_secure_demux_1.0.0/rtl/instance/apb_secure_demux_register_bridge.sv    536     1000    Cannot resolve hierarchical reference hwif_out.port_2.SUCCESS_COUNT.rd_req
[17E]    STX_VE_266    STX_VE_266    Syntax      ../../../build/package/top/aixsilicon_ip_apb_secure_demux_1.0.0/ut_top-vcs/src/aixsilicon_ip_apb_secure_demux_1.0.0/rtl/instance/apb_secure_demux_register_bridge.sv    538     1000    Cannot resolve hierarchical reference hwif_out.port_2.SUCCESS_COUNT.rd_req
[17F]    STX_VE_266    STX_VE_266    Syntax      ../../../build/package/top/aixsilicon_ip_apb_secure_demux_1.0.0/ut_top-vcs/src/aixsilicon_ip_apb_secure_demux_1.0.0/rtl/instance/apb_secure_demux_register_bridge.sv    539     1000    Cannot resolve hierarchical reference hwif_out.port_2.DENY_COUNT.rd_req
[180]    STX_VE_266    STX_VE_266    Syntax      ../../../build/package/top/aixsilicon_ip_apb_secure_demux_1.0.0/ut_top-vcs/src/aixsilicon_ip_apb_secure_demux_1.0.0/rtl/instance/apb_secure_demux_register_bridge.sv    541     1000    Cannot resolve hierarchical reference hwif_out.port_2.DENY_COUNT.rd_req
[181]    STX_VE_266    STX_VE_266    Syntax      ../../../build/package/top/aixsilicon_ip_apb_secure_demux_1.0.0/ut_top-vcs/src/aixsilicon_ip_apb_secure_demux_1.0.0/rtl/instance/apb_secure_demux_register_bridge.sv    542     1000    Cannot resolve hierarchical reference hwif_out.port_2.SLVERR_COUNT.rd_req
[182]    STX_VE_266    STX_VE_266    Syntax      ../../../build/package/top/aixsilicon_ip_apb_secure_demux_1.0.0/ut_top-vcs/src/aixsilicon_ip_apb_secure_demux_1.0.0/rtl/instance/apb_secure_demux_register_bridge.sv    544     1000    Cannot resolve hierarchical reference hwif_out.port_2.SLVERR_COUNT.rd_req
[183]    STX_VE_266    STX_VE_266    Syntax      ../../../build/package/top/aixsilicon_ip_apb_secure_demux_1.0.0/ut_top-vcs/src/aixsilicon_ip_apb_secure_demux_1.0.0/rtl/instance/apb_secure_demux_register_bridge.sv    545     1000    Cannot resolve hierarchical reference hwif_out.port_2.WAIT_TOTAL.rd_req
[184]    STX_VE_266    STX_VE_266    Syntax      ../../../build/package/top/aixsilicon_ip_apb_secure_demux_1.0.0/ut_top-vcs/src/aixsilicon_ip_apb_secure_demux_1.0.0/rtl/instance/apb_secure_demux_register_bridge.sv    547     1000    Cannot resolve hierarchical reference hwif_out.port_2.WAIT_TOTAL.rd_req
[185]    STX_VE_266    STX_VE_266    Syntax      ../../../build/package/top/aixsilicon_ip_apb_secure_demux_1.0.0/ut_top-vcs/src/aixsilicon_ip_apb_secure_demux_1.0.0/rtl/instance/apb_secure_demux_register_bridge.sv    548     1000    Cannot resolve hierarchical reference hwif_out.port_2.WAIT_MAX.rd_req
[186]    STX_VE_266    STX_VE_266    Syntax      ../../../build/package/top/aixsilicon_ip_apb_secure_demux_1.0.0/ut_top-vcs/src/aixsilicon_ip_apb_secure_demux_1.0.0/rtl/instance/apb_secure_demux_register_bridge.sv    550     1000    Cannot resolve hierarchical reference hwif_out.port_2.WAIT_MAX.rd_req
[187]    STX_VE_266    STX_VE_266    Syntax      ../../../build/package/top/aixsilicon_ip_apb_secure_demux_1.0.0/ut_top-vcs/src/aixsilicon_ip_apb_secure_demux_1.0.0/rtl/instance/apb_secure_demux_register_bridge.sv    551     1000    Cannot resolve hierarchical reference hwif_out.port_2.DFX_COUNTER_CLEAR.wr_req
[188]    STX_VE_266    STX_VE_266    Syntax      ../../../build/package/top/aixsilicon_ip_apb_secure_demux_1.0.0/ut_top-vcs/src/aixsilicon_ip_apb_secure_demux_1.0.0/rtl/instance/apb_secure_demux_register_bridge.sv    552     1000    Cannot resolve hierarchical reference hwif_out.port_2.DFX_COUNTER_CLEAR.wr_req
[189]    STX_VE_266    STX_VE_266    Syntax      ../../../build/package/top/aixsilicon_ip_apb_secure_demux_1.0.0/ut_top-vcs/src/aixsilicon_ip_apb_secure_demux_1.0.0/rtl/instance/apb_secure_demux_register_bridge.sv    553     1000    Cannot resolve hierarchical reference hwif_out.port_2.PERM_SHADOW_0.rd_req
[18A]    STX_VE_266    STX_VE_266    Syntax      ../../../build/package/top/aixsilicon_ip_apb_secure_demux_1.0.0/ut_top-vcs/src/aixsilicon_ip_apb_secure_demux_1.0.0/rtl/instance/apb_secure_demux_register_bridge.sv    555     1000    Cannot resolve hierarchical reference hwif_out.port_2.PERM_SHADOW_0.rd_req
[18B]    STX_VE_266    STX_VE_266    Syntax      ../../../build/package/top/aixsilicon_ip_apb_secure_demux_1.0.0/ut_top-vcs/src/aixsilicon_ip_apb_secure_demux_1.0.0/rtl/instance/apb_secure_demux_register_bridge.sv    556     1000    Cannot resolve hierarchical reference hwif_out.port_2.PERM_SHADOW_0.wr_req
[18C]    STX_VE_266    STX_VE_266    Syntax      ../../../build/package/top/aixsilicon_ip_apb_secure_demux_1.0.0/ut_top-vcs/src/aixsilicon_ip_apb_secure_demux_1.0.0/rtl/instance/apb_secure_demux_register_bridge.sv    557     1000    Cannot resolve hierarchical reference hwif_out.port_2.PERM_SHADOW_0.wr_req
[18D]    STX_VE_266    STX_VE_266    Syntax      ../../../build/package/top/aixsilicon_ip_apb_secure_demux_1.0.0/ut_top-vcs/src/aixsilicon_ip_apb_secure_demux_1.0.0/rtl/instance/apb_secure_demux_register_bridge.sv    558     1000    Cannot resolve hierarchical reference hwif_out.port_2.PERM_SHADOW_1.rd_req
[18E]    STX_VE_266    STX_VE_266    Syntax      ../../../build/package/top/aixsilicon_ip_apb_secure_demux_1.0.0/ut_top-vcs/src/aixsilicon_ip_apb_secure_demux_1.0.0/rtl/instance/apb_secure_demux_register_bridge.sv    560     1000    Cannot resolve hierarchical reference hwif_out.port_2.PERM_SHADOW_1.rd_req
[18F]    STX_VE_266    STX_VE_266    Syntax      ../../../build/package/top/aixsilicon_ip_apb_secure_demux_1.0.0/ut_top-vcs/src/aixsilicon_ip_apb_secure_demux_1.0.0/rtl/instance/apb_secure_demux_register_bridge.sv    561     1000    Cannot resolve hierarchical reference hwif_out.port_2.PERM_SHADOW_1.wr_req
[190]    STX_VE_266    STX_VE_266    Syntax      ../../../build/package/top/aixsilicon_ip_apb_secure_demux_1.0.0/ut_top-vcs/src/aixsilicon_ip_apb_secure_demux_1.0.0/rtl/instance/apb_secure_demux_register_bridge.sv    562     1000    Cannot resolve hierarchical reference hwif_out.port_2.PERM_SHADOW_1.wr_req
[191]    STX_VE_266    STX_VE_266    Syntax      ../../../build/package/top/aixsilicon_ip_apb_secure_demux_1.0.0/ut_top-vcs/src/aixsilicon_ip_apb_secure_demux_1.0.0/rtl/instance/apb_secure_demux_register_bridge.sv    563     1000    Cannot resolve hierarchical reference hwif_out.port_2.PERM_SHADOW_2.rd_req
[192]    STX_VE_266    STX_VE_266    Syntax      ../../../build/package/top/aixsilicon_ip_apb_secure_demux_1.0.0/ut_top-vcs/src/aixsilicon_ip_apb_secure_demux_1.0.0/rtl/instance/apb_secure_demux_register_bridge.sv    565     1000    Cannot resolve hierarchical reference hwif_out.port_2.PERM_SHADOW_2.rd_req
[193]    STX_VE_266    STX_VE_266    Syntax      ../../../build/package/top/aixsilicon_ip_apb_secure_demux_1.0.0/ut_top-vcs/src/aixsilicon_ip_apb_secure_demux_1.0.0/rtl/instance/apb_secure_demux_register_bridge.sv    566     1000    Cannot resolve hierarchical reference hwif_out.port_2.PERM_SHADOW_2.wr_req
[194]    STX_VE_266    STX_VE_266    Syntax      ../../../build/package/top/aixsilicon_ip_apb_secure_demux_1.0.0/ut_top-vcs/src/aixsilicon_ip_apb_secure_demux_1.0.0/rtl/instance/apb_secure_demux_register_bridge.sv    567     1000    Cannot resolve hierarchical reference hwif_out.port_2.PERM_SHADOW_2.wr_req
[195]    STX_VE_266    STX_VE_266    Syntax      ../../../build/package/top/aixsilicon_ip_apb_secure_demux_1.0.0/ut_top-vcs/src/aixsilicon_ip_apb_secure_demux_1.0.0/rtl/instance/apb_secure_demux_register_bridge.sv    568     1000    Cannot resolve hierarchical reference hwif_out.port_2.PERM_SHADOW_3.rd_req
[196]    STX_VE_266    STX_VE_266    Syntax      ../../../build/package/top/aixsilicon_ip_apb_secure_demux_1.0.0/ut_top-vcs/src/aixsilicon_ip_apb_secure_demux_1.0.0/rtl/instance/apb_secure_demux_register_bridge.sv    570     1000    Cannot resolve hierarchical reference hwif_out.port_2.PERM_SHADOW_3.rd_req
[197]    STX_VE_266    STX_VE_266    Syntax      ../../../build/package/top/aixsilicon_ip_apb_secure_demux_1.0.0/ut_top-vcs/src/aixsilicon_ip_apb_secure_demux_1.0.0/rtl/instance/apb_secure_demux_register_bridge.sv    571     1000    Cannot resolve hierarchical reference hwif_out.port_2.PERM_SHADOW_3.wr_req
[198]    STX_VE_266    STX_VE_266    Syntax      ../../../build/package/top/aixsilicon_ip_apb_secure_demux_1.0.0/ut_top-vcs/src/aixsilicon_ip_apb_secure_demux_1.0.0/rtl/instance/apb_secure_demux_register_bridge.sv    572     1000    Cannot resolve hierarchical reference hwif_out.port_2.PERM_SHADOW_3.wr_req
[199]    STX_VE_266    STX_VE_266    Syntax      ../../../build/package/top/aixsilicon_ip_apb_secure_demux_1.0.0/ut_top-vcs/src/aixsilicon_ip_apb_secure_demux_1.0.0/rtl/instance/apb_secure_demux_register_bridge.sv    573     1000    Cannot resolve hierarchical reference hwif_out.port_2.PERM_SHADOW_4.rd_req
[19A]    STX_VE_266    STX_VE_266    Syntax      ../../../build/package/top/aixsilicon_ip_apb_secure_demux_1.0.0/ut_top-vcs/src/aixsilicon_ip_apb_secure_demux_1.0.0/rtl/instance/apb_secure_demux_register_bridge.sv    575     1000    Cannot resolve hierarchical reference hwif_out.port_2.PERM_SHADOW_4.rd_req
[19B]    STX_VE_266    STX_VE_266    Syntax      ../../../build/package/top/aixsilicon_ip_apb_secure_demux_1.0.0/ut_top-vcs/src/aixsilicon_ip_apb_secure_demux_1.0.0/rtl/instance/apb_secure_demux_register_bridge.sv    576     1000    Cannot resolve hierarchical reference hwif_out.port_2.PERM_SHADOW_4.wr_req
[19C]    STX_VE_266    STX_VE_266    Syntax      ../../../build/package/top/aixsilicon_ip_apb_secure_demux_1.0.0/ut_top-vcs/src/aixsilicon_ip_apb_secure_demux_1.0.0/rtl/instance/apb_secure_demux_register_bridge.sv    577     1000    Cannot resolve hierarchical reference hwif_out.port_2.PERM_SHADOW_4.wr_req
[19D]    STX_VE_266    STX_VE_266    Syntax      ../../../build/package/top/aixsilicon_ip_apb_secure_demux_1.0.0/ut_top-vcs/src/aixsilicon_ip_apb_secure_demux_1.0.0/rtl/instance/apb_secure_demux_register_bridge.sv    578     1000    Cannot resolve hierarchical reference hwif_out.port_2.PERM_SHADOW_5.rd_req
[19E]    STX_VE_266    STX_VE_266    Syntax      ../../../build/package/top/aixsilicon_ip_apb_secure_demux_1.0.0/ut_top-vcs/src/aixsilicon_ip_apb_secure_demux_1.0.0/rtl/instance/apb_secure_demux_register_bridge.sv    580     1000    Cannot resolve hierarchical reference hwif_out.port_2.PERM_SHADOW_5.rd_req
[19F]    STX_VE_266    STX_VE_266    Syntax      ../../../build/package/top/aixsilicon_ip_apb_secure_demux_1.0.0/ut_top-vcs/src/aixsilicon_ip_apb_secure_demux_1.0.0/rtl/instance/apb_secure_demux_register_bridge.sv    581     1000    Cannot resolve hierarchical reference hwif_out.port_2.PERM_SHADOW_5.wr_req
[1A0]    STX_VE_266    STX_VE_266    Syntax      ../../../build/package/top/aixsilicon_ip_apb_secure_demux_1.0.0/ut_top-vcs/src/aixsilicon_ip_apb_secure_demux_1.0.0/rtl/instance/apb_secure_demux_register_bridge.sv    582     1000    Cannot resolve hierarchical reference hwif_out.port_2.PERM_SHADOW_5.wr_req
[1A1]    STX_VE_266    STX_VE_266    Syntax      ../../../build/package/top/aixsilicon_ip_apb_secure_demux_1.0.0/ut_top-vcs/src/aixsilicon_ip_apb_secure_demux_1.0.0/rtl/instance/apb_secure_demux_register_bridge.sv    583     1000    Cannot resolve hierarchical reference hwif_out.port_2.PERM_SHADOW_6.rd_req
[1A2]    STX_VE_266    STX_VE_266    Syntax      ../../../build/package/top/aixsilicon_ip_apb_secure_demux_1.0.0/ut_top-vcs/src/aixsilicon_ip_apb_secure_demux_1.0.0/rtl/instance/apb_secure_demux_register_bridge.sv    585     1000    Cannot resolve hierarchical reference hwif_out.port_2.PERM_SHADOW_6.rd_req
[1A3]    STX_VE_266    STX_VE_266    Syntax      ../../../build/package/top/aixsilicon_ip_apb_secure_demux_1.0.0/ut_top-vcs/src/aixsilicon_ip_apb_secure_demux_1.0.0/rtl/instance/apb_secure_demux_register_bridge.sv    586     1000    Cannot resolve hierarchical reference hwif_out.port_2.PERM_SHADOW_6.wr_req
[1A4]    STX_VE_266    STX_VE_266    Syntax      ../../../build/package/top/aixsilicon_ip_apb_secure_demux_1.0.0/ut_top-vcs/src/aixsilicon_ip_apb_secure_demux_1.0.0/rtl/instance/apb_secure_demux_register_bridge.sv    587     1000    Cannot resolve hierarchical reference hwif_out.port_2.PERM_SHADOW_6.wr_req
[1A5]    STX_VE_266    STX_VE_266    Syntax      ../../../build/package/top/aixsilicon_ip_apb_secure_demux_1.0.0/ut_top-vcs/src/aixsilicon_ip_apb_secure_demux_1.0.0/rtl/instance/apb_secure_demux_register_bridge.sv    588     1000    Cannot resolve hierarchical reference hwif_out.port_2.PERM_SHADOW_7.rd_req
[1A6]    STX_VE_266    STX_VE_266    Syntax      ../../../build/package/top/aixsilicon_ip_apb_secure_demux_1.0.0/ut_top-vcs/src/aixsilicon_ip_apb_secure_demux_1.0.0/rtl/instance/apb_secure_demux_register_bridge.sv    590     1000    Cannot resolve hierarchical reference hwif_out.port_2.PERM_SHADOW_7.rd_req
[1A7]    STX_VE_266    STX_VE_266    Syntax      ../../../build/package/top/aixsilicon_ip_apb_secure_demux_1.0.0/ut_top-vcs/src/aixsilicon_ip_apb_secure_demux_1.0.0/rtl/instance/apb_secure_demux_register_bridge.sv    591     1000    Cannot resolve hierarchical reference hwif_out.port_2.PERM_SHADOW_7.wr_req
[1A8]    STX_VE_266    STX_VE_266    Syntax      ../../../build/package/top/aixsilicon_ip_apb_secure_demux_1.0.0/ut_top-vcs/src/aixsilicon_ip_apb_secure_demux_1.0.0/rtl/instance/apb_secure_demux_register_bridge.sv    592     1000    Cannot resolve hierarchical reference hwif_out.port_2.PERM_SHADOW_7.wr_req
[1A9]    STX_VE_266    STX_VE_266    Syntax      ../../../build/package/top/aixsilicon_ip_apb_secure_demux_1.0.0/ut_top-vcs/src/aixsilicon_ip_apb_secure_demux_1.0.0/rtl/instance/apb_secure_demux_register_bridge.sv    593     1000    Cannot resolve hierarchical reference hwif_out.port_2.PERM_SHADOW_8.rd_req
[1AA]    STX_VE_266    STX_VE_266    Syntax      ../../../build/package/top/aixsilicon_ip_apb_secure_demux_1.0.0/ut_top-vcs/src/aixsilicon_ip_apb_secure_demux_1.0.0/rtl/instance/apb_secure_demux_register_bridge.sv    595     1000    Cannot resolve hierarchical reference hwif_out.port_2.PERM_SHADOW_8.rd_req
[1AB]    STX_VE_266    STX_VE_266    Syntax      ../../../build/package/top/aixsilicon_ip_apb_secure_demux_1.0.0/ut_top-vcs/src/aixsilicon_ip_apb_secure_demux_1.0.0/rtl/instance/apb_secure_demux_register_bridge.sv    596     1000    Cannot resolve hierarchical reference hwif_out.port_2.PERM_SHADOW_8.wr_req
[1AC]    STX_VE_266    STX_VE_266    Syntax      ../../../build/package/top/aixsilicon_ip_apb_secure_demux_1.0.0/ut_top-vcs/src/aixsilicon_ip_apb_secure_demux_1.0.0/rtl/instance/apb_secure_demux_register_bridge.sv    597     1000    Cannot resolve hierarchical reference hwif_out.port_2.PERM_SHADOW_8.wr_req
[1AD]    STX_VE_266    STX_VE_266    Syntax      ../../../build/package/top/aixsilicon_ip_apb_secure_demux_1.0.0/ut_top-vcs/src/aixsilicon_ip_apb_secure_demux_1.0.0/rtl/instance/apb_secure_demux_register_bridge.sv    598     1000    Cannot resolve hierarchical reference hwif_out.port_2.PERM_SHADOW_9.rd_req
[1AE]    STX_VE_266    STX_VE_266    Syntax      ../../../build/package/top/aixsilicon_ip_apb_secure_demux_1.0.0/ut_top-vcs/src/aixsilicon_ip_apb_secure_demux_1.0.0/rtl/instance/apb_secure_demux_register_bridge.sv    600     1000    Cannot resolve hierarchical reference hwif_out.port_2.PERM_SHADOW_9.rd_req
[1AF]    STX_VE_266    STX_VE_266    Syntax      ../../../build/package/top/aixsilicon_ip_apb_secure_demux_1.0.0/ut_top-vcs/src/aixsilicon_ip_apb_secure_demux_1.0.0/rtl/instance/apb_secure_demux_register_bridge.sv    601     1000    Cannot resolve hierarchical reference hwif_out.port_2.PERM_SHADOW_9.wr_req
[1B0]    STX_VE_266    STX_VE_266    Syntax      ../../../build/package/top/aixsilicon_ip_apb_secure_demux_1.0.0/ut_top-vcs/src/aixsilicon_ip_apb_secure_demux_1.0.0/rtl/instance/apb_secure_demux_register_bridge.sv    602     1000    Cannot resolve hierarchical reference hwif_out.port_2.PERM_SHADOW_9.wr_req
[1B1]    STX_VE_266    STX_VE_266    Syntax      ../../../build/package/top/aixsilicon_ip_apb_secure_demux_1.0.0/ut_top-vcs/src/aixsilicon_ip_apb_secure_demux_1.0.0/rtl/instance/apb_secure_demux_register_bridge.sv    603     1000    Cannot resolve hierarchical reference hwif_out.port_2.PERM_SHADOW_10.rd_req
[1B2]    STX_VE_266    STX_VE_266    Syntax      ../../../build/package/top/aixsilicon_ip_apb_secure_demux_1.0.0/ut_top-vcs/src/aixsilicon_ip_apb_secure_demux_1.0.0/rtl/instance/apb_secure_demux_register_bridge.sv    605     1000    Cannot resolve hierarchical reference hwif_out.port_2.PERM_SHADOW_10.rd_req
[1B3]    STX_VE_266    STX_VE_266    Syntax      ../../../build/package/top/aixsilicon_ip_apb_secure_demux_1.0.0/ut_top-vcs/src/aixsilicon_ip_apb_secure_demux_1.0.0/rtl/instance/apb_secure_demux_register_bridge.sv    606     1000    Cannot resolve hierarchical reference hwif_out.port_2.PERM_SHADOW_10.wr_req
[1B4]    STX_VE_266    STX_VE_266    Syntax      ../../../build/package/top/aixsilicon_ip_apb_secure_demux_1.0.0/ut_top-vcs/src/aixsilicon_ip_apb_secure_demux_1.0.0/rtl/instance/apb_secure_demux_register_bridge.sv    607     1000    Cannot resolve hierarchical reference hwif_out.port_2.PERM_SHADOW_10.wr_req
[1B5]    STX_VE_266    STX_VE_266    Syntax      ../../../build/package/top/aixsilicon_ip_apb_secure_demux_1.0.0/ut_top-vcs/src/aixsilicon_ip_apb_secure_demux_1.0.0/rtl/instance/apb_secure_demux_register_bridge.sv    608     1000    Cannot resolve hierarchical reference hwif_out.port_2.PERM_SHADOW_11.rd_req
[1B6]    STX_VE_266    STX_VE_266    Syntax      ../../../build/package/top/aixsilicon_ip_apb_secure_demux_1.0.0/ut_top-vcs/src/aixsilicon_ip_apb_secure_demux_1.0.0/rtl/instance/apb_secure_demux_register_bridge.sv    610     1000    Cannot resolve hierarchical reference hwif_out.port_2.PERM_SHADOW_11.rd_req
[1B7]    STX_VE_266    STX_VE_266    Syntax      ../../../build/package/top/aixsilicon_ip_apb_secure_demux_1.0.0/ut_top-vcs/src/aixsilicon_ip_apb_secure_demux_1.0.0/rtl/instance/apb_secure_demux_register_bridge.sv    611     1000    Cannot resolve hierarchical reference hwif_out.port_2.PERM_SHADOW_11.wr_req
[1B8]    STX_VE_266    STX_VE_266    Syntax      ../../../build/package/top/aixsilicon_ip_apb_secure_demux_1.0.0/ut_top-vcs/src/aixsilicon_ip_apb_secure_demux_1.0.0/rtl/instance/apb_secure_demux_register_bridge.sv    612     1000    Cannot resolve hierarchical reference hwif_out.port_2.PERM_SHADOW_11.wr_req
[1B9]    STX_VE_266    STX_VE_266    Syntax      ../../../build/package/top/aixsilicon_ip_apb_secure_demux_1.0.0/ut_top-vcs/src/aixsilicon_ip_apb_secure_demux_1.0.0/rtl/instance/apb_secure_demux_register_bridge.sv    613     1000    Cannot resolve hierarchical reference hwif_out.port_2.PERM_SHADOW_12.rd_req
[1BA]    STX_VE_266    STX_VE_266    Syntax      ../../../build/package/top/aixsilicon_ip_apb_secure_demux_1.0.0/ut_top-vcs/src/aixsilicon_ip_apb_secure_demux_1.0.0/rtl/instance/apb_secure_demux_register_bridge.sv    615     1000    Cannot resolve hierarchical reference hwif_out.port_2.PERM_SHADOW_12.rd_req
[1BB]    STX_VE_266    STX_VE_266    Syntax      ../../../build/package/top/aixsilicon_ip_apb_secure_demux_1.0.0/ut_top-vcs/src/aixsilicon_ip_apb_secure_demux_1.0.0/rtl/instance/apb_secure_demux_register_bridge.sv    616     1000    Cannot resolve hierarchical reference hwif_out.port_2.PERM_SHADOW_12.wr_req
[1BC]    STX_VE_266    STX_VE_266    Syntax      ../../../build/package/top/aixsilicon_ip_apb_secure_demux_1.0.0/ut_top-vcs/src/aixsilicon_ip_apb_secure_demux_1.0.0/rtl/instance/apb_secure_demux_register_bridge.sv    617     1000    Cannot resolve hierarchical reference hwif_out.port_2.PERM_SHADOW_12.wr_req
[1BD]    STX_VE_266    STX_VE_266    Syntax      ../../../build/package/top/aixsilicon_ip_apb_secure_demux_1.0.0/ut_top-vcs/src/aixsilicon_ip_apb_secure_demux_1.0.0/rtl/instance/apb_secure_demux_register_bridge.sv    618     1000    Cannot resolve hierarchical reference hwif_out.port_2.PERM_SHADOW_13.rd_req
[1BE]    STX_VE_266    STX_VE_266    Syntax      ../../../build/package/top/aixsilicon_ip_apb_secure_demux_1.0.0/ut_top-vcs/src/aixsilicon_ip_apb_secure_demux_1.0.0/rtl/instance/apb_secure_demux_register_bridge.sv    620     1000    Cannot resolve hierarchical reference hwif_out.port_2.PERM_SHADOW_13.rd_req
[1BF]    STX_VE_266    STX_VE_266    Syntax      ../../../build/package/top/aixsilicon_ip_apb_secure_demux_1.0.0/ut_top-vcs/src/aixsilicon_ip_apb_secure_demux_1.0.0/rtl/instance/apb_secure_demux_register_bridge.sv    621     1000    Cannot resolve hierarchical reference hwif_out.port_2.PERM_SHADOW_13.wr_req
[1C0]    STX_VE_266    STX_VE_266    Syntax      ../../../build/package/top/aixsilicon_ip_apb_secure_demux_1.0.0/ut_top-vcs/src/aixsilicon_ip_apb_secure_demux_1.0.0/rtl/instance/apb_secure_demux_register_bridge.sv    622     1000    Cannot resolve hierarchical reference hwif_out.port_2.PERM_SHADOW_13.wr_req
[1C1]    STX_VE_266    STX_VE_266    Syntax      ../../../build/package/top/aixsilicon_ip_apb_secure_demux_1.0.0/ut_top-vcs/src/aixsilicon_ip_apb_secure_demux_1.0.0/rtl/instance/apb_secure_demux_register_bridge.sv    623     1000    Cannot resolve hierarchical reference hwif_out.port_2.PERM_SHADOW_14.rd_req
[1C2]    STX_VE_266    STX_VE_266    Syntax      ../../../build/package/top/aixsilicon_ip_apb_secure_demux_1.0.0/ut_top-vcs/src/aixsilicon_ip_apb_secure_demux_1.0.0/rtl/instance/apb_secure_demux_register_bridge.sv    625     1000    Cannot resolve hierarchical reference hwif_out.port_2.PERM_SHADOW_14.rd_req
[1C3]    STX_VE_266    STX_VE_266    Syntax      ../../../build/package/top/aixsilicon_ip_apb_secure_demux_1.0.0/ut_top-vcs/src/aixsilicon_ip_apb_secure_demux_1.0.0/rtl/instance/apb_secure_demux_register_bridge.sv    626     1000    Cannot resolve hierarchical reference hwif_out.port_2.PERM_SHADOW_14.wr_req
[1C4]    STX_VE_266    STX_VE_266    Syntax      ../../../build/package/top/aixsilicon_ip_apb_secure_demux_1.0.0/ut_top-vcs/src/aixsilicon_ip_apb_secure_demux_1.0.0/rtl/instance/apb_secure_demux_register_bridge.sv    627     1000    Cannot resolve hierarchical reference hwif_out.port_2.PERM_SHADOW_14.wr_req
[1C5]    STX_VE_266    STX_VE_266    Syntax      ../../../build/package/top/aixsilicon_ip_apb_secure_demux_1.0.0/ut_top-vcs/src/aixsilicon_ip_apb_secure_demux_1.0.0/rtl/instance/apb_secure_demux_register_bridge.sv    628     1000    Cannot resolve hierarchical reference hwif_out.port_2.PERM_SHADOW_15.rd_req
[1C6]    STX_VE_266    STX_VE_266    Syntax      ../../../build/package/top/aixsilicon_ip_apb_secure_demux_1.0.0/ut_top-vcs/src/aixsilicon_ip_apb_secure_demux_1.0.0/rtl/instance/apb_secure_demux_register_bridge.sv    630     1000    Cannot resolve hierarchical reference hwif_out.port_2.PERM_SHADOW_15.rd_req
[1C7]    STX_VE_266    STX_VE_266    Syntax      ../../../build/package/top/aixsilicon_ip_apb_secure_demux_1.0.0/ut_top-vcs/src/aixsilicon_ip_apb_secure_demux_1.0.0/rtl/instance/apb_secure_demux_register_bridge.sv    631     1000    Cannot resolve hierarchical reference hwif_out.port_2.PERM_SHADOW_15.wr_req
[1C8]    STX_VE_266    STX_VE_266    Syntax      ../../../build/package/top/aixsilicon_ip_apb_secure_demux_1.0.0/ut_top-vcs/src/aixsilicon_ip_apb_secure_demux_1.0.0/rtl/instance/apb_secure_demux_register_bridge.sv    632     1000    Cannot resolve hierarchical reference hwif_out.port_2.PERM_SHADOW_15.wr_req
[1C9]    STX_VE_266    STX_VE_266    Syntax      ../../../build/package/top/aixsilicon_ip_apb_secure_demux_1.0.0/ut_top-vcs/src/aixsilicon_ip_apb_secure_demux_1.0.0/rtl/instance/apb_secure_demux_register_bridge.sv    633     1000    Cannot resolve hierarchical reference hwif_out.port_2.PERM_ACTIVE_0.rd_req
[1CA]    STX_VE_266    STX_VE_266    Syntax      ../../../build/package/top/aixsilicon_ip_apb_secure_demux_1.0.0/ut_top-vcs/src/aixsilicon_ip_apb_secure_demux_1.0.0/rtl/instance/apb_secure_demux_register_bridge.sv    635     1000    Cannot resolve hierarchical reference hwif_out.port_2.PERM_ACTIVE_0.rd_req
[1CB]    STX_VE_266    STX_VE_266    Syntax      ../../../build/package/top/aixsilicon_ip_apb_secure_demux_1.0.0/ut_top-vcs/src/aixsilicon_ip_apb_secure_demux_1.0.0/rtl/instance/apb_secure_demux_register_bridge.sv    636     1000    Cannot resolve hierarchical reference hwif_out.port_2.PERM_ACTIVE_1.rd_req
[1CC]    STX_VE_266    STX_VE_266    Syntax      ../../../build/package/top/aixsilicon_ip_apb_secure_demux_1.0.0/ut_top-vcs/src/aixsilicon_ip_apb_secure_demux_1.0.0/rtl/instance/apb_secure_demux_register_bridge.sv    638     1000    Cannot resolve hierarchical reference hwif_out.port_2.PERM_ACTIVE_1.rd_req
[1CD]    STX_VE_266    STX_VE_266    Syntax      ../../../build/package/top/aixsilicon_ip_apb_secure_demux_1.0.0/ut_top-vcs/src/aixsilicon_ip_apb_secure_demux_1.0.0/rtl/instance/apb_secure_demux_register_bridge.sv    639     1000    Cannot resolve hierarchical reference hwif_out.port_2.PERM_ACTIVE_2.rd_req
[1CE]    STX_VE_266    STX_VE_266    Syntax      ../../../build/package/top/aixsilicon_ip_apb_secure_demux_1.0.0/ut_top-vcs/src/aixsilicon_ip_apb_secure_demux_1.0.0/rtl/instance/apb_secure_demux_register_bridge.sv    641     1000    Cannot resolve hierarchical reference hwif_out.port_2.PERM_ACTIVE_2.rd_req
[1CF]    STX_VE_266    STX_VE_266    Syntax      ../../../build/package/top/aixsilicon_ip_apb_secure_demux_1.0.0/ut_top-vcs/src/aixsilicon_ip_apb_secure_demux_1.0.0/rtl/instance/apb_secure_demux_register_bridge.sv    642     1000    Cannot resolve hierarchical reference hwif_out.port_2.PERM_ACTIVE_3.rd_req
[1D0]    STX_VE_266    STX_VE_266    Syntax      ../../../build/package/top/aixsilicon_ip_apb_secure_demux_1.0.0/ut_top-vcs/src/aixsilicon_ip_apb_secure_demux_1.0.0/rtl/instance/apb_secure_demux_register_bridge.sv    644     1000    Cannot resolve hierarchical reference hwif_out.port_2.PERM_ACTIVE_3.rd_req
[1D1]    STX_VE_266    STX_VE_266    Syntax      ../../../build/package/top/aixsilicon_ip_apb_secure_demux_1.0.0/ut_top-vcs/src/aixsilicon_ip_apb_secure_demux_1.0.0/rtl/instance/apb_secure_demux_register_bridge.sv    645     1000    Cannot resolve hierarchical reference hwif_out.port_2.PERM_ACTIVE_4.rd_req
[1D2]    STX_VE_266    STX_VE_266    Syntax      ../../../build/package/top/aixsilicon_ip_apb_secure_demux_1.0.0/ut_top-vcs/src/aixsilicon_ip_apb_secure_demux_1.0.0/rtl/instance/apb_secure_demux_register_bridge.sv    647     1000    Cannot resolve hierarchical reference hwif_out.port_2.PERM_ACTIVE_4.rd_req
[1D3]    STX_VE_266    STX_VE_266    Syntax      ../../../build/package/top/aixsilicon_ip_apb_secure_demux_1.0.0/ut_top-vcs/src/aixsilicon_ip_apb_secure_demux_1.0.0/rtl/instance/apb_secure_demux_register_bridge.sv    648     1000    Cannot resolve hierarchical reference hwif_out.port_2.PERM_ACTIVE_5.rd_req
[1D4]    STX_VE_266    STX_VE_266    Syntax      ../../../build/package/top/aixsilicon_ip_apb_secure_demux_1.0.0/ut_top-vcs/src/aixsilicon_ip_apb_secure_demux_1.0.0/rtl/instance/apb_secure_demux_register_bridge.sv    650     1000    Cannot resolve hierarchical reference hwif_out.port_2.PERM_ACTIVE_5.rd_req
[1D5]    STX_VE_266    STX_VE_266    Syntax      ../../../build/package/top/aixsilicon_ip_apb_secure_demux_1.0.0/ut_top-vcs/src/aixsilicon_ip_apb_secure_demux_1.0.0/rtl/instance/apb_secure_demux_register_bridge.sv    651     1000    Cannot resolve hierarchical reference hwif_out.port_2.PERM_ACTIVE_6.rd_req
[1D6]    STX_VE_266    STX_VE_266    Syntax      ../../../build/package/top/aixsilicon_ip_apb_secure_demux_1.0.0/ut_top-vcs/src/aixsilicon_ip_apb_secure_demux_1.0.0/rtl/instance/apb_secure_demux_register_bridge.sv    653     1000    Cannot resolve hierarchical reference hwif_out.port_2.PERM_ACTIVE_6.rd_req
[1D7]    STX_VE_266    STX_VE_266    Syntax      ../../../build/package/top/aixsilicon_ip_apb_secure_demux_1.0.0/ut_top-vcs/src/aixsilicon_ip_apb_secure_demux_1.0.0/rtl/instance/apb_secure_demux_register_bridge.sv    654     1000    Cannot resolve hierarchical reference hwif_out.port_2.PERM_ACTIVE_7.rd_req
[1D8]    STX_VE_266    STX_VE_266    Syntax      ../../../build/package/top/aixsilicon_ip_apb_secure_demux_1.0.0/ut_top-vcs/src/aixsilicon_ip_apb_secure_demux_1.0.0/rtl/instance/apb_secure_demux_register_bridge.sv    656     1000    Cannot resolve hierarchical reference hwif_out.port_2.PERM_ACTIVE_7.rd_req
[1D9]    STX_VE_266    STX_VE_266    Syntax      ../../../build/package/top/aixsilicon_ip_apb_secure_demux_1.0.0/ut_top-vcs/src/aixsilicon_ip_apb_secure_demux_1.0.0/rtl/instance/apb_secure_demux_register_bridge.sv    657     1000    Cannot resolve hierarchical reference hwif_out.port_2.PERM_ACTIVE_8.rd_req
[1DA]    STX_VE_266    STX_VE_266    Syntax      ../../../build/package/top/aixsilicon_ip_apb_secure_demux_1.0.0/ut_top-vcs/src/aixsilicon_ip_apb_secure_demux_1.0.0/rtl/instance/apb_secure_demux_register_bridge.sv    659     1000    Cannot resolve hierarchical reference hwif_out.port_2.PERM_ACTIVE_8.rd_req
[1DB]    STX_VE_266    STX_VE_266    Syntax      ../../../build/package/top/aixsilicon_ip_apb_secure_demux_1.0.0/ut_top-vcs/src/aixsilicon_ip_apb_secure_demux_1.0.0/rtl/instance/apb_secure_demux_register_bridge.sv    660     1000    Cannot resolve hierarchical reference hwif_out.port_2.PERM_ACTIVE_9.rd_req
[1DC]    STX_VE_266    STX_VE_266    Syntax      ../../../build/package/top/aixsilicon_ip_apb_secure_demux_1.0.0/ut_top-vcs/src/aixsilicon_ip_apb_secure_demux_1.0.0/rtl/instance/apb_secure_demux_register_bridge.sv    662     1000    Cannot resolve hierarchical reference hwif_out.port_2.PERM_ACTIVE_9.rd_req
[1DD]    STX_VE_266    STX_VE_266    Syntax      ../../../build/package/top/aixsilicon_ip_apb_secure_demux_1.0.0/ut_top-vcs/src/aixsilicon_ip_apb_secure_demux_1.0.0/rtl/instance/apb_secure_demux_register_bridge.sv    663     1000    Cannot resolve hierarchical reference hwif_out.port_2.PERM_ACTIVE_10.rd_req
[1DE]    STX_VE_266    STX_VE_266    Syntax      ../../../build/package/top/aixsilicon_ip_apb_secure_demux_1.0.0/ut_top-vcs/src/aixsilicon_ip_apb_secure_demux_1.0.0/rtl/instance/apb_secure_demux_register_bridge.sv    665     1000    Cannot resolve hierarchical reference hwif_out.port_2.PERM_ACTIVE_10.rd_req
[1DF]    STX_VE_266    STX_VE_266    Syntax      ../../../build/package/top/aixsilicon_ip_apb_secure_demux_1.0.0/ut_top-vcs/src/aixsilicon_ip_apb_secure_demux_1.0.0/rtl/instance/apb_secure_demux_register_bridge.sv    666     1000    Cannot resolve hierarchical reference hwif_out.port_2.PERM_ACTIVE_11.rd_req
[1E0]    STX_VE_266    STX_VE_266    Syntax      ../../../build/package/top/aixsilicon_ip_apb_secure_demux_1.0.0/ut_top-vcs/src/aixsilicon_ip_apb_secure_demux_1.0.0/rtl/instance/apb_secure_demux_register_bridge.sv    668     1000    Cannot resolve hierarchical reference hwif_out.port_2.PERM_ACTIVE_11.rd_req
[1E1]    STX_VE_266    STX_VE_266    Syntax      ../../../build/package/top/aixsilicon_ip_apb_secure_demux_1.0.0/ut_top-vcs/src/aixsilicon_ip_apb_secure_demux_1.0.0/rtl/instance/apb_secure_demux_register_bridge.sv    669     1000    Cannot resolve hierarchical reference hwif_out.port_2.PERM_ACTIVE_12.rd_req
[1E2]    STX_VE_266    STX_VE_266    Syntax      ../../../build/package/top/aixsilicon_ip_apb_secure_demux_1.0.0/ut_top-vcs/src/aixsilicon_ip_apb_secure_demux_1.0.0/rtl/instance/apb_secure_demux_register_bridge.sv    671     1000    Cannot resolve hierarchical reference hwif_out.port_2.PERM_ACTIVE_12.rd_req
[1E3]    STX_VE_266    STX_VE_266    Syntax      ../../../build/package/top/aixsilicon_ip_apb_secure_demux_1.0.0/ut_top-vcs/src/aixsilicon_ip_apb_secure_demux_1.0.0/rtl/instance/apb_secure_demux_register_bridge.sv    672     1000    Cannot resolve hierarchical reference hwif_out.port_2.PERM_ACTIVE_13.rd_req
[1E4]    STX_VE_266    STX_VE_266    Syntax      ../../../build/package/top/aixsilicon_ip_apb_secure_demux_1.0.0/ut_top-vcs/src/aixsilicon_ip_apb_secure_demux_1.0.0/rtl/instance/apb_secure_demux_register_bridge.sv    674     1000    Cannot resolve hierarchical reference hwif_out.port_2.PERM_ACTIVE_13.rd_req
[1E5]    STX_VE_266    STX_VE_266    Syntax      ../../../build/package/top/aixsilicon_ip_apb_secure_demux_1.0.0/ut_top-vcs/src/aixsilicon_ip_apb_secure_demux_1.0.0/rtl/instance/apb_secure_demux_register_bridge.sv    675     1000    Cannot resolve hierarchical reference hwif_out.port_2.PERM_ACTIVE_14.rd_req
[1E6]    STX_VE_266    STX_VE_266    Syntax      ../../../build/package/top/aixsilicon_ip_apb_secure_demux_1.0.0/ut_top-vcs/src/aixsilicon_ip_apb_secure_demux_1.0.0/rtl/instance/apb_secure_demux_register_bridge.sv    677     1000    Cannot resolve hierarchical reference hwif_out.port_2.PERM_ACTIVE_14.rd_req
[1E7]    STX_VE_266    STX_VE_266    Syntax      ../../../build/package/top/aixsilicon_ip_apb_secure_demux_1.0.0/ut_top-vcs/src/aixsilicon_ip_apb_secure_demux_1.0.0/rtl/instance/apb_secure_demux_register_bridge.sv    678     1000    Cannot resolve hierarchical reference hwif_out.port_2.PERM_ACTIVE_15.rd_req
[1E8]    STX_VE_266    STX_VE_266    Syntax      ../../../build/package/top/aixsilicon_ip_apb_secure_demux_1.0.0/ut_top-vcs/src/aixsilicon_ip_apb_secure_demux_1.0.0/rtl/instance/apb_secure_demux_register_bridge.sv    680     1000    Cannot resolve hierarchical reference hwif_out.port_2.PERM_ACTIVE_15.rd_req
[1E9]    STX_VE_266    STX_VE_266    Syntax      ../../../build/package/top/aixsilicon_ip_apb_secure_demux_1.0.0/ut_top-vcs/src/aixsilicon_ip_apb_secure_demux_1.0.0/rtl/instance/apb_secure_demux_register_bridge.sv    681     1000    Cannot resolve hierarchical reference hwif_out.port_3.MAP_BASE.rd_req
[1EA]    STX_VE_266    STX_VE_266    Syntax      ../../../build/package/top/aixsilicon_ip_apb_secure_demux_1.0.0/ut_top-vcs/src/aixsilicon_ip_apb_secure_demux_1.0.0/rtl/instance/apb_secure_demux_register_bridge.sv    683     1000    Cannot resolve hierarchical reference hwif_out.port_3.MAP_BASE.rd_req
[1EB]    STX_VE_266    STX_VE_266    Syntax      ../../../build/package/top/aixsilicon_ip_apb_secure_demux_1.0.0/ut_top-vcs/src/aixsilicon_ip_apb_secure_demux_1.0.0/rtl/instance/apb_secure_demux_register_bridge.sv    684     1000    Cannot resolve hierarchical reference hwif_out.port_3.MAP_LIMIT.rd_req
[1EC]    STX_VE_266    STX_VE_266    Syntax      ../../../build/package/top/aixsilicon_ip_apb_secure_demux_1.0.0/ut_top-vcs/src/aixsilicon_ip_apb_secure_demux_1.0.0/rtl/instance/apb_secure_demux_register_bridge.sv    686     1000    Cannot resolve hierarchical reference hwif_out.port_3.MAP_LIMIT.rd_req
[1ED]    STX_VE_266    STX_VE_266    Syntax      ../../../build/package/top/aixsilicon_ip_apb_secure_demux_1.0.0/ut_top-vcs/src/aixsilicon_ip_apb_secure_demux_1.0.0/rtl/instance/apb_secure_demux_register_bridge.sv    687     1000    Cannot resolve hierarchical reference hwif_out.port_3.PORT_LOCK.rd_req
[1EE]    STX_VE_266    STX_VE_266    Syntax      ../../../build/package/top/aixsilicon_ip_apb_secure_demux_1.0.0/ut_top-vcs/src/aixsilicon_ip_apb_secure_demux_1.0.0/rtl/instance/apb_secure_demux_register_bridge.sv    689     1000    Cannot resolve hierarchical reference hwif_out.port_3.PORT_LOCK.rd_req
[1EF]    STX_VE_266    STX_VE_266    Syntax      ../../../build/package/top/aixsilicon_ip_apb_secure_demux_1.0.0/ut_top-vcs/src/aixsilicon_ip_apb_secure_demux_1.0.0/rtl/instance/apb_secure_demux_register_bridge.sv    690     1000    Cannot resolve hierarchical reference hwif_out.port_3.PORT_LOCK.wr_req
[1F0]    STX_VE_266    STX_VE_266    Syntax      ../../../build/package/top/aixsilicon_ip_apb_secure_demux_1.0.0/ut_top-vcs/src/aixsilicon_ip_apb_secure_demux_1.0.0/rtl/instance/apb_secure_demux_register_bridge.sv    691     1000    Cannot resolve hierarchical reference hwif_out.port_3.PORT_LOCK.wr_req
[1F1]    STX_VE_266    STX_VE_266    Syntax      ../../../build/package/top/aixsilicon_ip_apb_secure_demux_1.0.0/ut_top-vcs/src/aixsilicon_ip_apb_secure_demux_1.0.0/rtl/instance/apb_secure_demux_register_bridge.sv    692     1000    Cannot resolve hierarchical reference hwif_out.port_3.CFG_SHADOW.rd_req
[1F2]    STX_VE_266    STX_VE_266    Syntax      ../../../build/package/top/aixsilicon_ip_apb_secure_demux_1.0.0/ut_top-vcs/src/aixsilicon_ip_apb_secure_demux_1.0.0/rtl/instance/apb_secure_demux_register_bridge.sv    694     1000    Cannot resolve hierarchical reference hwif_out.port_3.CFG_SHADOW.rd_req
[1F3]    STX_VE_266    STX_VE_266    Syntax      ../../../build/package/top/aixsilicon_ip_apb_secure_demux_1.0.0/ut_top-vcs/src/aixsilicon_ip_apb_secure_demux_1.0.0/rtl/instance/apb_secure_demux_register_bridge.sv    695     1000    Cannot resolve hierarchical reference hwif_out.port_3.CFG_SHADOW.wr_req
[1F4]    STX_VE_266    STX_VE_266    Syntax      ../../../build/package/top/aixsilicon_ip_apb_secure_demux_1.0.0/ut_top-vcs/src/aixsilicon_ip_apb_secure_demux_1.0.0/rtl/instance/apb_secure_demux_register_bridge.sv    696     1000    Cannot resolve hierarchical reference hwif_out.port_3.CFG_SHADOW.wr_req
[1F5]    STX_VE_266    STX_VE_266    Syntax      ../../../build/package/top/aixsilicon_ip_apb_secure_demux_1.0.0/ut_top-vcs/src/aixsilicon_ip_apb_secure_demux_1.0.0/rtl/instance/apb_secure_demux_register_bridge.sv    697     1000    Cannot resolve hierarchical reference hwif_out.port_3.CFG_ACTIVE.rd_req
[1F6]    STX_VE_266    STX_VE_266    Syntax      ../../../build/package/top/aixsilicon_ip_apb_secure_demux_1.0.0/ut_top-vcs/src/aixsilicon_ip_apb_secure_demux_1.0.0/rtl/instance/apb_secure_demux_register_bridge.sv    699     1000    Cannot resolve hierarchical reference hwif_out.port_3.CFG_ACTIVE.rd_req
[1F7]    STX_VE_266    STX_VE_266    Syntax      ../../../build/package/top/aixsilicon_ip_apb_secure_demux_1.0.0/ut_top-vcs/src/aixsilicon_ip_apb_secure_demux_1.0.0/rtl/instance/apb_secure_demux_register_bridge.sv    700     1000    Cannot resolve hierarchical reference hwif_out.port_3.SUCCESS_COUNT.rd_req
[1F8]    STX_VE_266    STX_VE_266    Syntax      ../../../build/package/top/aixsilicon_ip_apb_secure_demux_1.0.0/ut_top-vcs/src/aixsilicon_ip_apb_secure_demux_1.0.0/rtl/instance/apb_secure_demux_register_bridge.sv    702     1000    Cannot resolve hierarchical reference hwif_out.port_3.SUCCESS_COUNT.rd_req
[1F9]    STX_VE_266    STX_VE_266    Syntax      ../../../build/package/top/aixsilicon_ip_apb_secure_demux_1.0.0/ut_top-vcs/src/aixsilicon_ip_apb_secure_demux_1.0.0/rtl/instance/apb_secure_demux_register_bridge.sv    703     1000    Cannot resolve hierarchical reference hwif_out.port_3.DENY_COUNT.rd_req
[1FA]    STX_VE_266    STX_VE_266    Syntax      ../../../build/package/top/aixsilicon_ip_apb_secure_demux_1.0.0/ut_top-vcs/src/aixsilicon_ip_apb_secure_demux_1.0.0/rtl/instance/apb_secure_demux_register_bridge.sv    705     1000    Cannot resolve hierarchical reference hwif_out.port_3.DENY_COUNT.rd_req
[1FB]    STX_VE_266    STX_VE_266    Syntax      ../../../build/package/top/aixsilicon_ip_apb_secure_demux_1.0.0/ut_top-vcs/src/aixsilicon_ip_apb_secure_demux_1.0.0/rtl/instance/apb_secure_demux_register_bridge.sv    706     1000    Cannot resolve hierarchical reference hwif_out.port_3.SLVERR_COUNT.rd_req
[1FC]    STX_VE_266    STX_VE_266    Syntax      ../../../build/package/top/aixsilicon_ip_apb_secure_demux_1.0.0/ut_top-vcs/src/aixsilicon_ip_apb_secure_demux_1.0.0/rtl/instance/apb_secure_demux_register_bridge.sv    708     1000    Cannot resolve hierarchical reference hwif_out.port_3.SLVERR_COUNT.rd_req
[1FD]    STX_VE_266    STX_VE_266    Syntax      ../../../build/package/top/aixsilicon_ip_apb_secure_demux_1.0.0/ut_top-vcs/src/aixsilicon_ip_apb_secure_demux_1.0.0/rtl/instance/apb_secure_demux_register_bridge.sv    709     1000    Cannot resolve hierarchical reference hwif_out.port_3.WAIT_TOTAL.rd_req
[1FE]    STX_VE_266    STX_VE_266    Syntax      ../../../build/package/top/aixsilicon_ip_apb_secure_demux_1.0.0/ut_top-vcs/src/aixsilicon_ip_apb_secure_demux_1.0.0/rtl/instance/apb_secure_demux_register_bridge.sv    711     1000    Cannot resolve hierarchical reference hwif_out.port_3.WAIT_TOTAL.rd_req
[1FF]    STX_VE_266    STX_VE_266    Syntax      ../../../build/package/top/aixsilicon_ip_apb_secure_demux_1.0.0/ut_top-vcs/src/aixsilicon_ip_apb_secure_demux_1.0.0/rtl/instance/apb_secure_demux_register_bridge.sv    712     1000    Cannot resolve hierarchical reference hwif_out.port_3.WAIT_MAX.rd_req
[200]    STX_VE_266    STX_VE_266    Syntax      ../../../build/package/top/aixsilicon_ip_apb_secure_demux_1.0.0/ut_top-vcs/src/aixsilicon_ip_apb_secure_demux_1.0.0/rtl/instance/apb_secure_demux_register_bridge.sv    714     1000    Cannot resolve hierarchical reference hwif_out.port_3.WAIT_MAX.rd_req
[201]    STX_VE_266    STX_VE_266    Syntax      ../../../build/package/top/aixsilicon_ip_apb_secure_demux_1.0.0/ut_top-vcs/src/aixsilicon_ip_apb_secure_demux_1.0.0/rtl/instance/apb_secure_demux_register_bridge.sv    715     1000    Cannot resolve hierarchical reference hwif_out.port_3.DFX_COUNTER_CLEAR.wr_req
[202]    STX_VE_266    STX_VE_266    Syntax      ../../../build/package/top/aixsilicon_ip_apb_secure_demux_1.0.0/ut_top-vcs/src/aixsilicon_ip_apb_secure_demux_1.0.0/rtl/instance/apb_secure_demux_register_bridge.sv    716     1000    Cannot resolve hierarchical reference hwif_out.port_3.DFX_COUNTER_CLEAR.wr_req
[203]    STX_VE_266    STX_VE_266    Syntax      ../../../build/package/top/aixsilicon_ip_apb_secure_demux_1.0.0/ut_top-vcs/src/aixsilicon_ip_apb_secure_demux_1.0.0/rtl/instance/apb_secure_demux_register_bridge.sv    717     1000    Cannot resolve hierarchical reference hwif_out.port_3.PERM_SHADOW_0.rd_req
[204]    STX_VE_266    STX_VE_266    Syntax      ../../../build/package/top/aixsilicon_ip_apb_secure_demux_1.0.0/ut_top-vcs/src/aixsilicon_ip_apb_secure_demux_1.0.0/rtl/instance/apb_secure_demux_register_bridge.sv    719     1000    Cannot resolve hierarchical reference hwif_out.port_3.PERM_SHADOW_0.rd_req
[205]    STX_VE_266    STX_VE_266    Syntax      ../../../build/package/top/aixsilicon_ip_apb_secure_demux_1.0.0/ut_top-vcs/src/aixsilicon_ip_apb_secure_demux_1.0.0/rtl/instance/apb_secure_demux_register_bridge.sv    720     1000    Cannot resolve hierarchical reference hwif_out.port_3.PERM_SHADOW_0.wr_req
[206]    STX_VE_266    STX_VE_266    Syntax      ../../../build/package/top/aixsilicon_ip_apb_secure_demux_1.0.0/ut_top-vcs/src/aixsilicon_ip_apb_secure_demux_1.0.0/rtl/instance/apb_secure_demux_register_bridge.sv    721     1000    Cannot resolve hierarchical reference hwif_out.port_3.PERM_SHADOW_0.wr_req
[207]    STX_VE_266    STX_VE_266    Syntax      ../../../build/package/top/aixsilicon_ip_apb_secure_demux_1.0.0/ut_top-vcs/src/aixsilicon_ip_apb_secure_demux_1.0.0/rtl/instance/apb_secure_demux_register_bridge.sv    722     1000    Cannot resolve hierarchical reference hwif_out.port_3.PERM_SHADOW_1.rd_req
[208]    STX_VE_266    STX_VE_266    Syntax      ../../../build/package/top/aixsilicon_ip_apb_secure_demux_1.0.0/ut_top-vcs/src/aixsilicon_ip_apb_secure_demux_1.0.0/rtl/instance/apb_secure_demux_register_bridge.sv    724     1000    Cannot resolve hierarchical reference hwif_out.port_3.PERM_SHADOW_1.rd_req
[209]    STX_VE_266    STX_VE_266    Syntax      ../../../build/package/top/aixsilicon_ip_apb_secure_demux_1.0.0/ut_top-vcs/src/aixsilicon_ip_apb_secure_demux_1.0.0/rtl/instance/apb_secure_demux_register_bridge.sv    725     1000    Cannot resolve hierarchical reference hwif_out.port_3.PERM_SHADOW_1.wr_req
[20A]    STX_VE_266    STX_VE_266    Syntax      ../../../build/package/top/aixsilicon_ip_apb_secure_demux_1.0.0/ut_top-vcs/src/aixsilicon_ip_apb_secure_demux_1.0.0/rtl/instance/apb_secure_demux_register_bridge.sv    726     1000    Cannot resolve hierarchical reference hwif_out.port_3.PERM_SHADOW_1.wr_req
[20B]    STX_VE_266    STX_VE_266    Syntax      ../../../build/package/top/aixsilicon_ip_apb_secure_demux_1.0.0/ut_top-vcs/src/aixsilicon_ip_apb_secure_demux_1.0.0/rtl/instance/apb_secure_demux_register_bridge.sv    727     1000    Cannot resolve hierarchical reference hwif_out.port_3.PERM_SHADOW_2.rd_req
[20C]    STX_VE_266    STX_VE_266    Syntax      ../../../build/package/top/aixsilicon_ip_apb_secure_demux_1.0.0/ut_top-vcs/src/aixsilicon_ip_apb_secure_demux_1.0.0/rtl/instance/apb_secure_demux_register_bridge.sv    729     1000    Cannot resolve hierarchical reference hwif_out.port_3.PERM_SHADOW_2.rd_req
[20D]    STX_VE_266    STX_VE_266    Syntax      ../../../build/package/top/aixsilicon_ip_apb_secure_demux_1.0.0/ut_top-vcs/src/aixsilicon_ip_apb_secure_demux_1.0.0/rtl/instance/apb_secure_demux_register_bridge.sv    730     1000    Cannot resolve hierarchical reference hwif_out.port_3.PERM_SHADOW_2.wr_req
[20E]    STX_VE_266    STX_VE_266    Syntax      ../../../build/package/top/aixsilicon_ip_apb_secure_demux_1.0.0/ut_top-vcs/src/aixsilicon_ip_apb_secure_demux_1.0.0/rtl/instance/apb_secure_demux_register_bridge.sv    731     1000    Cannot resolve hierarchical reference hwif_out.port_3.PERM_SHADOW_2.wr_req
[20F]    STX_VE_266    STX_VE_266    Syntax      ../../../build/package/top/aixsilicon_ip_apb_secure_demux_1.0.0/ut_top-vcs/src/aixsilicon_ip_apb_secure_demux_1.0.0/rtl/instance/apb_secure_demux_register_bridge.sv    732     1000    Cannot resolve hierarchical reference hwif_out.port_3.PERM_SHADOW_3.rd_req
[210]    STX_VE_266    STX_VE_266    Syntax      ../../../build/package/top/aixsilicon_ip_apb_secure_demux_1.0.0/ut_top-vcs/src/aixsilicon_ip_apb_secure_demux_1.0.0/rtl/instance/apb_secure_demux_register_bridge.sv    734     1000    Cannot resolve hierarchical reference hwif_out.port_3.PERM_SHADOW_3.rd_req
[211]    STX_VE_266    STX_VE_266    Syntax      ../../../build/package/top/aixsilicon_ip_apb_secure_demux_1.0.0/ut_top-vcs/src/aixsilicon_ip_apb_secure_demux_1.0.0/rtl/instance/apb_secure_demux_register_bridge.sv    735     1000    Cannot resolve hierarchical reference hwif_out.port_3.PERM_SHADOW_3.wr_req
[212]    STX_VE_266    STX_VE_266    Syntax      ../../../build/package/top/aixsilicon_ip_apb_secure_demux_1.0.0/ut_top-vcs/src/aixsilicon_ip_apb_secure_demux_1.0.0/rtl/instance/apb_secure_demux_register_bridge.sv    736     1000    Cannot resolve hierarchical reference hwif_out.port_3.PERM_SHADOW_3.wr_req
[213]    STX_VE_266    STX_VE_266    Syntax      ../../../build/package/top/aixsilicon_ip_apb_secure_demux_1.0.0/ut_top-vcs/src/aixsilicon_ip_apb_secure_demux_1.0.0/rtl/instance/apb_secure_demux_register_bridge.sv    737     1000    Cannot resolve hierarchical reference hwif_out.port_3.PERM_SHADOW_4.rd_req
[214]    STX_VE_266    STX_VE_266    Syntax      ../../../build/package/top/aixsilicon_ip_apb_secure_demux_1.0.0/ut_top-vcs/src/aixsilicon_ip_apb_secure_demux_1.0.0/rtl/instance/apb_secure_demux_register_bridge.sv    739     1000    Cannot resolve hierarchical reference hwif_out.port_3.PERM_SHADOW_4.rd_req
[215]    STX_VE_266    STX_VE_266    Syntax      ../../../build/package/top/aixsilicon_ip_apb_secure_demux_1.0.0/ut_top-vcs/src/aixsilicon_ip_apb_secure_demux_1.0.0/rtl/instance/apb_secure_demux_register_bridge.sv    740     1000    Cannot resolve hierarchical reference hwif_out.port_3.PERM_SHADOW_4.wr_req
[216]    STX_VE_266    STX_VE_266    Syntax      ../../../build/package/top/aixsilicon_ip_apb_secure_demux_1.0.0/ut_top-vcs/src/aixsilicon_ip_apb_secure_demux_1.0.0/rtl/instance/apb_secure_demux_register_bridge.sv    741     1000    Cannot resolve hierarchical reference hwif_out.port_3.PERM_SHADOW_4.wr_req
[217]    STX_VE_266    STX_VE_266    Syntax      ../../../build/package/top/aixsilicon_ip_apb_secure_demux_1.0.0/ut_top-vcs/src/aixsilicon_ip_apb_secure_demux_1.0.0/rtl/instance/apb_secure_demux_register_bridge.sv    742     1000    Cannot resolve hierarchical reference hwif_out.port_3.PERM_SHADOW_5.rd_req
[218]    STX_VE_266    STX_VE_266    Syntax      ../../../build/package/top/aixsilicon_ip_apb_secure_demux_1.0.0/ut_top-vcs/src/aixsilicon_ip_apb_secure_demux_1.0.0/rtl/instance/apb_secure_demux_register_bridge.sv    744     1000    Cannot resolve hierarchical reference hwif_out.port_3.PERM_SHADOW_5.rd_req
[219]    STX_VE_266    STX_VE_266    Syntax      ../../../build/package/top/aixsilicon_ip_apb_secure_demux_1.0.0/ut_top-vcs/src/aixsilicon_ip_apb_secure_demux_1.0.0/rtl/instance/apb_secure_demux_register_bridge.sv    745     1000    Cannot resolve hierarchical reference hwif_out.port_3.PERM_SHADOW_5.wr_req
[21A]    STX_VE_266    STX_VE_266    Syntax      ../../../build/package/top/aixsilicon_ip_apb_secure_demux_1.0.0/ut_top-vcs/src/aixsilicon_ip_apb_secure_demux_1.0.0/rtl/instance/apb_secure_demux_register_bridge.sv    746     1000    Cannot resolve hierarchical reference hwif_out.port_3.PERM_SHADOW_5.wr_req
[21B]    STX_VE_266    STX_VE_266    Syntax      ../../../build/package/top/aixsilicon_ip_apb_secure_demux_1.0.0/ut_top-vcs/src/aixsilicon_ip_apb_secure_demux_1.0.0/rtl/instance/apb_secure_demux_register_bridge.sv    747     1000    Cannot resolve hierarchical reference hwif_out.port_3.PERM_SHADOW_6.rd_req
[21C]    STX_VE_266    STX_VE_266    Syntax      ../../../build/package/top/aixsilicon_ip_apb_secure_demux_1.0.0/ut_top-vcs/src/aixsilicon_ip_apb_secure_demux_1.0.0/rtl/instance/apb_secure_demux_register_bridge.sv    749     1000    Cannot resolve hierarchical reference hwif_out.port_3.PERM_SHADOW_6.rd_req
[21D]    STX_VE_266    STX_VE_266    Syntax      ../../../build/package/top/aixsilicon_ip_apb_secure_demux_1.0.0/ut_top-vcs/src/aixsilicon_ip_apb_secure_demux_1.0.0/rtl/instance/apb_secure_demux_register_bridge.sv    750     1000    Cannot resolve hierarchical reference hwif_out.port_3.PERM_SHADOW_6.wr_req
[21E]    STX_VE_266    STX_VE_266    Syntax      ../../../build/package/top/aixsilicon_ip_apb_secure_demux_1.0.0/ut_top-vcs/src/aixsilicon_ip_apb_secure_demux_1.0.0/rtl/instance/apb_secure_demux_register_bridge.sv    751     1000    Cannot resolve hierarchical reference hwif_out.port_3.PERM_SHADOW_6.wr_req
[21F]    STX_VE_266    STX_VE_266    Syntax      ../../../build/package/top/aixsilicon_ip_apb_secure_demux_1.0.0/ut_top-vcs/src/aixsilicon_ip_apb_secure_demux_1.0.0/rtl/instance/apb_secure_demux_register_bridge.sv    752     1000    Cannot resolve hierarchical reference hwif_out.port_3.PERM_SHADOW_7.rd_req
[220]    STX_VE_266    STX_VE_266    Syntax      ../../../build/package/top/aixsilicon_ip_apb_secure_demux_1.0.0/ut_top-vcs/src/aixsilicon_ip_apb_secure_demux_1.0.0/rtl/instance/apb_secure_demux_register_bridge.sv    754     1000    Cannot resolve hierarchical reference hwif_out.port_3.PERM_SHADOW_7.rd_req
[221]    STX_VE_266    STX_VE_266    Syntax      ../../../build/package/top/aixsilicon_ip_apb_secure_demux_1.0.0/ut_top-vcs/src/aixsilicon_ip_apb_secure_demux_1.0.0/rtl/instance/apb_secure_demux_register_bridge.sv    755     1000    Cannot resolve hierarchical reference hwif_out.port_3.PERM_SHADOW_7.wr_req
[222]    STX_VE_266    STX_VE_266    Syntax      ../../../build/package/top/aixsilicon_ip_apb_secure_demux_1.0.0/ut_top-vcs/src/aixsilicon_ip_apb_secure_demux_1.0.0/rtl/instance/apb_secure_demux_register_bridge.sv    756     1000    Cannot resolve hierarchical reference hwif_out.port_3.PERM_SHADOW_7.wr_req
[223]    STX_VE_266    STX_VE_266    Syntax      ../../../build/package/top/aixsilicon_ip_apb_secure_demux_1.0.0/ut_top-vcs/src/aixsilicon_ip_apb_secure_demux_1.0.0/rtl/instance/apb_secure_demux_register_bridge.sv    757     1000    Cannot resolve hierarchical reference hwif_out.port_3.PERM_SHADOW_8.rd_req
[224]    STX_VE_266    STX_VE_266    Syntax      ../../../build/package/top/aixsilicon_ip_apb_secure_demux_1.0.0/ut_top-vcs/src/aixsilicon_ip_apb_secure_demux_1.0.0/rtl/instance/apb_secure_demux_register_bridge.sv    759     1000    Cannot resolve hierarchical reference hwif_out.port_3.PERM_SHADOW_8.rd_req
[225]    STX_VE_266    STX_VE_266    Syntax      ../../../build/package/top/aixsilicon_ip_apb_secure_demux_1.0.0/ut_top-vcs/src/aixsilicon_ip_apb_secure_demux_1.0.0/rtl/instance/apb_secure_demux_register_bridge.sv    760     1000    Cannot resolve hierarchical reference hwif_out.port_3.PERM_SHADOW_8.wr_req
[226]    STX_VE_266    STX_VE_266    Syntax      ../../../build/package/top/aixsilicon_ip_apb_secure_demux_1.0.0/ut_top-vcs/src/aixsilicon_ip_apb_secure_demux_1.0.0/rtl/instance/apb_secure_demux_register_bridge.sv    761     1000    Cannot resolve hierarchical reference hwif_out.port_3.PERM_SHADOW_8.wr_req
[227]    STX_VE_266    STX_VE_266    Syntax      ../../../build/package/top/aixsilicon_ip_apb_secure_demux_1.0.0/ut_top-vcs/src/aixsilicon_ip_apb_secure_demux_1.0.0/rtl/instance/apb_secure_demux_register_bridge.sv    762     1000    Cannot resolve hierarchical reference hwif_out.port_3.PERM_SHADOW_9.rd_req
[228]    STX_VE_266    STX_VE_266    Syntax      ../../../build/package/top/aixsilicon_ip_apb_secure_demux_1.0.0/ut_top-vcs/src/aixsilicon_ip_apb_secure_demux_1.0.0/rtl/instance/apb_secure_demux_register_bridge.sv    764     1000    Cannot resolve hierarchical reference hwif_out.port_3.PERM_SHADOW_9.rd_req
[229]    STX_VE_266    STX_VE_266    Syntax      ../../../build/package/top/aixsilicon_ip_apb_secure_demux_1.0.0/ut_top-vcs/src/aixsilicon_ip_apb_secure_demux_1.0.0/rtl/instance/apb_secure_demux_register_bridge.sv    765     1000    Cannot resolve hierarchical reference hwif_out.port_3.PERM_SHADOW_9.wr_req
[22A]    STX_VE_266    STX_VE_266    Syntax      ../../../build/package/top/aixsilicon_ip_apb_secure_demux_1.0.0/ut_top-vcs/src/aixsilicon_ip_apb_secure_demux_1.0.0/rtl/instance/apb_secure_demux_register_bridge.sv    766     1000    Cannot resolve hierarchical reference hwif_out.port_3.PERM_SHADOW_9.wr_req
[22B]    STX_VE_266    STX_VE_266    Syntax      ../../../build/package/top/aixsilicon_ip_apb_secure_demux_1.0.0/ut_top-vcs/src/aixsilicon_ip_apb_secure_demux_1.0.0/rtl/instance/apb_secure_demux_register_bridge.sv    767     1000    Cannot resolve hierarchical reference hwif_out.port_3.PERM_SHADOW_10.rd_req
[22C]    STX_VE_266    STX_VE_266    Syntax      ../../../build/package/top/aixsilicon_ip_apb_secure_demux_1.0.0/ut_top-vcs/src/aixsilicon_ip_apb_secure_demux_1.0.0/rtl/instance/apb_secure_demux_register_bridge.sv    769     1000    Cannot resolve hierarchical reference hwif_out.port_3.PERM_SHADOW_10.rd_req
[22D]    STX_VE_266    STX_VE_266    Syntax      ../../../build/package/top/aixsilicon_ip_apb_secure_demux_1.0.0/ut_top-vcs/src/aixsilicon_ip_apb_secure_demux_1.0.0/rtl/instance/apb_secure_demux_register_bridge.sv    770     1000    Cannot resolve hierarchical reference hwif_out.port_3.PERM_SHADOW_10.wr_req
[22E]    STX_VE_266    STX_VE_266    Syntax      ../../../build/package/top/aixsilicon_ip_apb_secure_demux_1.0.0/ut_top-vcs/src/aixsilicon_ip_apb_secure_demux_1.0.0/rtl/instance/apb_secure_demux_register_bridge.sv    771     1000    Cannot resolve hierarchical reference hwif_out.port_3.PERM_SHADOW_10.wr_req
[22F]    STX_VE_266    STX_VE_266    Syntax      ../../../build/package/top/aixsilicon_ip_apb_secure_demux_1.0.0/ut_top-vcs/src/aixsilicon_ip_apb_secure_demux_1.0.0/rtl/instance/apb_secure_demux_register_bridge.sv    772     1000    Cannot resolve hierarchical reference hwif_out.port_3.PERM_SHADOW_11.rd_req
[230]    STX_VE_266    STX_VE_266    Syntax      ../../../build/package/top/aixsilicon_ip_apb_secure_demux_1.0.0/ut_top-vcs/src/aixsilicon_ip_apb_secure_demux_1.0.0/rtl/instance/apb_secure_demux_register_bridge.sv    774     1000    Cannot resolve hierarchical reference hwif_out.port_3.PERM_SHADOW_11.rd_req
[231]    STX_VE_266    STX_VE_266    Syntax      ../../../build/package/top/aixsilicon_ip_apb_secure_demux_1.0.0/ut_top-vcs/src/aixsilicon_ip_apb_secure_demux_1.0.0/rtl/instance/apb_secure_demux_register_bridge.sv    775     1000    Cannot resolve hierarchical reference hwif_out.port_3.PERM_SHADOW_11.wr_req
[232]    STX_VE_266    STX_VE_266    Syntax      ../../../build/package/top/aixsilicon_ip_apb_secure_demux_1.0.0/ut_top-vcs/src/aixsilicon_ip_apb_secure_demux_1.0.0/rtl/instance/apb_secure_demux_register_bridge.sv    776     1000    Cannot resolve hierarchical reference hwif_out.port_3.PERM_SHADOW_11.wr_req
[233]    STX_VE_266    STX_VE_266    Syntax      ../../../build/package/top/aixsilicon_ip_apb_secure_demux_1.0.0/ut_top-vcs/src/aixsilicon_ip_apb_secure_demux_1.0.0/rtl/instance/apb_secure_demux_register_bridge.sv    777     1000    Cannot resolve hierarchical reference hwif_out.port_3.PERM_SHADOW_12.rd_req
[234]    STX_VE_266    STX_VE_266    Syntax      ../../../build/package/top/aixsilicon_ip_apb_secure_demux_1.0.0/ut_top-vcs/src/aixsilicon_ip_apb_secure_demux_1.0.0/rtl/instance/apb_secure_demux_register_bridge.sv    779     1000    Cannot resolve hierarchical reference hwif_out.port_3.PERM_SHADOW_12.rd_req
[235]    STX_VE_266    STX_VE_266    Syntax      ../../../build/package/top/aixsilicon_ip_apb_secure_demux_1.0.0/ut_top-vcs/src/aixsilicon_ip_apb_secure_demux_1.0.0/rtl/instance/apb_secure_demux_register_bridge.sv    780     1000    Cannot resolve hierarchical reference hwif_out.port_3.PERM_SHADOW_12.wr_req
[236]    STX_VE_266    STX_VE_266    Syntax      ../../../build/package/top/aixsilicon_ip_apb_secure_demux_1.0.0/ut_top-vcs/src/aixsilicon_ip_apb_secure_demux_1.0.0/rtl/instance/apb_secure_demux_register_bridge.sv    781     1000    Cannot resolve hierarchical reference hwif_out.port_3.PERM_SHADOW_12.wr_req
[237]    STX_VE_266    STX_VE_266    Syntax      ../../../build/package/top/aixsilicon_ip_apb_secure_demux_1.0.0/ut_top-vcs/src/aixsilicon_ip_apb_secure_demux_1.0.0/rtl/instance/apb_secure_demux_register_bridge.sv    782     1000    Cannot resolve hierarchical reference hwif_out.port_3.PERM_SHADOW_13.rd_req
[238]    STX_VE_266    STX_VE_266    Syntax      ../../../build/package/top/aixsilicon_ip_apb_secure_demux_1.0.0/ut_top-vcs/src/aixsilicon_ip_apb_secure_demux_1.0.0/rtl/instance/apb_secure_demux_register_bridge.sv    784     1000    Cannot resolve hierarchical reference hwif_out.port_3.PERM_SHADOW_13.rd_req
[239]    STX_VE_266    STX_VE_266    Syntax      ../../../build/package/top/aixsilicon_ip_apb_secure_demux_1.0.0/ut_top-vcs/src/aixsilicon_ip_apb_secure_demux_1.0.0/rtl/instance/apb_secure_demux_register_bridge.sv    785     1000    Cannot resolve hierarchical reference hwif_out.port_3.PERM_SHADOW_13.wr_req
[23A]    STX_VE_266    STX_VE_266    Syntax      ../../../build/package/top/aixsilicon_ip_apb_secure_demux_1.0.0/ut_top-vcs/src/aixsilicon_ip_apb_secure_demux_1.0.0/rtl/instance/apb_secure_demux_register_bridge.sv    786     1000    Cannot resolve hierarchical reference hwif_out.port_3.PERM_SHADOW_13.wr_req
[23B]    STX_VE_266    STX_VE_266    Syntax      ../../../build/package/top/aixsilicon_ip_apb_secure_demux_1.0.0/ut_top-vcs/src/aixsilicon_ip_apb_secure_demux_1.0.0/rtl/instance/apb_secure_demux_register_bridge.sv    787     1000    Cannot resolve hierarchical reference hwif_out.port_3.PERM_SHADOW_14.rd_req
[23C]    STX_VE_266    STX_VE_266    Syntax      ../../../build/package/top/aixsilicon_ip_apb_secure_demux_1.0.0/ut_top-vcs/src/aixsilicon_ip_apb_secure_demux_1.0.0/rtl/instance/apb_secure_demux_register_bridge.sv    789     1000    Cannot resolve hierarchical reference hwif_out.port_3.PERM_SHADOW_14.rd_req
[23D]    STX_VE_266    STX_VE_266    Syntax      ../../../build/package/top/aixsilicon_ip_apb_secure_demux_1.0.0/ut_top-vcs/src/aixsilicon_ip_apb_secure_demux_1.0.0/rtl/instance/apb_secure_demux_register_bridge.sv    790     1000    Cannot resolve hierarchical reference hwif_out.port_3.PERM_SHADOW_14.wr_req
[23E]    STX_VE_266    STX_VE_266    Syntax      ../../../build/package/top/aixsilicon_ip_apb_secure_demux_1.0.0/ut_top-vcs/src/aixsilicon_ip_apb_secure_demux_1.0.0/rtl/instance/apb_secure_demux_register_bridge.sv    791     1000    Cannot resolve hierarchical reference hwif_out.port_3.PERM_SHADOW_14.wr_req
[23F]    STX_VE_266    STX_VE_266    Syntax      ../../../build/package/top/aixsilicon_ip_apb_secure_demux_1.0.0/ut_top-vcs/src/aixsilicon_ip_apb_secure_demux_1.0.0/rtl/instance/apb_secure_demux_register_bridge.sv    792     1000    Cannot resolve hierarchical reference hwif_out.port_3.PERM_SHADOW_15.rd_req
[240]    STX_VE_266    STX_VE_266    Syntax      ../../../build/package/top/aixsilicon_ip_apb_secure_demux_1.0.0/ut_top-vcs/src/aixsilicon_ip_apb_secure_demux_1.0.0/rtl/instance/apb_secure_demux_register_bridge.sv    794     1000    Cannot resolve hierarchical reference hwif_out.port_3.PERM_SHADOW_15.rd_req
[241]    STX_VE_266    STX_VE_266    Syntax      ../../../build/package/top/aixsilicon_ip_apb_secure_demux_1.0.0/ut_top-vcs/src/aixsilicon_ip_apb_secure_demux_1.0.0/rtl/instance/apb_secure_demux_register_bridge.sv    795     1000    Cannot resolve hierarchical reference hwif_out.port_3.PERM_SHADOW_15.wr_req
[242]    STX_VE_266    STX_VE_266    Syntax      ../../../build/package/top/aixsilicon_ip_apb_secure_demux_1.0.0/ut_top-vcs/src/aixsilicon_ip_apb_secure_demux_1.0.0/rtl/instance/apb_secure_demux_register_bridge.sv    796     1000    Cannot resolve hierarchical reference hwif_out.port_3.PERM_SHADOW_15.wr_req
[243]    STX_VE_266    STX_VE_266    Syntax      ../../../build/package/top/aixsilicon_ip_apb_secure_demux_1.0.0/ut_top-vcs/src/aixsilicon_ip_apb_secure_demux_1.0.0/rtl/instance/apb_secure_demux_register_bridge.sv    797     1000    Cannot resolve hierarchical reference hwif_out.port_3.PERM_ACTIVE_0.rd_req
[244]    STX_VE_266    STX_VE_266    Syntax      ../../../build/package/top/aixsilicon_ip_apb_secure_demux_1.0.0/ut_top-vcs/src/aixsilicon_ip_apb_secure_demux_1.0.0/rtl/instance/apb_secure_demux_register_bridge.sv    799     1000    Cannot resolve hierarchical reference hwif_out.port_3.PERM_ACTIVE_0.rd_req
[245]    STX_VE_266    STX_VE_266    Syntax      ../../../build/package/top/aixsilicon_ip_apb_secure_demux_1.0.0/ut_top-vcs/src/aixsilicon_ip_apb_secure_demux_1.0.0/rtl/instance/apb_secure_demux_register_bridge.sv    800     1000    Cannot resolve hierarchical reference hwif_out.port_3.PERM_ACTIVE_1.rd_req
[246]    STX_VE_266    STX_VE_266    Syntax      ../../../build/package/top/aixsilicon_ip_apb_secure_demux_1.0.0/ut_top-vcs/src/aixsilicon_ip_apb_secure_demux_1.0.0/rtl/instance/apb_secure_demux_register_bridge.sv    802     1000    Cannot resolve hierarchical reference hwif_out.port_3.PERM_ACTIVE_1.rd_req
[247]    STX_VE_266    STX_VE_266    Syntax      ../../../build/package/top/aixsilicon_ip_apb_secure_demux_1.0.0/ut_top-vcs/src/aixsilicon_ip_apb_secure_demux_1.0.0/rtl/instance/apb_secure_demux_register_bridge.sv    803     1000    Cannot resolve hierarchical reference hwif_out.port_3.PERM_ACTIVE_2.rd_req
[248]    STX_VE_266    STX_VE_266    Syntax      ../../../build/package/top/aixsilicon_ip_apb_secure_demux_1.0.0/ut_top-vcs/src/aixsilicon_ip_apb_secure_demux_1.0.0/rtl/instance/apb_secure_demux_register_bridge.sv    805     1000    Cannot resolve hierarchical reference hwif_out.port_3.PERM_ACTIVE_2.rd_req
[249]    STX_VE_266    STX_VE_266    Syntax      ../../../build/package/top/aixsilicon_ip_apb_secure_demux_1.0.0/ut_top-vcs/src/aixsilicon_ip_apb_secure_demux_1.0.0/rtl/instance/apb_secure_demux_register_bridge.sv    806     1000    Cannot resolve hierarchical reference hwif_out.port_3.PERM_ACTIVE_3.rd_req
[24A]    STX_VE_266    STX_VE_266    Syntax      ../../../build/package/top/aixsilicon_ip_apb_secure_demux_1.0.0/ut_top-vcs/src/aixsilicon_ip_apb_secure_demux_1.0.0/rtl/instance/apb_secure_demux_register_bridge.sv    808     1000    Cannot resolve hierarchical reference hwif_out.port_3.PERM_ACTIVE_3.rd_req
[24B]    STX_VE_266    STX_VE_266    Syntax      ../../../build/package/top/aixsilicon_ip_apb_secure_demux_1.0.0/ut_top-vcs/src/aixsilicon_ip_apb_secure_demux_1.0.0/rtl/instance/apb_secure_demux_register_bridge.sv    809     1000    Cannot resolve hierarchical reference hwif_out.port_3.PERM_ACTIVE_4.rd_req
[24C]    STX_VE_266    STX_VE_266    Syntax      ../../../build/package/top/aixsilicon_ip_apb_secure_demux_1.0.0/ut_top-vcs/src/aixsilicon_ip_apb_secure_demux_1.0.0/rtl/instance/apb_secure_demux_register_bridge.sv    811     1000    Cannot resolve hierarchical reference hwif_out.port_3.PERM_ACTIVE_4.rd_req
[24D]    STX_VE_266    STX_VE_266    Syntax      ../../../build/package/top/aixsilicon_ip_apb_secure_demux_1.0.0/ut_top-vcs/src/aixsilicon_ip_apb_secure_demux_1.0.0/rtl/instance/apb_secure_demux_register_bridge.sv    812     1000    Cannot resolve hierarchical reference hwif_out.port_3.PERM_ACTIVE_5.rd_req
[24E]    STX_VE_266    STX_VE_266    Syntax      ../../../build/package/top/aixsilicon_ip_apb_secure_demux_1.0.0/ut_top-vcs/src/aixsilicon_ip_apb_secure_demux_1.0.0/rtl/instance/apb_secure_demux_register_bridge.sv    814     1000    Cannot resolve hierarchical reference hwif_out.port_3.PERM_ACTIVE_5.rd_req
[24F]    STX_VE_266    STX_VE_266    Syntax      ../../../build/package/top/aixsilicon_ip_apb_secure_demux_1.0.0/ut_top-vcs/src/aixsilicon_ip_apb_secure_demux_1.0.0/rtl/instance/apb_secure_demux_register_bridge.sv    815     1000    Cannot resolve hierarchical reference hwif_out.port_3.PERM_ACTIVE_6.rd_req
[250]    STX_VE_266    STX_VE_266    Syntax      ../../../build/package/top/aixsilicon_ip_apb_secure_demux_1.0.0/ut_top-vcs/src/aixsilicon_ip_apb_secure_demux_1.0.0/rtl/instance/apb_secure_demux_register_bridge.sv    817     1000    Cannot resolve hierarchical reference hwif_out.port_3.PERM_ACTIVE_6.rd_req
[251]    STX_VE_266    STX_VE_266    Syntax      ../../../build/package/top/aixsilicon_ip_apb_secure_demux_1.0.0/ut_top-vcs/src/aixsilicon_ip_apb_secure_demux_1.0.0/rtl/instance/apb_secure_demux_register_bridge.sv    818     1000    Cannot resolve hierarchical reference hwif_out.port_3.PERM_ACTIVE_7.rd_req
[252]    STX_VE_266    STX_VE_266    Syntax      ../../../build/package/top/aixsilicon_ip_apb_secure_demux_1.0.0/ut_top-vcs/src/aixsilicon_ip_apb_secure_demux_1.0.0/rtl/instance/apb_secure_demux_register_bridge.sv    820     1000    Cannot resolve hierarchical reference hwif_out.port_3.PERM_ACTIVE_7.rd_req
[253]    STX_VE_266    STX_VE_266    Syntax      ../../../build/package/top/aixsilicon_ip_apb_secure_demux_1.0.0/ut_top-vcs/src/aixsilicon_ip_apb_secure_demux_1.0.0/rtl/instance/apb_secure_demux_register_bridge.sv    821     1000    Cannot resolve hierarchical reference hwif_out.port_3.PERM_ACTIVE_8.rd_req
[254]    STX_VE_266    STX_VE_266    Syntax      ../../../build/package/top/aixsilicon_ip_apb_secure_demux_1.0.0/ut_top-vcs/src/aixsilicon_ip_apb_secure_demux_1.0.0/rtl/instance/apb_secure_demux_register_bridge.sv    823     1000    Cannot resolve hierarchical reference hwif_out.port_3.PERM_ACTIVE_8.rd_req
[255]    STX_VE_266    STX_VE_266    Syntax      ../../../build/package/top/aixsilicon_ip_apb_secure_demux_1.0.0/ut_top-vcs/src/aixsilicon_ip_apb_secure_demux_1.0.0/rtl/instance/apb_secure_demux_register_bridge.sv    824     1000    Cannot resolve hierarchical reference hwif_out.port_3.PERM_ACTIVE_9.rd_req
[256]    STX_VE_266    STX_VE_266    Syntax      ../../../build/package/top/aixsilicon_ip_apb_secure_demux_1.0.0/ut_top-vcs/src/aixsilicon_ip_apb_secure_demux_1.0.0/rtl/instance/apb_secure_demux_register_bridge.sv    826     1000    Cannot resolve hierarchical reference hwif_out.port_3.PERM_ACTIVE_9.rd_req
[257]    STX_VE_266    STX_VE_266    Syntax      ../../../build/package/top/aixsilicon_ip_apb_secure_demux_1.0.0/ut_top-vcs/src/aixsilicon_ip_apb_secure_demux_1.0.0/rtl/instance/apb_secure_demux_register_bridge.sv    827     1000    Cannot resolve hierarchical reference hwif_out.port_3.PERM_ACTIVE_10.rd_req
[258]    STX_VE_266    STX_VE_266    Syntax      ../../../build/package/top/aixsilicon_ip_apb_secure_demux_1.0.0/ut_top-vcs/src/aixsilicon_ip_apb_secure_demux_1.0.0/rtl/instance/apb_secure_demux_register_bridge.sv    829     1000    Cannot resolve hierarchical reference hwif_out.port_3.PERM_ACTIVE_10.rd_req
[259]    STX_VE_266    STX_VE_266    Syntax      ../../../build/package/top/aixsilicon_ip_apb_secure_demux_1.0.0/ut_top-vcs/src/aixsilicon_ip_apb_secure_demux_1.0.0/rtl/instance/apb_secure_demux_register_bridge.sv    830     1000    Cannot resolve hierarchical reference hwif_out.port_3.PERM_ACTIVE_11.rd_req
[25A]    STX_VE_266    STX_VE_266    Syntax      ../../../build/package/top/aixsilicon_ip_apb_secure_demux_1.0.0/ut_top-vcs/src/aixsilicon_ip_apb_secure_demux_1.0.0/rtl/instance/apb_secure_demux_register_bridge.sv    832     1000    Cannot resolve hierarchical reference hwif_out.port_3.PERM_ACTIVE_11.rd_req
[25B]    STX_VE_266    STX_VE_266    Syntax      ../../../build/package/top/aixsilicon_ip_apb_secure_demux_1.0.0/ut_top-vcs/src/aixsilicon_ip_apb_secure_demux_1.0.0/rtl/instance/apb_secure_demux_register_bridge.sv    833     1000    Cannot resolve hierarchical reference hwif_out.port_3.PERM_ACTIVE_12.rd_req
[25C]    STX_VE_266    STX_VE_266    Syntax      ../../../build/package/top/aixsilicon_ip_apb_secure_demux_1.0.0/ut_top-vcs/src/aixsilicon_ip_apb_secure_demux_1.0.0/rtl/instance/apb_secure_demux_register_bridge.sv    835     1000    Cannot resolve hierarchical reference hwif_out.port_3.PERM_ACTIVE_12.rd_req
[25D]    STX_VE_266    STX_VE_266    Syntax      ../../../build/package/top/aixsilicon_ip_apb_secure_demux_1.0.0/ut_top-vcs/src/aixsilicon_ip_apb_secure_demux_1.0.0/rtl/instance/apb_secure_demux_register_bridge.sv    836     1000    Cannot resolve hierarchical reference hwif_out.port_3.PERM_ACTIVE_13.rd_req
[25E]    STX_VE_266    STX_VE_266    Syntax      ../../../build/package/top/aixsilicon_ip_apb_secure_demux_1.0.0/ut_top-vcs/src/aixsilicon_ip_apb_secure_demux_1.0.0/rtl/instance/apb_secure_demux_register_bridge.sv    838     1000    Cannot resolve hierarchical reference hwif_out.port_3.PERM_ACTIVE_13.rd_req
[25F]    STX_VE_266    STX_VE_266    Syntax      ../../../build/package/top/aixsilicon_ip_apb_secure_demux_1.0.0/ut_top-vcs/src/aixsilicon_ip_apb_secure_demux_1.0.0/rtl/instance/apb_secure_demux_register_bridge.sv    839     1000    Cannot resolve hierarchical reference hwif_out.port_3.PERM_ACTIVE_14.rd_req
[260]    STX_VE_266    STX_VE_266    Syntax      ../../../build/package/top/aixsilicon_ip_apb_secure_demux_1.0.0/ut_top-vcs/src/aixsilicon_ip_apb_secure_demux_1.0.0/rtl/instance/apb_secure_demux_register_bridge.sv    841     1000    Cannot resolve hierarchical reference hwif_out.port_3.PERM_ACTIVE_14.rd_req
[261]    STX_VE_266    STX_VE_266    Syntax      ../../../build/package/top/aixsilicon_ip_apb_secure_demux_1.0.0/ut_top-vcs/src/aixsilicon_ip_apb_secure_demux_1.0.0/rtl/instance/apb_secure_demux_register_bridge.sv    842     1000    Cannot resolve hierarchical reference hwif_out.port_3.PERM_ACTIVE_15.rd_req
[262]    STX_VE_266    STX_VE_266    Syntax      ../../../build/package/top/aixsilicon_ip_apb_secure_demux_1.0.0/ut_top-vcs/src/aixsilicon_ip_apb_secure_demux_1.0.0/rtl/instance/apb_secure_demux_register_bridge.sv    844     1000    Cannot resolve hierarchical reference hwif_out.port_3.PERM_ACTIVE_15.rd_req
[263]    STX_VE_266    STX_VE_266    Syntax      ../../../build/package/top/aixsilicon_ip_apb_secure_demux_1.0.0/ut_top-vcs/src/aixsilicon_ip_apb_secure_demux_1.0.0/rtl/instance/apb_secure_demux_register_bridge.sv    845     1000    Cannot resolve hierarchical reference hwif_out.port_4.MAP_BASE.rd_req
[264]    STX_VE_266    STX_VE_266    Syntax      ../../../build/package/top/aixsilicon_ip_apb_secure_demux_1.0.0/ut_top-vcs/src/aixsilicon_ip_apb_secure_demux_1.0.0/rtl/instance/apb_secure_demux_register_bridge.sv    847     1000    Cannot resolve hierarchical reference hwif_out.port_4.MAP_BASE.rd_req
[265]    STX_VE_266    STX_VE_266    Syntax      ../../../build/package/top/aixsilicon_ip_apb_secure_demux_1.0.0/ut_top-vcs/src/aixsilicon_ip_apb_secure_demux_1.0.0/rtl/instance/apb_secure_demux_register_bridge.sv    848     1000    Cannot resolve hierarchical reference hwif_out.port_4.MAP_LIMIT.rd_req
[266]    STX_VE_266    STX_VE_266    Syntax      ../../../build/package/top/aixsilicon_ip_apb_secure_demux_1.0.0/ut_top-vcs/src/aixsilicon_ip_apb_secure_demux_1.0.0/rtl/instance/apb_secure_demux_register_bridge.sv    850     1000    Cannot resolve hierarchical reference hwif_out.port_4.MAP_LIMIT.rd_req
[267]    STX_VE_266    STX_VE_266    Syntax      ../../../build/package/top/aixsilicon_ip_apb_secure_demux_1.0.0/ut_top-vcs/src/aixsilicon_ip_apb_secure_demux_1.0.0/rtl/instance/apb_secure_demux_register_bridge.sv    851     1000    Cannot resolve hierarchical reference hwif_out.port_4.PORT_LOCK.rd_req
[268]    STX_VE_266    STX_VE_266    Syntax      ../../../build/package/top/aixsilicon_ip_apb_secure_demux_1.0.0/ut_top-vcs/src/aixsilicon_ip_apb_secure_demux_1.0.0/rtl/instance/apb_secure_demux_register_bridge.sv    853     1000    Cannot resolve hierarchical reference hwif_out.port_4.PORT_LOCK.rd_req
[269]    STX_VE_266    STX_VE_266    Syntax      ../../../build/package/top/aixsilicon_ip_apb_secure_demux_1.0.0/ut_top-vcs/src/aixsilicon_ip_apb_secure_demux_1.0.0/rtl/instance/apb_secure_demux_register_bridge.sv    854     1000    Cannot resolve hierarchical reference hwif_out.port_4.PORT_LOCK.wr_req
[26A]    STX_VE_266    STX_VE_266    Syntax      ../../../build/package/top/aixsilicon_ip_apb_secure_demux_1.0.0/ut_top-vcs/src/aixsilicon_ip_apb_secure_demux_1.0.0/rtl/instance/apb_secure_demux_register_bridge.sv    855     1000    Cannot resolve hierarchical reference hwif_out.port_4.PORT_LOCK.wr_req
[26B]    STX_VE_266    STX_VE_266    Syntax      ../../../build/package/top/aixsilicon_ip_apb_secure_demux_1.0.0/ut_top-vcs/src/aixsilicon_ip_apb_secure_demux_1.0.0/rtl/instance/apb_secure_demux_register_bridge.sv    856     1000    Cannot resolve hierarchical reference hwif_out.port_4.CFG_SHADOW.rd_req
[26C]    STX_VE_266    STX_VE_266    Syntax      ../../../build/package/top/aixsilicon_ip_apb_secure_demux_1.0.0/ut_top-vcs/src/aixsilicon_ip_apb_secure_demux_1.0.0/rtl/instance/apb_secure_demux_register_bridge.sv    858     1000    Cannot resolve hierarchical reference hwif_out.port_4.CFG_SHADOW.rd_req
[26D]    STX_VE_266    STX_VE_266    Syntax      ../../../build/package/top/aixsilicon_ip_apb_secure_demux_1.0.0/ut_top-vcs/src/aixsilicon_ip_apb_secure_demux_1.0.0/rtl/instance/apb_secure_demux_register_bridge.sv    859     1000    Cannot resolve hierarchical reference hwif_out.port_4.CFG_SHADOW.wr_req
[26E]    STX_VE_266    STX_VE_266    Syntax      ../../../build/package/top/aixsilicon_ip_apb_secure_demux_1.0.0/ut_top-vcs/src/aixsilicon_ip_apb_secure_demux_1.0.0/rtl/instance/apb_secure_demux_register_bridge.sv    860     1000    Cannot resolve hierarchical reference hwif_out.port_4.CFG_SHADOW.wr_req
[26F]    STX_VE_266    STX_VE_266    Syntax      ../../../build/package/top/aixsilicon_ip_apb_secure_demux_1.0.0/ut_top-vcs/src/aixsilicon_ip_apb_secure_demux_1.0.0/rtl/instance/apb_secure_demux_register_bridge.sv    861     1000    Cannot resolve hierarchical reference hwif_out.port_4.CFG_ACTIVE.rd_req
[270]    STX_VE_266    STX_VE_266    Syntax      ../../../build/package/top/aixsilicon_ip_apb_secure_demux_1.0.0/ut_top-vcs/src/aixsilicon_ip_apb_secure_demux_1.0.0/rtl/instance/apb_secure_demux_register_bridge.sv    863     1000    Cannot resolve hierarchical reference hwif_out.port_4.CFG_ACTIVE.rd_req
[271]    STX_VE_266    STX_VE_266    Syntax      ../../../build/package/top/aixsilicon_ip_apb_secure_demux_1.0.0/ut_top-vcs/src/aixsilicon_ip_apb_secure_demux_1.0.0/rtl/instance/apb_secure_demux_register_bridge.sv    864     1000    Cannot resolve hierarchical reference hwif_out.port_4.SUCCESS_COUNT.rd_req
[272]    STX_VE_266    STX_VE_266    Syntax      ../../../build/package/top/aixsilicon_ip_apb_secure_demux_1.0.0/ut_top-vcs/src/aixsilicon_ip_apb_secure_demux_1.0.0/rtl/instance/apb_secure_demux_register_bridge.sv    866     1000    Cannot resolve hierarchical reference hwif_out.port_4.SUCCESS_COUNT.rd_req
[273]    STX_VE_266    STX_VE_266    Syntax      ../../../build/package/top/aixsilicon_ip_apb_secure_demux_1.0.0/ut_top-vcs/src/aixsilicon_ip_apb_secure_demux_1.0.0/rtl/instance/apb_secure_demux_register_bridge.sv    867     1000    Cannot resolve hierarchical reference hwif_out.port_4.DENY_COUNT.rd_req
[274]    STX_VE_266    STX_VE_266    Syntax      ../../../build/package/top/aixsilicon_ip_apb_secure_demux_1.0.0/ut_top-vcs/src/aixsilicon_ip_apb_secure_demux_1.0.0/rtl/instance/apb_secure_demux_register_bridge.sv    869     1000    Cannot resolve hierarchical reference hwif_out.port_4.DENY_COUNT.rd_req
[275]    STX_VE_266    STX_VE_266    Syntax      ../../../build/package/top/aixsilicon_ip_apb_secure_demux_1.0.0/ut_top-vcs/src/aixsilicon_ip_apb_secure_demux_1.0.0/rtl/instance/apb_secure_demux_register_bridge.sv    870     1000    Cannot resolve hierarchical reference hwif_out.port_4.SLVERR_COUNT.rd_req
[276]    STX_VE_266    STX_VE_266    Syntax      ../../../build/package/top/aixsilicon_ip_apb_secure_demux_1.0.0/ut_top-vcs/src/aixsilicon_ip_apb_secure_demux_1.0.0/rtl/instance/apb_secure_demux_register_bridge.sv    872     1000    Cannot resolve hierarchical reference hwif_out.port_4.SLVERR_COUNT.rd_req
[277]    STX_VE_266    STX_VE_266    Syntax      ../../../build/package/top/aixsilicon_ip_apb_secure_demux_1.0.0/ut_top-vcs/src/aixsilicon_ip_apb_secure_demux_1.0.0/rtl/instance/apb_secure_demux_register_bridge.sv    873     1000    Cannot resolve hierarchical reference hwif_out.port_4.WAIT_TOTAL.rd_req
[278]    STX_VE_266    STX_VE_266    Syntax      ../../../build/package/top/aixsilicon_ip_apb_secure_demux_1.0.0/ut_top-vcs/src/aixsilicon_ip_apb_secure_demux_1.0.0/rtl/instance/apb_secure_demux_register_bridge.sv    875     1000    Cannot resolve hierarchical reference hwif_out.port_4.WAIT_TOTAL.rd_req
[279]    STX_VE_266    STX_VE_266    Syntax      ../../../build/package/top/aixsilicon_ip_apb_secure_demux_1.0.0/ut_top-vcs/src/aixsilicon_ip_apb_secure_demux_1.0.0/rtl/instance/apb_secure_demux_register_bridge.sv    876     1000    Cannot resolve hierarchical reference hwif_out.port_4.WAIT_MAX.rd_req
[27A]    STX_VE_266    STX_VE_266    Syntax      ../../../build/package/top/aixsilicon_ip_apb_secure_demux_1.0.0/ut_top-vcs/src/aixsilicon_ip_apb_secure_demux_1.0.0/rtl/instance/apb_secure_demux_register_bridge.sv    878     1000    Cannot resolve hierarchical reference hwif_out.port_4.WAIT_MAX.rd_req
[27B]    STX_VE_266    STX_VE_266    Syntax      ../../../build/package/top/aixsilicon_ip_apb_secure_demux_1.0.0/ut_top-vcs/src/aixsilicon_ip_apb_secure_demux_1.0.0/rtl/instance/apb_secure_demux_register_bridge.sv    879     1000    Cannot resolve hierarchical reference hwif_out.port_4.DFX_COUNTER_CLEAR.wr_req
[27C]    STX_VE_266    STX_VE_266    Syntax      ../../../build/package/top/aixsilicon_ip_apb_secure_demux_1.0.0/ut_top-vcs/src/aixsilicon_ip_apb_secure_demux_1.0.0/rtl/instance/apb_secure_demux_register_bridge.sv    880     1000    Cannot resolve hierarchical reference hwif_out.port_4.DFX_COUNTER_CLEAR.wr_req
[27D]    STX_VE_266    STX_VE_266    Syntax      ../../../build/package/top/aixsilicon_ip_apb_secure_demux_1.0.0/ut_top-vcs/src/aixsilicon_ip_apb_secure_demux_1.0.0/rtl/instance/apb_secure_demux_register_bridge.sv    881     1000    Cannot resolve hierarchical reference hwif_out.port_4.PERM_SHADOW_0.rd_req
[27E]    STX_VE_266    STX_VE_266    Syntax      ../../../build/package/top/aixsilicon_ip_apb_secure_demux_1.0.0/ut_top-vcs/src/aixsilicon_ip_apb_secure_demux_1.0.0/rtl/instance/apb_secure_demux_register_bridge.sv    883     1000    Cannot resolve hierarchical reference hwif_out.port_4.PERM_SHADOW_0.rd_req
[27F]    STX_VE_266    STX_VE_266    Syntax      ../../../build/package/top/aixsilicon_ip_apb_secure_demux_1.0.0/ut_top-vcs/src/aixsilicon_ip_apb_secure_demux_1.0.0/rtl/instance/apb_secure_demux_register_bridge.sv    884     1000    Cannot resolve hierarchical reference hwif_out.port_4.PERM_SHADOW_0.wr_req
[280]    STX_VE_266    STX_VE_266    Syntax      ../../../build/package/top/aixsilicon_ip_apb_secure_demux_1.0.0/ut_top-vcs/src/aixsilicon_ip_apb_secure_demux_1.0.0/rtl/instance/apb_secure_demux_register_bridge.sv    885     1000    Cannot resolve hierarchical reference hwif_out.port_4.PERM_SHADOW_0.wr_req
[281]    STX_VE_266    STX_VE_266    Syntax      ../../../build/package/top/aixsilicon_ip_apb_secure_demux_1.0.0/ut_top-vcs/src/aixsilicon_ip_apb_secure_demux_1.0.0/rtl/instance/apb_secure_demux_register_bridge.sv    886     1000    Cannot resolve hierarchical reference hwif_out.port_4.PERM_SHADOW_1.rd_req
[282]    STX_VE_266    STX_VE_266    Syntax      ../../../build/package/top/aixsilicon_ip_apb_secure_demux_1.0.0/ut_top-vcs/src/aixsilicon_ip_apb_secure_demux_1.0.0/rtl/instance/apb_secure_demux_register_bridge.sv    888     1000    Cannot resolve hierarchical reference hwif_out.port_4.PERM_SHADOW_1.rd_req
[283]    STX_VE_266    STX_VE_266    Syntax      ../../../build/package/top/aixsilicon_ip_apb_secure_demux_1.0.0/ut_top-vcs/src/aixsilicon_ip_apb_secure_demux_1.0.0/rtl/instance/apb_secure_demux_register_bridge.sv    889     1000    Cannot resolve hierarchical reference hwif_out.port_4.PERM_SHADOW_1.wr_req
[284]    STX_VE_266    STX_VE_266    Syntax      ../../../build/package/top/aixsilicon_ip_apb_secure_demux_1.0.0/ut_top-vcs/src/aixsilicon_ip_apb_secure_demux_1.0.0/rtl/instance/apb_secure_demux_register_bridge.sv    890     1000    Cannot resolve hierarchical reference hwif_out.port_4.PERM_SHADOW_1.wr_req
[285]    STX_VE_266    STX_VE_266    Syntax      ../../../build/package/top/aixsilicon_ip_apb_secure_demux_1.0.0/ut_top-vcs/src/aixsilicon_ip_apb_secure_demux_1.0.0/rtl/instance/apb_secure_demux_register_bridge.sv    891     1000    Cannot resolve hierarchical reference hwif_out.port_4.PERM_SHADOW_2.rd_req
[286]    STX_VE_266    STX_VE_266    Syntax      ../../../build/package/top/aixsilicon_ip_apb_secure_demux_1.0.0/ut_top-vcs/src/aixsilicon_ip_apb_secure_demux_1.0.0/rtl/instance/apb_secure_demux_register_bridge.sv    893     1000    Cannot resolve hierarchical reference hwif_out.port_4.PERM_SHADOW_2.rd_req
[287]    STX_VE_266    STX_VE_266    Syntax      ../../../build/package/top/aixsilicon_ip_apb_secure_demux_1.0.0/ut_top-vcs/src/aixsilicon_ip_apb_secure_demux_1.0.0/rtl/instance/apb_secure_demux_register_bridge.sv    894     1000    Cannot resolve hierarchical reference hwif_out.port_4.PERM_SHADOW_2.wr_req
[288]    STX_VE_266    STX_VE_266    Syntax      ../../../build/package/top/aixsilicon_ip_apb_secure_demux_1.0.0/ut_top-vcs/src/aixsilicon_ip_apb_secure_demux_1.0.0/rtl/instance/apb_secure_demux_register_bridge.sv    895     1000    Cannot resolve hierarchical reference hwif_out.port_4.PERM_SHADOW_2.wr_req
[289]    STX_VE_266    STX_VE_266    Syntax      ../../../build/package/top/aixsilicon_ip_apb_secure_demux_1.0.0/ut_top-vcs/src/aixsilicon_ip_apb_secure_demux_1.0.0/rtl/instance/apb_secure_demux_register_bridge.sv    896     1000    Cannot resolve hierarchical reference hwif_out.port_4.PERM_SHADOW_3.rd_req
[28A]    STX_VE_266    STX_VE_266    Syntax      ../../../build/package/top/aixsilicon_ip_apb_secure_demux_1.0.0/ut_top-vcs/src/aixsilicon_ip_apb_secure_demux_1.0.0/rtl/instance/apb_secure_demux_register_bridge.sv    898     1000    Cannot resolve hierarchical reference hwif_out.port_4.PERM_SHADOW_3.rd_req
[28B]    STX_VE_266    STX_VE_266    Syntax      ../../../build/package/top/aixsilicon_ip_apb_secure_demux_1.0.0/ut_top-vcs/src/aixsilicon_ip_apb_secure_demux_1.0.0/rtl/instance/apb_secure_demux_register_bridge.sv    899     1000    Cannot resolve hierarchical reference hwif_out.port_4.PERM_SHADOW_3.wr_req
[28C]    STX_VE_266    STX_VE_266    Syntax      ../../../build/package/top/aixsilicon_ip_apb_secure_demux_1.0.0/ut_top-vcs/src/aixsilicon_ip_apb_secure_demux_1.0.0/rtl/instance/apb_secure_demux_register_bridge.sv    900     1000    Cannot resolve hierarchical reference hwif_out.port_4.PERM_SHADOW_3.wr_req
[28D]    STX_VE_266    STX_VE_266    Syntax      ../../../build/package/top/aixsilicon_ip_apb_secure_demux_1.0.0/ut_top-vcs/src/aixsilicon_ip_apb_secure_demux_1.0.0/rtl/instance/apb_secure_demux_register_bridge.sv    901     1000    Cannot resolve hierarchical reference hwif_out.port_4.PERM_SHADOW_4.rd_req
[28E]    STX_VE_266    STX_VE_266    Syntax      ../../../build/package/top/aixsilicon_ip_apb_secure_demux_1.0.0/ut_top-vcs/src/aixsilicon_ip_apb_secure_demux_1.0.0/rtl/instance/apb_secure_demux_register_bridge.sv    903     1000    Cannot resolve hierarchical reference hwif_out.port_4.PERM_SHADOW_4.rd_req
[28F]    STX_VE_266    STX_VE_266    Syntax      ../../../build/package/top/aixsilicon_ip_apb_secure_demux_1.0.0/ut_top-vcs/src/aixsilicon_ip_apb_secure_demux_1.0.0/rtl/instance/apb_secure_demux_register_bridge.sv    904     1000    Cannot resolve hierarchical reference hwif_out.port_4.PERM_SHADOW_4.wr_req
[290]    STX_VE_266    STX_VE_266    Syntax      ../../../build/package/top/aixsilicon_ip_apb_secure_demux_1.0.0/ut_top-vcs/src/aixsilicon_ip_apb_secure_demux_1.0.0/rtl/instance/apb_secure_demux_register_bridge.sv    905     1000    Cannot resolve hierarchical reference hwif_out.port_4.PERM_SHADOW_4.wr_req
[291]    STX_VE_266    STX_VE_266    Syntax      ../../../build/package/top/aixsilicon_ip_apb_secure_demux_1.0.0/ut_top-vcs/src/aixsilicon_ip_apb_secure_demux_1.0.0/rtl/instance/apb_secure_demux_register_bridge.sv    906     1000    Cannot resolve hierarchical reference hwif_out.port_4.PERM_SHADOW_5.rd_req
[292]    STX_VE_266    STX_VE_266    Syntax      ../../../build/package/top/aixsilicon_ip_apb_secure_demux_1.0.0/ut_top-vcs/src/aixsilicon_ip_apb_secure_demux_1.0.0/rtl/instance/apb_secure_demux_register_bridge.sv    908     1000    Cannot resolve hierarchical reference hwif_out.port_4.PERM_SHADOW_5.rd_req
[293]    STX_VE_266    STX_VE_266    Syntax      ../../../build/package/top/aixsilicon_ip_apb_secure_demux_1.0.0/ut_top-vcs/src/aixsilicon_ip_apb_secure_demux_1.0.0/rtl/instance/apb_secure_demux_register_bridge.sv    909     1000    Cannot resolve hierarchical reference hwif_out.port_4.PERM_SHADOW_5.wr_req
[294]    STX_VE_266    STX_VE_266    Syntax      ../../../build/package/top/aixsilicon_ip_apb_secure_demux_1.0.0/ut_top-vcs/src/aixsilicon_ip_apb_secure_demux_1.0.0/rtl/instance/apb_secure_demux_register_bridge.sv    910     1000    Cannot resolve hierarchical reference hwif_out.port_4.PERM_SHADOW_5.wr_req
[295]    STX_VE_266    STX_VE_266    Syntax      ../../../build/package/top/aixsilicon_ip_apb_secure_demux_1.0.0/ut_top-vcs/src/aixsilicon_ip_apb_secure_demux_1.0.0/rtl/instance/apb_secure_demux_register_bridge.sv    911     1000    Cannot resolve hierarchical reference hwif_out.port_4.PERM_SHADOW_6.rd_req
[296]    STX_VE_266    STX_VE_266    Syntax      ../../../build/package/top/aixsilicon_ip_apb_secure_demux_1.0.0/ut_top-vcs/src/aixsilicon_ip_apb_secure_demux_1.0.0/rtl/instance/apb_secure_demux_register_bridge.sv    913     1000    Cannot resolve hierarchical reference hwif_out.port_4.PERM_SHADOW_6.rd_req
[297]    STX_VE_266    STX_VE_266    Syntax      ../../../build/package/top/aixsilicon_ip_apb_secure_demux_1.0.0/ut_top-vcs/src/aixsilicon_ip_apb_secure_demux_1.0.0/rtl/instance/apb_secure_demux_register_bridge.sv    914     1000    Cannot resolve hierarchical reference hwif_out.port_4.PERM_SHADOW_6.wr_req
[298]    STX_VE_266    STX_VE_266    Syntax      ../../../build/package/top/aixsilicon_ip_apb_secure_demux_1.0.0/ut_top-vcs/src/aixsilicon_ip_apb_secure_demux_1.0.0/rtl/instance/apb_secure_demux_register_bridge.sv    915     1000    Cannot resolve hierarchical reference hwif_out.port_4.PERM_SHADOW_6.wr_req
[299]    STX_VE_266    STX_VE_266    Syntax      ../../../build/package/top/aixsilicon_ip_apb_secure_demux_1.0.0/ut_top-vcs/src/aixsilicon_ip_apb_secure_demux_1.0.0/rtl/instance/apb_secure_demux_register_bridge.sv    916     1000    Cannot resolve hierarchical reference hwif_out.port_4.PERM_SHADOW_7.rd_req
[29A]    STX_VE_266    STX_VE_266    Syntax      ../../../build/package/top/aixsilicon_ip_apb_secure_demux_1.0.0/ut_top-vcs/src/aixsilicon_ip_apb_secure_demux_1.0.0/rtl/instance/apb_secure_demux_register_bridge.sv    918     1000    Cannot resolve hierarchical reference hwif_out.port_4.PERM_SHADOW_7.rd_req
[29B]    STX_VE_266    STX_VE_266    Syntax      ../../../build/package/top/aixsilicon_ip_apb_secure_demux_1.0.0/ut_top-vcs/src/aixsilicon_ip_apb_secure_demux_1.0.0/rtl/instance/apb_secure_demux_register_bridge.sv    919     1000    Cannot resolve hierarchical reference hwif_out.port_4.PERM_SHADOW_7.wr_req
[29C]    STX_VE_266    STX_VE_266    Syntax      ../../../build/package/top/aixsilicon_ip_apb_secure_demux_1.0.0/ut_top-vcs/src/aixsilicon_ip_apb_secure_demux_1.0.0/rtl/instance/apb_secure_demux_register_bridge.sv    920     1000    Cannot resolve hierarchical reference hwif_out.port_4.PERM_SHADOW_7.wr_req
[29D]    STX_VE_266    STX_VE_266    Syntax      ../../../build/package/top/aixsilicon_ip_apb_secure_demux_1.0.0/ut_top-vcs/src/aixsilicon_ip_apb_secure_demux_1.0.0/rtl/instance/apb_secure_demux_register_bridge.sv    921     1000    Cannot resolve hierarchical reference hwif_out.port_4.PERM_SHADOW_8.rd_req
[29E]    STX_VE_266    STX_VE_266    Syntax      ../../../build/package/top/aixsilicon_ip_apb_secure_demux_1.0.0/ut_top-vcs/src/aixsilicon_ip_apb_secure_demux_1.0.0/rtl/instance/apb_secure_demux_register_bridge.sv    923     1000    Cannot resolve hierarchical reference hwif_out.port_4.PERM_SHADOW_8.rd_req
[29F]    STX_VE_266    STX_VE_266    Syntax      ../../../build/package/top/aixsilicon_ip_apb_secure_demux_1.0.0/ut_top-vcs/src/aixsilicon_ip_apb_secure_demux_1.0.0/rtl/instance/apb_secure_demux_register_bridge.sv    924     1000    Cannot resolve hierarchical reference hwif_out.port_4.PERM_SHADOW_8.wr_req
[2A0]    STX_VE_266    STX_VE_266    Syntax      ../../../build/package/top/aixsilicon_ip_apb_secure_demux_1.0.0/ut_top-vcs/src/aixsilicon_ip_apb_secure_demux_1.0.0/rtl/instance/apb_secure_demux_register_bridge.sv    925     1000    Cannot resolve hierarchical reference hwif_out.port_4.PERM_SHADOW_8.wr_req
[2A1]    STX_VE_266    STX_VE_266    Syntax      ../../../build/package/top/aixsilicon_ip_apb_secure_demux_1.0.0/ut_top-vcs/src/aixsilicon_ip_apb_secure_demux_1.0.0/rtl/instance/apb_secure_demux_register_bridge.sv    926     1000    Cannot resolve hierarchical reference hwif_out.port_4.PERM_SHADOW_9.rd_req
[2A2]    STX_VE_266    STX_VE_266    Syntax      ../../../build/package/top/aixsilicon_ip_apb_secure_demux_1.0.0/ut_top-vcs/src/aixsilicon_ip_apb_secure_demux_1.0.0/rtl/instance/apb_secure_demux_register_bridge.sv    928     1000    Cannot resolve hierarchical reference hwif_out.port_4.PERM_SHADOW_9.rd_req
[2A3]    STX_VE_266    STX_VE_266    Syntax      ../../../build/package/top/aixsilicon_ip_apb_secure_demux_1.0.0/ut_top-vcs/src/aixsilicon_ip_apb_secure_demux_1.0.0/rtl/instance/apb_secure_demux_register_bridge.sv    929     1000    Cannot resolve hierarchical reference hwif_out.port_4.PERM_SHADOW_9.wr_req
[2A4]    STX_VE_266    STX_VE_266    Syntax      ../../../build/package/top/aixsilicon_ip_apb_secure_demux_1.0.0/ut_top-vcs/src/aixsilicon_ip_apb_secure_demux_1.0.0/rtl/instance/apb_secure_demux_register_bridge.sv    930     1000    Cannot resolve hierarchical reference hwif_out.port_4.PERM_SHADOW_9.wr_req
[2A5]    STX_VE_266    STX_VE_266    Syntax      ../../../build/package/top/aixsilicon_ip_apb_secure_demux_1.0.0/ut_top-vcs/src/aixsilicon_ip_apb_secure_demux_1.0.0/rtl/instance/apb_secure_demux_register_bridge.sv    931     1000    Cannot resolve hierarchical reference hwif_out.port_4.PERM_SHADOW_10.rd_req
[2A6]    STX_VE_266    STX_VE_266    Syntax      ../../../build/package/top/aixsilicon_ip_apb_secure_demux_1.0.0/ut_top-vcs/src/aixsilicon_ip_apb_secure_demux_1.0.0/rtl/instance/apb_secure_demux_register_bridge.sv    933     1000    Cannot resolve hierarchical reference hwif_out.port_4.PERM_SHADOW_10.rd_req
[2A7]    STX_VE_266    STX_VE_266    Syntax      ../../../build/package/top/aixsilicon_ip_apb_secure_demux_1.0.0/ut_top-vcs/src/aixsilicon_ip_apb_secure_demux_1.0.0/rtl/instance/apb_secure_demux_register_bridge.sv    934     1000    Cannot resolve hierarchical reference hwif_out.port_4.PERM_SHADOW_10.wr_req
[2A8]    STX_VE_266    STX_VE_266    Syntax      ../../../build/package/top/aixsilicon_ip_apb_secure_demux_1.0.0/ut_top-vcs/src/aixsilicon_ip_apb_secure_demux_1.0.0/rtl/instance/apb_secure_demux_register_bridge.sv    935     1000    Cannot resolve hierarchical reference hwif_out.port_4.PERM_SHADOW_10.wr_req
[2A9]    STX_VE_266    STX_VE_266    Syntax      ../../../build/package/top/aixsilicon_ip_apb_secure_demux_1.0.0/ut_top-vcs/src/aixsilicon_ip_apb_secure_demux_1.0.0/rtl/instance/apb_secure_demux_register_bridge.sv    936     1000    Cannot resolve hierarchical reference hwif_out.port_4.PERM_SHADOW_11.rd_req
[2AA]    STX_VE_266    STX_VE_266    Syntax      ../../../build/package/top/aixsilicon_ip_apb_secure_demux_1.0.0/ut_top-vcs/src/aixsilicon_ip_apb_secure_demux_1.0.0/rtl/instance/apb_secure_demux_register_bridge.sv    938     1000    Cannot resolve hierarchical reference hwif_out.port_4.PERM_SHADOW_11.rd_req
[2AB]    STX_VE_266    STX_VE_266    Syntax      ../../../build/package/top/aixsilicon_ip_apb_secure_demux_1.0.0/ut_top-vcs/src/aixsilicon_ip_apb_secure_demux_1.0.0/rtl/instance/apb_secure_demux_register_bridge.sv    939     1000    Cannot resolve hierarchical reference hwif_out.port_4.PERM_SHADOW_11.wr_req
[2AC]    STX_VE_266    STX_VE_266    Syntax      ../../../build/package/top/aixsilicon_ip_apb_secure_demux_1.0.0/ut_top-vcs/src/aixsilicon_ip_apb_secure_demux_1.0.0/rtl/instance/apb_secure_demux_register_bridge.sv    940     1000    Cannot resolve hierarchical reference hwif_out.port_4.PERM_SHADOW_11.wr_req
[2AD]    STX_VE_266    STX_VE_266    Syntax      ../../../build/package/top/aixsilicon_ip_apb_secure_demux_1.0.0/ut_top-vcs/src/aixsilicon_ip_apb_secure_demux_1.0.0/rtl/instance/apb_secure_demux_register_bridge.sv    941     1000    Cannot resolve hierarchical reference hwif_out.port_4.PERM_SHADOW_12.rd_req
[2AE]    STX_VE_266    STX_VE_266    Syntax      ../../../build/package/top/aixsilicon_ip_apb_secure_demux_1.0.0/ut_top-vcs/src/aixsilicon_ip_apb_secure_demux_1.0.0/rtl/instance/apb_secure_demux_register_bridge.sv    943     1000    Cannot resolve hierarchical reference hwif_out.port_4.PERM_SHADOW_12.rd_req
[2AF]    STX_VE_266    STX_VE_266    Syntax      ../../../build/package/top/aixsilicon_ip_apb_secure_demux_1.0.0/ut_top-vcs/src/aixsilicon_ip_apb_secure_demux_1.0.0/rtl/instance/apb_secure_demux_register_bridge.sv    944     1000    Cannot resolve hierarchical reference hwif_out.port_4.PERM_SHADOW_12.wr_req
[2B0]    STX_VE_266    STX_VE_266    Syntax      ../../../build/package/top/aixsilicon_ip_apb_secure_demux_1.0.0/ut_top-vcs/src/aixsilicon_ip_apb_secure_demux_1.0.0/rtl/instance/apb_secure_demux_register_bridge.sv    945     1000    Cannot resolve hierarchical reference hwif_out.port_4.PERM_SHADOW_12.wr_req
[2B1]    STX_VE_266    STX_VE_266    Syntax      ../../../build/package/top/aixsilicon_ip_apb_secure_demux_1.0.0/ut_top-vcs/src/aixsilicon_ip_apb_secure_demux_1.0.0/rtl/instance/apb_secure_demux_register_bridge.sv    946     1000    Cannot resolve hierarchical reference hwif_out.port_4.PERM_SHADOW_13.rd_req
[2B2]    STX_VE_266    STX_VE_266    Syntax      ../../../build/package/top/aixsilicon_ip_apb_secure_demux_1.0.0/ut_top-vcs/src/aixsilicon_ip_apb_secure_demux_1.0.0/rtl/instance/apb_secure_demux_register_bridge.sv    948     1000    Cannot resolve hierarchical reference hwif_out.port_4.PERM_SHADOW_13.rd_req
[2B3]    STX_VE_266    STX_VE_266    Syntax      ../../../build/package/top/aixsilicon_ip_apb_secure_demux_1.0.0/ut_top-vcs/src/aixsilicon_ip_apb_secure_demux_1.0.0/rtl/instance/apb_secure_demux_register_bridge.sv    949     1000    Cannot resolve hierarchical reference hwif_out.port_4.PERM_SHADOW_13.wr_req
[2B4]    STX_VE_266    STX_VE_266    Syntax      ../../../build/package/top/aixsilicon_ip_apb_secure_demux_1.0.0/ut_top-vcs/src/aixsilicon_ip_apb_secure_demux_1.0.0/rtl/instance/apb_secure_demux_register_bridge.sv    950     1000    Cannot resolve hierarchical reference hwif_out.port_4.PERM_SHADOW_13.wr_req
[2B5]    STX_VE_266    STX_VE_266    Syntax      ../../../build/package/top/aixsilicon_ip_apb_secure_demux_1.0.0/ut_top-vcs/src/aixsilicon_ip_apb_secure_demux_1.0.0/rtl/instance/apb_secure_demux_register_bridge.sv    951     1000    Cannot resolve hierarchical reference hwif_out.port_4.PERM_SHADOW_14.rd_req
[2B6]    STX_VE_266    STX_VE_266    Syntax      ../../../build/package/top/aixsilicon_ip_apb_secure_demux_1.0.0/ut_top-vcs/src/aixsilicon_ip_apb_secure_demux_1.0.0/rtl/instance/apb_secure_demux_register_bridge.sv    953     1000    Cannot resolve hierarchical reference hwif_out.port_4.PERM_SHADOW_14.rd_req
[2B7]    STX_VE_266    STX_VE_266    Syntax      ../../../build/package/top/aixsilicon_ip_apb_secure_demux_1.0.0/ut_top-vcs/src/aixsilicon_ip_apb_secure_demux_1.0.0/rtl/instance/apb_secure_demux_register_bridge.sv    954     1000    Cannot resolve hierarchical reference hwif_out.port_4.PERM_SHADOW_14.wr_req
[2B8]    STX_VE_266    STX_VE_266    Syntax      ../../../build/package/top/aixsilicon_ip_apb_secure_demux_1.0.0/ut_top-vcs/src/aixsilicon_ip_apb_secure_demux_1.0.0/rtl/instance/apb_secure_demux_register_bridge.sv    955     1000    Cannot resolve hierarchical reference hwif_out.port_4.PERM_SHADOW_14.wr_req
[2B9]    STX_VE_266    STX_VE_266    Syntax      ../../../build/package/top/aixsilicon_ip_apb_secure_demux_1.0.0/ut_top-vcs/src/aixsilicon_ip_apb_secure_demux_1.0.0/rtl/instance/apb_secure_demux_register_bridge.sv    956     1000    Cannot resolve hierarchical reference hwif_out.port_4.PERM_SHADOW_15.rd_req
[2BA]    STX_VE_266    STX_VE_266    Syntax      ../../../build/package/top/aixsilicon_ip_apb_secure_demux_1.0.0/ut_top-vcs/src/aixsilicon_ip_apb_secure_demux_1.0.0/rtl/instance/apb_secure_demux_register_bridge.sv    958     1000    Cannot resolve hierarchical reference hwif_out.port_4.PERM_SHADOW_15.rd_req
[2BB]    STX_VE_266    STX_VE_266    Syntax      ../../../build/package/top/aixsilicon_ip_apb_secure_demux_1.0.0/ut_top-vcs/src/aixsilicon_ip_apb_secure_demux_1.0.0/rtl/instance/apb_secure_demux_register_bridge.sv    959     1000    Cannot resolve hierarchical reference hwif_out.port_4.PERM_SHADOW_15.wr_req
[2BC]    STX_VE_266    STX_VE_266    Syntax      ../../../build/package/top/aixsilicon_ip_apb_secure_demux_1.0.0/ut_top-vcs/src/aixsilicon_ip_apb_secure_demux_1.0.0/rtl/instance/apb_secure_demux_register_bridge.sv    960     1000    Cannot resolve hierarchical reference hwif_out.port_4.PERM_SHADOW_15.wr_req
[2BD]    STX_VE_266    STX_VE_266    Syntax      ../../../build/package/top/aixsilicon_ip_apb_secure_demux_1.0.0/ut_top-vcs/src/aixsilicon_ip_apb_secure_demux_1.0.0/rtl/instance/apb_secure_demux_register_bridge.sv    961     1000    Cannot resolve hierarchical reference hwif_out.port_4.PERM_ACTIVE_0.rd_req
[2BE]    STX_VE_266    STX_VE_266    Syntax      ../../../build/package/top/aixsilicon_ip_apb_secure_demux_1.0.0/ut_top-vcs/src/aixsilicon_ip_apb_secure_demux_1.0.0/rtl/instance/apb_secure_demux_register_bridge.sv    963     1000    Cannot resolve hierarchical reference hwif_out.port_4.PERM_ACTIVE_0.rd_req
[2BF]    STX_VE_266    STX_VE_266    Syntax      ../../../build/package/top/aixsilicon_ip_apb_secure_demux_1.0.0/ut_top-vcs/src/aixsilicon_ip_apb_secure_demux_1.0.0/rtl/instance/apb_secure_demux_register_bridge.sv    964     1000    Cannot resolve hierarchical reference hwif_out.port_4.PERM_ACTIVE_1.rd_req
[2C0]    STX_VE_266    STX_VE_266    Syntax      ../../../build/package/top/aixsilicon_ip_apb_secure_demux_1.0.0/ut_top-vcs/src/aixsilicon_ip_apb_secure_demux_1.0.0/rtl/instance/apb_secure_demux_register_bridge.sv    966     1000    Cannot resolve hierarchical reference hwif_out.port_4.PERM_ACTIVE_1.rd_req
[2C1]    STX_VE_266    STX_VE_266    Syntax      ../../../build/package/top/aixsilicon_ip_apb_secure_demux_1.0.0/ut_top-vcs/src/aixsilicon_ip_apb_secure_demux_1.0.0/rtl/instance/apb_secure_demux_register_bridge.sv    967     1000    Cannot resolve hierarchical reference hwif_out.port_4.PERM_ACTIVE_2.rd_req
[2C2]    STX_VE_266    STX_VE_266    Syntax      ../../../build/package/top/aixsilicon_ip_apb_secure_demux_1.0.0/ut_top-vcs/src/aixsilicon_ip_apb_secure_demux_1.0.0/rtl/instance/apb_secure_demux_register_bridge.sv    969     1000    Cannot resolve hierarchical reference hwif_out.port_4.PERM_ACTIVE_2.rd_req
[2C3]    STX_VE_266    STX_VE_266    Syntax      ../../../build/package/top/aixsilicon_ip_apb_secure_demux_1.0.0/ut_top-vcs/src/aixsilicon_ip_apb_secure_demux_1.0.0/rtl/instance/apb_secure_demux_register_bridge.sv    970     1000    Cannot resolve hierarchical reference hwif_out.port_4.PERM_ACTIVE_3.rd_req
[2C4]    STX_VE_266    STX_VE_266    Syntax      ../../../build/package/top/aixsilicon_ip_apb_secure_demux_1.0.0/ut_top-vcs/src/aixsilicon_ip_apb_secure_demux_1.0.0/rtl/instance/apb_secure_demux_register_bridge.sv    972     1000    Cannot resolve hierarchical reference hwif_out.port_4.PERM_ACTIVE_3.rd_req
[2C5]    STX_VE_266    STX_VE_266    Syntax      ../../../build/package/top/aixsilicon_ip_apb_secure_demux_1.0.0/ut_top-vcs/src/aixsilicon_ip_apb_secure_demux_1.0.0/rtl/instance/apb_secure_demux_register_bridge.sv    973     1000    Cannot resolve hierarchical reference hwif_out.port_4.PERM_ACTIVE_4.rd_req
[2C6]    STX_VE_266    STX_VE_266    Syntax      ../../../build/package/top/aixsilicon_ip_apb_secure_demux_1.0.0/ut_top-vcs/src/aixsilicon_ip_apb_secure_demux_1.0.0/rtl/instance/apb_secure_demux_register_bridge.sv    975     1000    Cannot resolve hierarchical reference hwif_out.port_4.PERM_ACTIVE_4.rd_req
[2C7]    STX_VE_266    STX_VE_266    Syntax      ../../../build/package/top/aixsilicon_ip_apb_secure_demux_1.0.0/ut_top-vcs/src/aixsilicon_ip_apb_secure_demux_1.0.0/rtl/instance/apb_secure_demux_register_bridge.sv    976     1000    Cannot resolve hierarchical reference hwif_out.port_4.PERM_ACTIVE_5.rd_req
[2C8]    STX_VE_266    STX_VE_266    Syntax      ../../../build/package/top/aixsilicon_ip_apb_secure_demux_1.0.0/ut_top-vcs/src/aixsilicon_ip_apb_secure_demux_1.0.0/rtl/instance/apb_secure_demux_register_bridge.sv    978     1000    Cannot resolve hierarchical reference hwif_out.port_4.PERM_ACTIVE_5.rd_req
[2C9]    STX_VE_266    STX_VE_266    Syntax      ../../../build/package/top/aixsilicon_ip_apb_secure_demux_1.0.0/ut_top-vcs/src/aixsilicon_ip_apb_secure_demux_1.0.0/rtl/instance/apb_secure_demux_register_bridge.sv    979     1000    Cannot resolve hierarchical reference hwif_out.port_4.PERM_ACTIVE_6.rd_req
[2CA]    STX_VE_266    STX_VE_266    Syntax      ../../../build/package/top/aixsilicon_ip_apb_secure_demux_1.0.0/ut_top-vcs/src/aixsilicon_ip_apb_secure_demux_1.0.0/rtl/instance/apb_secure_demux_register_bridge.sv    981     1000    Cannot resolve hierarchical reference hwif_out.port_4.PERM_ACTIVE_6.rd_req
[2CB]    STX_VE_266    STX_VE_266    Syntax      ../../../build/package/top/aixsilicon_ip_apb_secure_demux_1.0.0/ut_top-vcs/src/aixsilicon_ip_apb_secure_demux_1.0.0/rtl/instance/apb_secure_demux_register_bridge.sv    982     1000    Cannot resolve hierarchical reference hwif_out.port_4.PERM_ACTIVE_7.rd_req
[2CC]    STX_VE_266    STX_VE_266    Syntax      ../../../build/package/top/aixsilicon_ip_apb_secure_demux_1.0.0/ut_top-vcs/src/aixsilicon_ip_apb_secure_demux_1.0.0/rtl/instance/apb_secure_demux_register_bridge.sv    984     1000    Cannot resolve hierarchical reference hwif_out.port_4.PERM_ACTIVE_7.rd_req
[2CD]    STX_VE_266    STX_VE_266    Syntax      ../../../build/package/top/aixsilicon_ip_apb_secure_demux_1.0.0/ut_top-vcs/src/aixsilicon_ip_apb_secure_demux_1.0.0/rtl/instance/apb_secure_demux_register_bridge.sv    985     1000    Cannot resolve hierarchical reference hwif_out.port_4.PERM_ACTIVE_8.rd_req
[2CE]    STX_VE_266    STX_VE_266    Syntax      ../../../build/package/top/aixsilicon_ip_apb_secure_demux_1.0.0/ut_top-vcs/src/aixsilicon_ip_apb_secure_demux_1.0.0/rtl/instance/apb_secure_demux_register_bridge.sv    987     1000    Cannot resolve hierarchical reference hwif_out.port_4.PERM_ACTIVE_8.rd_req
[2CF]    STX_VE_266    STX_VE_266    Syntax      ../../../build/package/top/aixsilicon_ip_apb_secure_demux_1.0.0/ut_top-vcs/src/aixsilicon_ip_apb_secure_demux_1.0.0/rtl/instance/apb_secure_demux_register_bridge.sv    988     1000    Cannot resolve hierarchical reference hwif_out.port_4.PERM_ACTIVE_9.rd_req
[2D0]    STX_VE_266    STX_VE_266    Syntax      ../../../build/package/top/aixsilicon_ip_apb_secure_demux_1.0.0/ut_top-vcs/src/aixsilicon_ip_apb_secure_demux_1.0.0/rtl/instance/apb_secure_demux_register_bridge.sv    990     1000    Cannot resolve hierarchical reference hwif_out.port_4.PERM_ACTIVE_9.rd_req
[2D1]    STX_VE_266    STX_VE_266    Syntax      ../../../build/package/top/aixsilicon_ip_apb_secure_demux_1.0.0/ut_top-vcs/src/aixsilicon_ip_apb_secure_demux_1.0.0/rtl/instance/apb_secure_demux_register_bridge.sv    991     1000    Cannot resolve hierarchical reference hwif_out.port_4.PERM_ACTIVE_10.rd_req
[2D2]    STX_VE_266    STX_VE_266    Syntax      ../../../build/package/top/aixsilicon_ip_apb_secure_demux_1.0.0/ut_top-vcs/src/aixsilicon_ip_apb_secure_demux_1.0.0/rtl/instance/apb_secure_demux_register_bridge.sv    993     1000    Cannot resolve hierarchical reference hwif_out.port_4.PERM_ACTIVE_10.rd_req
[2D3]    STX_VE_266    STX_VE_266    Syntax      ../../../build/package/top/aixsilicon_ip_apb_secure_demux_1.0.0/ut_top-vcs/src/aixsilicon_ip_apb_secure_demux_1.0.0/rtl/instance/apb_secure_demux_register_bridge.sv    994     1000    Cannot resolve hierarchical reference hwif_out.port_4.PERM_ACTIVE_11.rd_req
[2D4]    STX_VE_266    STX_VE_266    Syntax      ../../../build/package/top/aixsilicon_ip_apb_secure_demux_1.0.0/ut_top-vcs/src/aixsilicon_ip_apb_secure_demux_1.0.0/rtl/instance/apb_secure_demux_register_bridge.sv    996     1000    Cannot resolve hierarchical reference hwif_out.port_4.PERM_ACTIVE_11.rd_req
[2D5]    STX_VE_266    STX_VE_266    Syntax      ../../../build/package/top/aixsilicon_ip_apb_secure_demux_1.0.0/ut_top-vcs/src/aixsilicon_ip_apb_secure_demux_1.0.0/rtl/instance/apb_secure_demux_register_bridge.sv    997     1000    Cannot resolve hierarchical reference hwif_out.port_4.PERM_ACTIVE_12.rd_req
[2D6]    STX_VE_266    STX_VE_266    Syntax      ../../../build/package/top/aixsilicon_ip_apb_secure_demux_1.0.0/ut_top-vcs/src/aixsilicon_ip_apb_secure_demux_1.0.0/rtl/instance/apb_secure_demux_register_bridge.sv    999     1000    Cannot resolve hierarchical reference hwif_out.port_4.PERM_ACTIVE_12.rd_req
[2D7]    STX_VE_266    STX_VE_266    Syntax      ../../../build/package/top/aixsilicon_ip_apb_secure_demux_1.0.0/ut_top-vcs/src/aixsilicon_ip_apb_secure_demux_1.0.0/rtl/instance/apb_secure_demux_register_bridge.sv    1000    1000    Cannot resolve hierarchical reference hwif_out.port_4.PERM_ACTIVE_13.rd_req
[2D8]    STX_VE_266    STX_VE_266    Syntax      ../../../build/package/top/aixsilicon_ip_apb_secure_demux_1.0.0/ut_top-vcs/src/aixsilicon_ip_apb_secure_demux_1.0.0/rtl/instance/apb_secure_demux_register_bridge.sv    1002    1000    Cannot resolve hierarchical reference hwif_out.port_4.PERM_ACTIVE_13.rd_req
[2D9]    STX_VE_266    STX_VE_266    Syntax      ../../../build/package/top/aixsilicon_ip_apb_secure_demux_1.0.0/ut_top-vcs/src/aixsilicon_ip_apb_secure_demux_1.0.0/rtl/instance/apb_secure_demux_register_bridge.sv    1003    1000    Cannot resolve hierarchical reference hwif_out.port_4.PERM_ACTIVE_14.rd_req
[2DA]    STX_VE_266    STX_VE_266    Syntax      ../../../build/package/top/aixsilicon_ip_apb_secure_demux_1.0.0/ut_top-vcs/src/aixsilicon_ip_apb_secure_demux_1.0.0/rtl/instance/apb_secure_demux_register_bridge.sv    1005    1000    Cannot resolve hierarchical reference hwif_out.port_4.PERM_ACTIVE_14.rd_req
[2DB]    STX_VE_266    STX_VE_266    Syntax      ../../../build/package/top/aixsilicon_ip_apb_secure_demux_1.0.0/ut_top-vcs/src/aixsilicon_ip_apb_secure_demux_1.0.0/rtl/instance/apb_secure_demux_register_bridge.sv    1006    1000    Cannot resolve hierarchical reference hwif_out.port_4.PERM_ACTIVE_15.rd_req
[2DC]    STX_VE_266    STX_VE_266    Syntax      ../../../build/package/top/aixsilicon_ip_apb_secure_demux_1.0.0/ut_top-vcs/src/aixsilicon_ip_apb_secure_demux_1.0.0/rtl/instance/apb_secure_demux_register_bridge.sv    1008    1000    Cannot resolve hierarchical reference hwif_out.port_4.PERM_ACTIVE_15.rd_req
[2DD]    STX_VE_266    STX_VE_266    Syntax      ../../../build/package/top/aixsilicon_ip_apb_secure_demux_1.0.0/ut_top-vcs/src/aixsilicon_ip_apb_secure_demux_1.0.0/rtl/instance/apb_secure_demux_register_bridge.sv    1009    1000    Cannot resolve hierarchical reference hwif_out.port_5.MAP_BASE.rd_req
[2DE]    STX_VE_266    STX_VE_266    Syntax      ../../../build/package/top/aixsilicon_ip_apb_secure_demux_1.0.0/ut_top-vcs/src/aixsilicon_ip_apb_secure_demux_1.0.0/rtl/instance/apb_secure_demux_register_bridge.sv    1011    1000    Cannot resolve hierarchical reference hwif_out.port_5.MAP_BASE.rd_req
[2DF]    STX_VE_266    STX_VE_266    Syntax      ../../../build/package/top/aixsilicon_ip_apb_secure_demux_1.0.0/ut_top-vcs/src/aixsilicon_ip_apb_secure_demux_1.0.0/rtl/instance/apb_secure_demux_register_bridge.sv    1012    1000    Cannot resolve hierarchical reference hwif_out.port_5.MAP_LIMIT.rd_req
[2E0]    STX_VE_266    STX_VE_266    Syntax      ../../../build/package/top/aixsilicon_ip_apb_secure_demux_1.0.0/ut_top-vcs/src/aixsilicon_ip_apb_secure_demux_1.0.0/rtl/instance/apb_secure_demux_register_bridge.sv    1014    1000    Cannot resolve hierarchical reference hwif_out.port_5.MAP_LIMIT.rd_req
[2E1]    STX_VE_266    STX_VE_266    Syntax      ../../../build/package/top/aixsilicon_ip_apb_secure_demux_1.0.0/ut_top-vcs/src/aixsilicon_ip_apb_secure_demux_1.0.0/rtl/instance/apb_secure_demux_register_bridge.sv    1015    1000    Cannot resolve hierarchical reference hwif_out.port_5.PORT_LOCK.rd_req
[2E2]    STX_VE_266    STX_VE_266    Syntax      ../../../build/package/top/aixsilicon_ip_apb_secure_demux_1.0.0/ut_top-vcs/src/aixsilicon_ip_apb_secure_demux_1.0.0/rtl/instance/apb_secure_demux_register_bridge.sv    1017    1000    Cannot resolve hierarchical reference hwif_out.port_5.PORT_LOCK.rd_req
[2E3]    STX_VE_266    STX_VE_266    Syntax      ../../../build/package/top/aixsilicon_ip_apb_secure_demux_1.0.0/ut_top-vcs/src/aixsilicon_ip_apb_secure_demux_1.0.0/rtl/instance/apb_secure_demux_register_bridge.sv    1018    1000    Cannot resolve hierarchical reference hwif_out.port_5.PORT_LOCK.wr_req
[2E4]    STX_VE_266    STX_VE_266    Syntax      ../../../build/package/top/aixsilicon_ip_apb_secure_demux_1.0.0/ut_top-vcs/src/aixsilicon_ip_apb_secure_demux_1.0.0/rtl/instance/apb_secure_demux_register_bridge.sv    1019    1000    Cannot resolve hierarchical reference hwif_out.port_5.PORT_LOCK.wr_req
[2E5]    STX_VE_266    STX_VE_266    Syntax      ../../../build/package/top/aixsilicon_ip_apb_secure_demux_1.0.0/ut_top-vcs/src/aixsilicon_ip_apb_secure_demux_1.0.0/rtl/instance/apb_secure_demux_register_bridge.sv    1020    1000    Cannot resolve hierarchical reference hwif_out.port_5.CFG_SHADOW.rd_req
[2E6]    STX_VE_266    STX_VE_266    Syntax      ../../../build/package/top/aixsilicon_ip_apb_secure_demux_1.0.0/ut_top-vcs/src/aixsilicon_ip_apb_secure_demux_1.0.0/rtl/instance/apb_secure_demux_register_bridge.sv    1022    1000    Cannot resolve hierarchical reference hwif_out.port_5.CFG_SHADOW.rd_req
[2E7]    STX_VE_266    STX_VE_266    Syntax      ../../../build/package/top/aixsilicon_ip_apb_secure_demux_1.0.0/ut_top-vcs/src/aixsilicon_ip_apb_secure_demux_1.0.0/rtl/instance/apb_secure_demux_register_bridge.sv    1023    1000    Cannot resolve hierarchical reference hwif_out.port_5.CFG_SHADOW.wr_req
[2E8]    STX_VE_266    STX_VE_266    Syntax      ../../../build/package/top/aixsilicon_ip_apb_secure_demux_1.0.0/ut_top-vcs/src/aixsilicon_ip_apb_secure_demux_1.0.0/rtl/instance/apb_secure_demux_register_bridge.sv    1024    1000    Cannot resolve hierarchical reference hwif_out.port_5.CFG_SHADOW.wr_req
[2E9]    STX_VE_266    STX_VE_266    Syntax      ../../../build/package/top/aixsilicon_ip_apb_secure_demux_1.0.0/ut_top-vcs/src/aixsilicon_ip_apb_secure_demux_1.0.0/rtl/instance/apb_secure_demux_register_bridge.sv    1025    1000    Cannot resolve hierarchical reference hwif_out.port_5.CFG_ACTIVE.rd_req
[2EA]    STX_VE_266    STX_VE_266    Syntax      ../../../build/package/top/aixsilicon_ip_apb_secure_demux_1.0.0/ut_top-vcs/src/aixsilicon_ip_apb_secure_demux_1.0.0/rtl/instance/apb_secure_demux_register_bridge.sv    1027    1000    Cannot resolve hierarchical reference hwif_out.port_5.CFG_ACTIVE.rd_req
[2EB]    STX_VE_266    STX_VE_266    Syntax      ../../../build/package/top/aixsilicon_ip_apb_secure_demux_1.0.0/ut_top-vcs/src/aixsilicon_ip_apb_secure_demux_1.0.0/rtl/instance/apb_secure_demux_register_bridge.sv    1028    1000    Cannot resolve hierarchical reference hwif_out.port_5.SUCCESS_COUNT.rd_req
[2EC]    STX_VE_266    STX_VE_266    Syntax      ../../../build/package/top/aixsilicon_ip_apb_secure_demux_1.0.0/ut_top-vcs/src/aixsilicon_ip_apb_secure_demux_1.0.0/rtl/instance/apb_secure_demux_register_bridge.sv    1030    1000    Cannot resolve hierarchical reference hwif_out.port_5.SUCCESS_COUNT.rd_req
[2ED]    STX_VE_266    STX_VE_266    Syntax      ../../../build/package/top/aixsilicon_ip_apb_secure_demux_1.0.0/ut_top-vcs/src/aixsilicon_ip_apb_secure_demux_1.0.0/rtl/instance/apb_secure_demux_register_bridge.sv    1031    1000    Cannot resolve hierarchical reference hwif_out.port_5.DENY_COUNT.rd_req
[2EE]    STX_VE_266    STX_VE_266    Syntax      ../../../build/package/top/aixsilicon_ip_apb_secure_demux_1.0.0/ut_top-vcs/src/aixsilicon_ip_apb_secure_demux_1.0.0/rtl/instance/apb_secure_demux_register_bridge.sv    1033    1000    Cannot resolve hierarchical reference hwif_out.port_5.DENY_COUNT.rd_req
[2EF]    STX_VE_266    STX_VE_266    Syntax      ../../../build/package/top/aixsilicon_ip_apb_secure_demux_1.0.0/ut_top-vcs/src/aixsilicon_ip_apb_secure_demux_1.0.0/rtl/instance/apb_secure_demux_register_bridge.sv    1034    1000    Cannot resolve hierarchical reference hwif_out.port_5.SLVERR_COUNT.rd_req
[2F0]    STX_VE_266    STX_VE_266    Syntax      ../../../build/package/top/aixsilicon_ip_apb_secure_demux_1.0.0/ut_top-vcs/src/aixsilicon_ip_apb_secure_demux_1.0.0/rtl/instance/apb_secure_demux_register_bridge.sv    1036    1000    Cannot resolve hierarchical reference hwif_out.port_5.SLVERR_COUNT.rd_req
[2F1]    STX_VE_266    STX_VE_266    Syntax      ../../../build/package/top/aixsilicon_ip_apb_secure_demux_1.0.0/ut_top-vcs/src/aixsilicon_ip_apb_secure_demux_1.0.0/rtl/instance/apb_secure_demux_register_bridge.sv    1037    1000    Cannot resolve hierarchical reference hwif_out.port_5.WAIT_TOTAL.rd_req
[2F2]    STX_VE_266    STX_VE_266    Syntax      ../../../build/package/top/aixsilicon_ip_apb_secure_demux_1.0.0/ut_top-vcs/src/aixsilicon_ip_apb_secure_demux_1.0.0/rtl/instance/apb_secure_demux_register_bridge.sv    1039    1000    Cannot resolve hierarchical reference hwif_out.port_5.WAIT_TOTAL.rd_req
[2F3]    STX_VE_266    STX_VE_266    Syntax      ../../../build/package/top/aixsilicon_ip_apb_secure_demux_1.0.0/ut_top-vcs/src/aixsilicon_ip_apb_secure_demux_1.0.0/rtl/instance/apb_secure_demux_register_bridge.sv    1040    1000    Cannot resolve hierarchical reference hwif_out.port_5.WAIT_MAX.rd_req
[2F4]    STX_VE_266    STX_VE_266    Syntax      ../../../build/package/top/aixsilicon_ip_apb_secure_demux_1.0.0/ut_top-vcs/src/aixsilicon_ip_apb_secure_demux_1.0.0/rtl/instance/apb_secure_demux_register_bridge.sv    1042    1000    Cannot resolve hierarchical reference hwif_out.port_5.WAIT_MAX.rd_req
[2F5]    STX_VE_266    STX_VE_266    Syntax      ../../../build/package/top/aixsilicon_ip_apb_secure_demux_1.0.0/ut_top-vcs/src/aixsilicon_ip_apb_secure_demux_1.0.0/rtl/instance/apb_secure_demux_register_bridge.sv    1043    1000    Cannot resolve hierarchical reference hwif_out.port_5.DFX_COUNTER_CLEAR.wr_req
[2F6]    STX_VE_266    STX_VE_266    Syntax      ../../../build/package/top/aixsilicon_ip_apb_secure_demux_1.0.0/ut_top-vcs/src/aixsilicon_ip_apb_secure_demux_1.0.0/rtl/instance/apb_secure_demux_register_bridge.sv    1044    1000    Cannot resolve hierarchical reference hwif_out.port_5.DFX_COUNTER_CLEAR.wr_req
[2F7]    STX_VE_266    STX_VE_266    Syntax      ../../../build/package/top/aixsilicon_ip_apb_secure_demux_1.0.0/ut_top-vcs/src/aixsilicon_ip_apb_secure_demux_1.0.0/rtl/instance/apb_secure_demux_register_bridge.sv    1045    1000    Cannot resolve hierarchical reference hwif_out.port_5.PERM_SHADOW_0.rd_req
[2F8]    STX_VE_266    STX_VE_266    Syntax      ../../../build/package/top/aixsilicon_ip_apb_secure_demux_1.0.0/ut_top-vcs/src/aixsilicon_ip_apb_secure_demux_1.0.0/rtl/instance/apb_secure_demux_register_bridge.sv    1047    1000    Cannot resolve hierarchical reference hwif_out.port_5.PERM_SHADOW_0.rd_req
[2F9]    STX_VE_266    STX_VE_266    Syntax      ../../../build/package/top/aixsilicon_ip_apb_secure_demux_1.0.0/ut_top-vcs/src/aixsilicon_ip_apb_secure_demux_1.0.0/rtl/instance/apb_secure_demux_register_bridge.sv    1048    1000    Cannot resolve hierarchical reference hwif_out.port_5.PERM_SHADOW_0.wr_req
[2FA]    STX_VE_266    STX_VE_266    Syntax      ../../../build/package/top/aixsilicon_ip_apb_secure_demux_1.0.0/ut_top-vcs/src/aixsilicon_ip_apb_secure_demux_1.0.0/rtl/instance/apb_secure_demux_register_bridge.sv    1049    1000    Cannot resolve hierarchical reference hwif_out.port_5.PERM_SHADOW_0.wr_req
[2FB]    STX_VE_266    STX_VE_266    Syntax      ../../../build/package/top/aixsilicon_ip_apb_secure_demux_1.0.0/ut_top-vcs/src/aixsilicon_ip_apb_secure_demux_1.0.0/rtl/instance/apb_secure_demux_register_bridge.sv    1050    1000    Cannot resolve hierarchical reference hwif_out.port_5.PERM_SHADOW_1.rd_req
[2FC]    STX_VE_266    STX_VE_266    Syntax      ../../../build/package/top/aixsilicon_ip_apb_secure_demux_1.0.0/ut_top-vcs/src/aixsilicon_ip_apb_secure_demux_1.0.0/rtl/instance/apb_secure_demux_register_bridge.sv    1052    1000    Cannot resolve hierarchical reference hwif_out.port_5.PERM_SHADOW_1.rd_req
[2FD]    STX_VE_266    STX_VE_266    Syntax      ../../../build/package/top/aixsilicon_ip_apb_secure_demux_1.0.0/ut_top-vcs/src/aixsilicon_ip_apb_secure_demux_1.0.0/rtl/instance/apb_secure_demux_register_bridge.sv    1053    1000    Cannot resolve hierarchical reference hwif_out.port_5.PERM_SHADOW_1.wr_req
[2FE]    STX_VE_266    STX_VE_266    Syntax      ../../../build/package/top/aixsilicon_ip_apb_secure_demux_1.0.0/ut_top-vcs/src/aixsilicon_ip_apb_secure_demux_1.0.0/rtl/instance/apb_secure_demux_register_bridge.sv    1054    1000    Cannot resolve hierarchical reference hwif_out.port_5.PERM_SHADOW_1.wr_req
[2FF]    STX_VE_266    STX_VE_266    Syntax      ../../../build/package/top/aixsilicon_ip_apb_secure_demux_1.0.0/ut_top-vcs/src/aixsilicon_ip_apb_secure_demux_1.0.0/rtl/instance/apb_secure_demux_register_bridge.sv    1055    1000    Cannot resolve hierarchical reference hwif_out.port_5.PERM_SHADOW_2.rd_req
[300]    STX_VE_266    STX_VE_266    Syntax      ../../../build/package/top/aixsilicon_ip_apb_secure_demux_1.0.0/ut_top-vcs/src/aixsilicon_ip_apb_secure_demux_1.0.0/rtl/instance/apb_secure_demux_register_bridge.sv    1057    1000    Cannot resolve hierarchical reference hwif_out.port_5.PERM_SHADOW_2.rd_req
[301]    STX_VE_266    STX_VE_266    Syntax      ../../../build/package/top/aixsilicon_ip_apb_secure_demux_1.0.0/ut_top-vcs/src/aixsilicon_ip_apb_secure_demux_1.0.0/rtl/instance/apb_secure_demux_register_bridge.sv    1058    1000    Cannot resolve hierarchical reference hwif_out.port_5.PERM_SHADOW_2.wr_req
[302]    STX_VE_266    STX_VE_266    Syntax      ../../../build/package/top/aixsilicon_ip_apb_secure_demux_1.0.0/ut_top-vcs/src/aixsilicon_ip_apb_secure_demux_1.0.0/rtl/instance/apb_secure_demux_register_bridge.sv    1059    1000    Cannot resolve hierarchical reference hwif_out.port_5.PERM_SHADOW_2.wr_req
[303]    STX_VE_266    STX_VE_266    Syntax      ../../../build/package/top/aixsilicon_ip_apb_secure_demux_1.0.0/ut_top-vcs/src/aixsilicon_ip_apb_secure_demux_1.0.0/rtl/instance/apb_secure_demux_register_bridge.sv    1060    1000    Cannot resolve hierarchical reference hwif_out.port_5.PERM_SHADOW_3.rd_req
[304]    STX_VE_266    STX_VE_266    Syntax      ../../../build/package/top/aixsilicon_ip_apb_secure_demux_1.0.0/ut_top-vcs/src/aixsilicon_ip_apb_secure_demux_1.0.0/rtl/instance/apb_secure_demux_register_bridge.sv    1062    1000    Cannot resolve hierarchical reference hwif_out.port_5.PERM_SHADOW_3.rd_req
[305]    STX_VE_266    STX_VE_266    Syntax      ../../../build/package/top/aixsilicon_ip_apb_secure_demux_1.0.0/ut_top-vcs/src/aixsilicon_ip_apb_secure_demux_1.0.0/rtl/instance/apb_secure_demux_register_bridge.sv    1063    1000    Cannot resolve hierarchical reference hwif_out.port_5.PERM_SHADOW_3.wr_req
[306]    STX_VE_266    STX_VE_266    Syntax      ../../../build/package/top/aixsilicon_ip_apb_secure_demux_1.0.0/ut_top-vcs/src/aixsilicon_ip_apb_secure_demux_1.0.0/rtl/instance/apb_secure_demux_register_bridge.sv    1064    1000    Cannot resolve hierarchical reference hwif_out.port_5.PERM_SHADOW_3.wr_req
[307]    STX_VE_266    STX_VE_266    Syntax      ../../../build/package/top/aixsilicon_ip_apb_secure_demux_1.0.0/ut_top-vcs/src/aixsilicon_ip_apb_secure_demux_1.0.0/rtl/instance/apb_secure_demux_register_bridge.sv    1065    1000    Cannot resolve hierarchical reference hwif_out.port_5.PERM_SHADOW_4.rd_req
[308]    STX_VE_266    STX_VE_266    Syntax      ../../../build/package/top/aixsilicon_ip_apb_secure_demux_1.0.0/ut_top-vcs/src/aixsilicon_ip_apb_secure_demux_1.0.0/rtl/instance/apb_secure_demux_register_bridge.sv    1067    1000    Cannot resolve hierarchical reference hwif_out.port_5.PERM_SHADOW_4.rd_req
[309]    STX_VE_266    STX_VE_266    Syntax      ../../../build/package/top/aixsilicon_ip_apb_secure_demux_1.0.0/ut_top-vcs/src/aixsilicon_ip_apb_secure_demux_1.0.0/rtl/instance/apb_secure_demux_register_bridge.sv    1068    1000    Cannot resolve hierarchical reference hwif_out.port_5.PERM_SHADOW_4.wr_req
[30A]    STX_VE_266    STX_VE_266    Syntax      ../../../build/package/top/aixsilicon_ip_apb_secure_demux_1.0.0/ut_top-vcs/src/aixsilicon_ip_apb_secure_demux_1.0.0/rtl/instance/apb_secure_demux_register_bridge.sv    1069    1000    Cannot resolve hierarchical reference hwif_out.port_5.PERM_SHADOW_4.wr_req
[30B]    STX_VE_266    STX_VE_266    Syntax      ../../../build/package/top/aixsilicon_ip_apb_secure_demux_1.0.0/ut_top-vcs/src/aixsilicon_ip_apb_secure_demux_1.0.0/rtl/instance/apb_secure_demux_register_bridge.sv    1070    1000    Cannot resolve hierarchical reference hwif_out.port_5.PERM_SHADOW_5.rd_req
[30C]    STX_VE_266    STX_VE_266    Syntax      ../../../build/package/top/aixsilicon_ip_apb_secure_demux_1.0.0/ut_top-vcs/src/aixsilicon_ip_apb_secure_demux_1.0.0/rtl/instance/apb_secure_demux_register_bridge.sv    1072    1000    Cannot resolve hierarchical reference hwif_out.port_5.PERM_SHADOW_5.rd_req
[30D]    STX_VE_266    STX_VE_266    Syntax      ../../../build/package/top/aixsilicon_ip_apb_secure_demux_1.0.0/ut_top-vcs/src/aixsilicon_ip_apb_secure_demux_1.0.0/rtl/instance/apb_secure_demux_register_bridge.sv    1073    1000    Cannot resolve hierarchical reference hwif_out.port_5.PERM_SHADOW_5.wr_req
[30E]    STX_VE_266    STX_VE_266    Syntax      ../../../build/package/top/aixsilicon_ip_apb_secure_demux_1.0.0/ut_top-vcs/src/aixsilicon_ip_apb_secure_demux_1.0.0/rtl/instance/apb_secure_demux_register_bridge.sv    1074    1000    Cannot resolve hierarchical reference hwif_out.port_5.PERM_SHADOW_5.wr_req
[30F]    STX_VE_266    STX_VE_266    Syntax      ../../../build/package/top/aixsilicon_ip_apb_secure_demux_1.0.0/ut_top-vcs/src/aixsilicon_ip_apb_secure_demux_1.0.0/rtl/instance/apb_secure_demux_register_bridge.sv    1075    1000    Cannot resolve hierarchical reference hwif_out.port_5.PERM_SHADOW_6.rd_req
[310]    STX_VE_266    STX_VE_266    Syntax      ../../../build/package/top/aixsilicon_ip_apb_secure_demux_1.0.0/ut_top-vcs/src/aixsilicon_ip_apb_secure_demux_1.0.0/rtl/instance/apb_secure_demux_register_bridge.sv    1077    1000    Cannot resolve hierarchical reference hwif_out.port_5.PERM_SHADOW_6.rd_req
[311]    STX_VE_266    STX_VE_266    Syntax      ../../../build/package/top/aixsilicon_ip_apb_secure_demux_1.0.0/ut_top-vcs/src/aixsilicon_ip_apb_secure_demux_1.0.0/rtl/instance/apb_secure_demux_register_bridge.sv    1078    1000    Cannot resolve hierarchical reference hwif_out.port_5.PERM_SHADOW_6.wr_req
[312]    STX_VE_266    STX_VE_266    Syntax      ../../../build/package/top/aixsilicon_ip_apb_secure_demux_1.0.0/ut_top-vcs/src/aixsilicon_ip_apb_secure_demux_1.0.0/rtl/instance/apb_secure_demux_register_bridge.sv    1079    1000    Cannot resolve hierarchical reference hwif_out.port_5.PERM_SHADOW_6.wr_req
[313]    STX_VE_266    STX_VE_266    Syntax      ../../../build/package/top/aixsilicon_ip_apb_secure_demux_1.0.0/ut_top-vcs/src/aixsilicon_ip_apb_secure_demux_1.0.0/rtl/instance/apb_secure_demux_register_bridge.sv    1080    1000    Cannot resolve hierarchical reference hwif_out.port_5.PERM_SHADOW_7.rd_req
[314]    STX_VE_266    STX_VE_266    Syntax      ../../../build/package/top/aixsilicon_ip_apb_secure_demux_1.0.0/ut_top-vcs/src/aixsilicon_ip_apb_secure_demux_1.0.0/rtl/instance/apb_secure_demux_register_bridge.sv    1082    1000    Cannot resolve hierarchical reference hwif_out.port_5.PERM_SHADOW_7.rd_req
[315]    STX_VE_266    STX_VE_266    Syntax      ../../../build/package/top/aixsilicon_ip_apb_secure_demux_1.0.0/ut_top-vcs/src/aixsilicon_ip_apb_secure_demux_1.0.0/rtl/instance/apb_secure_demux_register_bridge.sv    1083    1000    Cannot resolve hierarchical reference hwif_out.port_5.PERM_SHADOW_7.wr_req
[316]    STX_VE_266    STX_VE_266    Syntax      ../../../build/package/top/aixsilicon_ip_apb_secure_demux_1.0.0/ut_top-vcs/src/aixsilicon_ip_apb_secure_demux_1.0.0/rtl/instance/apb_secure_demux_register_bridge.sv    1084    1000    Cannot resolve hierarchical reference hwif_out.port_5.PERM_SHADOW_7.wr_req
[317]    STX_VE_266    STX_VE_266    Syntax      ../../../build/package/top/aixsilicon_ip_apb_secure_demux_1.0.0/ut_top-vcs/src/aixsilicon_ip_apb_secure_demux_1.0.0/rtl/instance/apb_secure_demux_register_bridge.sv    1085    1000    Cannot resolve hierarchical reference hwif_out.port_5.PERM_SHADOW_8.rd_req
[318]    STX_VE_266    STX_VE_266    Syntax      ../../../build/package/top/aixsilicon_ip_apb_secure_demux_1.0.0/ut_top-vcs/src/aixsilicon_ip_apb_secure_demux_1.0.0/rtl/instance/apb_secure_demux_register_bridge.sv    1087    1000    Cannot resolve hierarchical reference hwif_out.port_5.PERM_SHADOW_8.rd_req
[319]    STX_VE_266    STX_VE_266    Syntax      ../../../build/package/top/aixsilicon_ip_apb_secure_demux_1.0.0/ut_top-vcs/src/aixsilicon_ip_apb_secure_demux_1.0.0/rtl/instance/apb_secure_demux_register_bridge.sv    1088    1000    Cannot resolve hierarchical reference hwif_out.port_5.PERM_SHADOW_8.wr_req
[31A]    STX_VE_266    STX_VE_266    Syntax      ../../../build/package/top/aixsilicon_ip_apb_secure_demux_1.0.0/ut_top-vcs/src/aixsilicon_ip_apb_secure_demux_1.0.0/rtl/instance/apb_secure_demux_register_bridge.sv    1089    1000    Cannot resolve hierarchical reference hwif_out.port_5.PERM_SHADOW_8.wr_req
[31B]    STX_VE_266    STX_VE_266    Syntax      ../../../build/package/top/aixsilicon_ip_apb_secure_demux_1.0.0/ut_top-vcs/src/aixsilicon_ip_apb_secure_demux_1.0.0/rtl/instance/apb_secure_demux_register_bridge.sv    1090    1000    Cannot resolve hierarchical reference hwif_out.port_5.PERM_SHADOW_9.rd_req
[31C]    STX_VE_266    STX_VE_266    Syntax      ../../../build/package/top/aixsilicon_ip_apb_secure_demux_1.0.0/ut_top-vcs/src/aixsilicon_ip_apb_secure_demux_1.0.0/rtl/instance/apb_secure_demux_register_bridge.sv    1092    1000    Cannot resolve hierarchical reference hwif_out.port_5.PERM_SHADOW_9.rd_req
[31D]    STX_VE_266    STX_VE_266    Syntax      ../../../build/package/top/aixsilicon_ip_apb_secure_demux_1.0.0/ut_top-vcs/src/aixsilicon_ip_apb_secure_demux_1.0.0/rtl/instance/apb_secure_demux_register_bridge.sv    1093    1000    Cannot resolve hierarchical reference hwif_out.port_5.PERM_SHADOW_9.wr_req
[31E]    STX_VE_266    STX_VE_266    Syntax      ../../../build/package/top/aixsilicon_ip_apb_secure_demux_1.0.0/ut_top-vcs/src/aixsilicon_ip_apb_secure_demux_1.0.0/rtl/instance/apb_secure_demux_register_bridge.sv    1094    1000    Cannot resolve hierarchical reference hwif_out.port_5.PERM_SHADOW_9.wr_req
[31F]    STX_VE_266    STX_VE_266    Syntax      ../../../build/package/top/aixsilicon_ip_apb_secure_demux_1.0.0/ut_top-vcs/src/aixsilicon_ip_apb_secure_demux_1.0.0/rtl/instance/apb_secure_demux_register_bridge.sv    1095    1000    Cannot resolve hierarchical reference hwif_out.port_5.PERM_SHADOW_10.rd_req
[320]    STX_VE_266    STX_VE_266    Syntax      ../../../build/package/top/aixsilicon_ip_apb_secure_demux_1.0.0/ut_top-vcs/src/aixsilicon_ip_apb_secure_demux_1.0.0/rtl/instance/apb_secure_demux_register_bridge.sv    1097    1000    Cannot resolve hierarchical reference hwif_out.port_5.PERM_SHADOW_10.rd_req
[321]    STX_VE_266    STX_VE_266    Syntax      ../../../build/package/top/aixsilicon_ip_apb_secure_demux_1.0.0/ut_top-vcs/src/aixsilicon_ip_apb_secure_demux_1.0.0/rtl/instance/apb_secure_demux_register_bridge.sv    1098    1000    Cannot resolve hierarchical reference hwif_out.port_5.PERM_SHADOW_10.wr_req
[322]    STX_VE_266    STX_VE_266    Syntax      ../../../build/package/top/aixsilicon_ip_apb_secure_demux_1.0.0/ut_top-vcs/src/aixsilicon_ip_apb_secure_demux_1.0.0/rtl/instance/apb_secure_demux_register_bridge.sv    1099    1000    Cannot resolve hierarchical reference hwif_out.port_5.PERM_SHADOW_10.wr_req
[323]    STX_VE_266    STX_VE_266    Syntax      ../../../build/package/top/aixsilicon_ip_apb_secure_demux_1.0.0/ut_top-vcs/src/aixsilicon_ip_apb_secure_demux_1.0.0/rtl/instance/apb_secure_demux_register_bridge.sv    1100    1000    Cannot resolve hierarchical reference hwif_out.port_5.PERM_SHADOW_11.rd_req
[324]    STX_VE_266    STX_VE_266    Syntax      ../../../build/package/top/aixsilicon_ip_apb_secure_demux_1.0.0/ut_top-vcs/src/aixsilicon_ip_apb_secure_demux_1.0.0/rtl/instance/apb_secure_demux_register_bridge.sv    1102    1000    Cannot resolve hierarchical reference hwif_out.port_5.PERM_SHADOW_11.rd_req
[325]    STX_VE_266    STX_VE_266    Syntax      ../../../build/package/top/aixsilicon_ip_apb_secure_demux_1.0.0/ut_top-vcs/src/aixsilicon_ip_apb_secure_demux_1.0.0/rtl/instance/apb_secure_demux_register_bridge.sv    1103    1000    Cannot resolve hierarchical reference hwif_out.port_5.PERM_SHADOW_11.wr_req
[326]    STX_VE_266    STX_VE_266    Syntax      ../../../build/package/top/aixsilicon_ip_apb_secure_demux_1.0.0/ut_top-vcs/src/aixsilicon_ip_apb_secure_demux_1.0.0/rtl/instance/apb_secure_demux_register_bridge.sv    1104    1000    Cannot resolve hierarchical reference hwif_out.port_5.PERM_SHADOW_11.wr_req
[327]    STX_VE_266    STX_VE_266    Syntax      ../../../build/package/top/aixsilicon_ip_apb_secure_demux_1.0.0/ut_top-vcs/src/aixsilicon_ip_apb_secure_demux_1.0.0/rtl/instance/apb_secure_demux_register_bridge.sv    1105    1000    Cannot resolve hierarchical reference hwif_out.port_5.PERM_SHADOW_12.rd_req
[328]    STX_VE_266    STX_VE_266    Syntax      ../../../build/package/top/aixsilicon_ip_apb_secure_demux_1.0.0/ut_top-vcs/src/aixsilicon_ip_apb_secure_demux_1.0.0/rtl/instance/apb_secure_demux_register_bridge.sv    1107    1000    Cannot resolve hierarchical reference hwif_out.port_5.PERM_SHADOW_12.rd_req
[329]    STX_VE_266    STX_VE_266    Syntax      ../../../build/package/top/aixsilicon_ip_apb_secure_demux_1.0.0/ut_top-vcs/src/aixsilicon_ip_apb_secure_demux_1.0.0/rtl/instance/apb_secure_demux_register_bridge.sv    1108    1000    Cannot resolve hierarchical reference hwif_out.port_5.PERM_SHADOW_12.wr_req
[32A]    STX_VE_266    STX_VE_266    Syntax      ../../../build/package/top/aixsilicon_ip_apb_secure_demux_1.0.0/ut_top-vcs/src/aixsilicon_ip_apb_secure_demux_1.0.0/rtl/instance/apb_secure_demux_register_bridge.sv    1109    1000    Cannot resolve hierarchical reference hwif_out.port_5.PERM_SHADOW_12.wr_req
[32B]    STX_VE_266    STX_VE_266    Syntax      ../../../build/package/top/aixsilicon_ip_apb_secure_demux_1.0.0/ut_top-vcs/src/aixsilicon_ip_apb_secure_demux_1.0.0/rtl/instance/apb_secure_demux_register_bridge.sv    1110    1000    Cannot resolve hierarchical reference hwif_out.port_5.PERM_SHADOW_13.rd_req
[32C]    STX_VE_266    STX_VE_266    Syntax      ../../../build/package/top/aixsilicon_ip_apb_secure_demux_1.0.0/ut_top-vcs/src/aixsilicon_ip_apb_secure_demux_1.0.0/rtl/instance/apb_secure_demux_register_bridge.sv    1112    1000    Cannot resolve hierarchical reference hwif_out.port_5.PERM_SHADOW_13.rd_req
[32D]    STX_VE_266    STX_VE_266    Syntax      ../../../build/package/top/aixsilicon_ip_apb_secure_demux_1.0.0/ut_top-vcs/src/aixsilicon_ip_apb_secure_demux_1.0.0/rtl/instance/apb_secure_demux_register_bridge.sv    1113    1000    Cannot resolve hierarchical reference hwif_out.port_5.PERM_SHADOW_13.wr_req
[32E]    STX_VE_266    STX_VE_266    Syntax      ../../../build/package/top/aixsilicon_ip_apb_secure_demux_1.0.0/ut_top-vcs/src/aixsilicon_ip_apb_secure_demux_1.0.0/rtl/instance/apb_secure_demux_register_bridge.sv    1114    1000    Cannot resolve hierarchical reference hwif_out.port_5.PERM_SHADOW_13.wr_req
[32F]    STX_VE_266    STX_VE_266    Syntax      ../../../build/package/top/aixsilicon_ip_apb_secure_demux_1.0.0/ut_top-vcs/src/aixsilicon_ip_apb_secure_demux_1.0.0/rtl/instance/apb_secure_demux_register_bridge.sv    1115    1000    Cannot resolve hierarchical reference hwif_out.port_5.PERM_SHADOW_14.rd_req
[330]    STX_VE_266    STX_VE_266    Syntax      ../../../build/package/top/aixsilicon_ip_apb_secure_demux_1.0.0/ut_top-vcs/src/aixsilicon_ip_apb_secure_demux_1.0.0/rtl/instance/apb_secure_demux_register_bridge.sv    1117    1000    Cannot resolve hierarchical reference hwif_out.port_5.PERM_SHADOW_14.rd_req
[331]    STX_VE_266    STX_VE_266    Syntax      ../../../build/package/top/aixsilicon_ip_apb_secure_demux_1.0.0/ut_top-vcs/src/aixsilicon_ip_apb_secure_demux_1.0.0/rtl/instance/apb_secure_demux_register_bridge.sv    1118    1000    Cannot resolve hierarchical reference hwif_out.port_5.PERM_SHADOW_14.wr_req
[332]    STX_VE_266    STX_VE_266    Syntax      ../../../build/package/top/aixsilicon_ip_apb_secure_demux_1.0.0/ut_top-vcs/src/aixsilicon_ip_apb_secure_demux_1.0.0/rtl/instance/apb_secure_demux_register_bridge.sv    1119    1000    Cannot resolve hierarchical reference hwif_out.port_5.PERM_SHADOW_14.wr_req
[333]    STX_VE_266    STX_VE_266    Syntax      ../../../build/package/top/aixsilicon_ip_apb_secure_demux_1.0.0/ut_top-vcs/src/aixsilicon_ip_apb_secure_demux_1.0.0/rtl/instance/apb_secure_demux_register_bridge.sv    1120    1000    Cannot resolve hierarchical reference hwif_out.port_5.PERM_SHADOW_15.rd_req
[334]    STX_VE_266    STX_VE_266    Syntax      ../../../build/package/top/aixsilicon_ip_apb_secure_demux_1.0.0/ut_top-vcs/src/aixsilicon_ip_apb_secure_demux_1.0.0/rtl/instance/apb_secure_demux_register_bridge.sv    1122    1000    Cannot resolve hierarchical reference hwif_out.port_5.PERM_SHADOW_15.rd_req
[335]    STX_VE_266    STX_VE_266    Syntax      ../../../build/package/top/aixsilicon_ip_apb_secure_demux_1.0.0/ut_top-vcs/src/aixsilicon_ip_apb_secure_demux_1.0.0/rtl/instance/apb_secure_demux_register_bridge.sv    1123    1000    Cannot resolve hierarchical reference hwif_out.port_5.PERM_SHADOW_15.wr_req
[336]    STX_VE_266    STX_VE_266    Syntax      ../../../build/package/top/aixsilicon_ip_apb_secure_demux_1.0.0/ut_top-vcs/src/aixsilicon_ip_apb_secure_demux_1.0.0/rtl/instance/apb_secure_demux_register_bridge.sv    1124    1000    Cannot resolve hierarchical reference hwif_out.port_5.PERM_SHADOW_15.wr_req
[337]    STX_VE_266    STX_VE_266    Syntax      ../../../build/package/top/aixsilicon_ip_apb_secure_demux_1.0.0/ut_top-vcs/src/aixsilicon_ip_apb_secure_demux_1.0.0/rtl/instance/apb_secure_demux_register_bridge.sv    1125    1000    Cannot resolve hierarchical reference hwif_out.port_5.PERM_ACTIVE_0.rd_req
[338]    STX_VE_266    STX_VE_266    Syntax      ../../../build/package/top/aixsilicon_ip_apb_secure_demux_1.0.0/ut_top-vcs/src/aixsilicon_ip_apb_secure_demux_1.0.0/rtl/instance/apb_secure_demux_register_bridge.sv    1127    1000    Cannot resolve hierarchical reference hwif_out.port_5.PERM_ACTIVE_0.rd_req
[339]    STX_VE_266    STX_VE_266    Syntax      ../../../build/package/top/aixsilicon_ip_apb_secure_demux_1.0.0/ut_top-vcs/src/aixsilicon_ip_apb_secure_demux_1.0.0/rtl/instance/apb_secure_demux_register_bridge.sv    1128    1000    Cannot resolve hierarchical reference hwif_out.port_5.PERM_ACTIVE_1.rd_req
[33A]    STX_VE_266    STX_VE_266    Syntax      ../../../build/package/top/aixsilicon_ip_apb_secure_demux_1.0.0/ut_top-vcs/src/aixsilicon_ip_apb_secure_demux_1.0.0/rtl/instance/apb_secure_demux_register_bridge.sv    1130    1000    Cannot resolve hierarchical reference hwif_out.port_5.PERM_ACTIVE_1.rd_req
[33B]    STX_VE_266    STX_VE_266    Syntax      ../../../build/package/top/aixsilicon_ip_apb_secure_demux_1.0.0/ut_top-vcs/src/aixsilicon_ip_apb_secure_demux_1.0.0/rtl/instance/apb_secure_demux_register_bridge.sv    1131    1000    Cannot resolve hierarchical reference hwif_out.port_5.PERM_ACTIVE_2.rd_req
[33C]    STX_VE_266    STX_VE_266    Syntax      ../../../build/package/top/aixsilicon_ip_apb_secure_demux_1.0.0/ut_top-vcs/src/aixsilicon_ip_apb_secure_demux_1.0.0/rtl/instance/apb_secure_demux_register_bridge.sv    1133    1000    Cannot resolve hierarchical reference hwif_out.port_5.PERM_ACTIVE_2.rd_req
[33D]    STX_VE_266    STX_VE_266    Syntax      ../../../build/package/top/aixsilicon_ip_apb_secure_demux_1.0.0/ut_top-vcs/src/aixsilicon_ip_apb_secure_demux_1.0.0/rtl/instance/apb_secure_demux_register_bridge.sv    1134    1000    Cannot resolve hierarchical reference hwif_out.port_5.PERM_ACTIVE_3.rd_req
[33E]    STX_VE_266    STX_VE_266    Syntax      ../../../build/package/top/aixsilicon_ip_apb_secure_demux_1.0.0/ut_top-vcs/src/aixsilicon_ip_apb_secure_demux_1.0.0/rtl/instance/apb_secure_demux_register_bridge.sv    1136    1000    Cannot resolve hierarchical reference hwif_out.port_5.PERM_ACTIVE_3.rd_req
[33F]    STX_VE_266    STX_VE_266    Syntax      ../../../build/package/top/aixsilicon_ip_apb_secure_demux_1.0.0/ut_top-vcs/src/aixsilicon_ip_apb_secure_demux_1.0.0/rtl/instance/apb_secure_demux_register_bridge.sv    1137    1000    Cannot resolve hierarchical reference hwif_out.port_5.PERM_ACTIVE_4.rd_req
[340]    STX_VE_266    STX_VE_266    Syntax      ../../../build/package/top/aixsilicon_ip_apb_secure_demux_1.0.0/ut_top-vcs/src/aixsilicon_ip_apb_secure_demux_1.0.0/rtl/instance/apb_secure_demux_register_bridge.sv    1139    1000    Cannot resolve hierarchical reference hwif_out.port_5.PERM_ACTIVE_4.rd_req
[341]    STX_VE_266    STX_VE_266    Syntax      ../../../build/package/top/aixsilicon_ip_apb_secure_demux_1.0.0/ut_top-vcs/src/aixsilicon_ip_apb_secure_demux_1.0.0/rtl/instance/apb_secure_demux_register_bridge.sv    1140    1000    Cannot resolve hierarchical reference hwif_out.port_5.PERM_ACTIVE_5.rd_req
[342]    STX_VE_266    STX_VE_266    Syntax      ../../../build/package/top/aixsilicon_ip_apb_secure_demux_1.0.0/ut_top-vcs/src/aixsilicon_ip_apb_secure_demux_1.0.0/rtl/instance/apb_secure_demux_register_bridge.sv    1142    1000    Cannot resolve hierarchical reference hwif_out.port_5.PERM_ACTIVE_5.rd_req
[343]    STX_VE_266    STX_VE_266    Syntax      ../../../build/package/top/aixsilicon_ip_apb_secure_demux_1.0.0/ut_top-vcs/src/aixsilicon_ip_apb_secure_demux_1.0.0/rtl/instance/apb_secure_demux_register_bridge.sv    1143    1000    Cannot resolve hierarchical reference hwif_out.port_5.PERM_ACTIVE_6.rd_req
[344]    STX_VE_266    STX_VE_266    Syntax      ../../../build/package/top/aixsilicon_ip_apb_secure_demux_1.0.0/ut_top-vcs/src/aixsilicon_ip_apb_secure_demux_1.0.0/rtl/instance/apb_secure_demux_register_bridge.sv    1145    1000    Cannot resolve hierarchical reference hwif_out.port_5.PERM_ACTIVE_6.rd_req
[345]    STX_VE_266    STX_VE_266    Syntax      ../../../build/package/top/aixsilicon_ip_apb_secure_demux_1.0.0/ut_top-vcs/src/aixsilicon_ip_apb_secure_demux_1.0.0/rtl/instance/apb_secure_demux_register_bridge.sv    1146    1000    Cannot resolve hierarchical reference hwif_out.port_5.PERM_ACTIVE_7.rd_req
[346]    STX_VE_266    STX_VE_266    Syntax      ../../../build/package/top/aixsilicon_ip_apb_secure_demux_1.0.0/ut_top-vcs/src/aixsilicon_ip_apb_secure_demux_1.0.0/rtl/instance/apb_secure_demux_register_bridge.sv    1148    1000    Cannot resolve hierarchical reference hwif_out.port_5.PERM_ACTIVE_7.rd_req
[347]    STX_VE_266    STX_VE_266    Syntax      ../../../build/package/top/aixsilicon_ip_apb_secure_demux_1.0.0/ut_top-vcs/src/aixsilicon_ip_apb_secure_demux_1.0.0/rtl/instance/apb_secure_demux_register_bridge.sv    1149    1000    Cannot resolve hierarchical reference hwif_out.port_5.PERM_ACTIVE_8.rd_req
[348]    STX_VE_266    STX_VE_266    Syntax      ../../../build/package/top/aixsilicon_ip_apb_secure_demux_1.0.0/ut_top-vcs/src/aixsilicon_ip_apb_secure_demux_1.0.0/rtl/instance/apb_secure_demux_register_bridge.sv    1151    1000    Cannot resolve hierarchical reference hwif_out.port_5.PERM_ACTIVE_8.rd_req
[349]    STX_VE_266    STX_VE_266    Syntax      ../../../build/package/top/aixsilicon_ip_apb_secure_demux_1.0.0/ut_top-vcs/src/aixsilicon_ip_apb_secure_demux_1.0.0/rtl/instance/apb_secure_demux_register_bridge.sv    1152    1000    Cannot resolve hierarchical reference hwif_out.port_5.PERM_ACTIVE_9.rd_req
[34A]    STX_VE_266    STX_VE_266    Syntax      ../../../build/package/top/aixsilicon_ip_apb_secure_demux_1.0.0/ut_top-vcs/src/aixsilicon_ip_apb_secure_demux_1.0.0/rtl/instance/apb_secure_demux_register_bridge.sv    1154    1000    Cannot resolve hierarchical reference hwif_out.port_5.PERM_ACTIVE_9.rd_req
[34B]    STX_VE_266    STX_VE_266    Syntax      ../../../build/package/top/aixsilicon_ip_apb_secure_demux_1.0.0/ut_top-vcs/src/aixsilicon_ip_apb_secure_demux_1.0.0/rtl/instance/apb_secure_demux_register_bridge.sv    1155    1000    Cannot resolve hierarchical reference hwif_out.port_5.PERM_ACTIVE_10.rd_req
[34C]    STX_VE_266    STX_VE_266    Syntax      ../../../build/package/top/aixsilicon_ip_apb_secure_demux_1.0.0/ut_top-vcs/src/aixsilicon_ip_apb_secure_demux_1.0.0/rtl/instance/apb_secure_demux_register_bridge.sv    1157    1000    Cannot resolve hierarchical reference hwif_out.port_5.PERM_ACTIVE_10.rd_req
[34D]    STX_VE_266    STX_VE_266    Syntax      ../../../build/package/top/aixsilicon_ip_apb_secure_demux_1.0.0/ut_top-vcs/src/aixsilicon_ip_apb_secure_demux_1.0.0/rtl/instance/apb_secure_demux_register_bridge.sv    1158    1000    Cannot resolve hierarchical reference hwif_out.port_5.PERM_ACTIVE_11.rd_req
[34E]    STX_VE_266    STX_VE_266    Syntax      ../../../build/package/top/aixsilicon_ip_apb_secure_demux_1.0.0/ut_top-vcs/src/aixsilicon_ip_apb_secure_demux_1.0.0/rtl/instance/apb_secure_demux_register_bridge.sv    1160    1000    Cannot resolve hierarchical reference hwif_out.port_5.PERM_ACTIVE_11.rd_req
[34F]    STX_VE_266    STX_VE_266    Syntax      ../../../build/package/top/aixsilicon_ip_apb_secure_demux_1.0.0/ut_top-vcs/src/aixsilicon_ip_apb_secure_demux_1.0.0/rtl/instance/apb_secure_demux_register_bridge.sv    1161    1000    Cannot resolve hierarchical reference hwif_out.port_5.PERM_ACTIVE_12.rd_req
[350]    STX_VE_266    STX_VE_266    Syntax      ../../../build/package/top/aixsilicon_ip_apb_secure_demux_1.0.0/ut_top-vcs/src/aixsilicon_ip_apb_secure_demux_1.0.0/rtl/instance/apb_secure_demux_register_bridge.sv    1163    1000    Cannot resolve hierarchical reference hwif_out.port_5.PERM_ACTIVE_12.rd_req
[351]    STX_VE_266    STX_VE_266    Syntax      ../../../build/package/top/aixsilicon_ip_apb_secure_demux_1.0.0/ut_top-vcs/src/aixsilicon_ip_apb_secure_demux_1.0.0/rtl/instance/apb_secure_demux_register_bridge.sv    1164    1000    Cannot resolve hierarchical reference hwif_out.port_5.PERM_ACTIVE_13.rd_req
[352]    STX_VE_266    STX_VE_266    Syntax      ../../../build/package/top/aixsilicon_ip_apb_secure_demux_1.0.0/ut_top-vcs/src/aixsilicon_ip_apb_secure_demux_1.0.0/rtl/instance/apb_secure_demux_register_bridge.sv    1166    1000    Cannot resolve hierarchical reference hwif_out.port_5.PERM_ACTIVE_13.rd_req
[353]    STX_VE_266    STX_VE_266    Syntax      ../../../build/package/top/aixsilicon_ip_apb_secure_demux_1.0.0/ut_top-vcs/src/aixsilicon_ip_apb_secure_demux_1.0.0/rtl/instance/apb_secure_demux_register_bridge.sv    1167    1000    Cannot resolve hierarchical reference hwif_out.port_5.PERM_ACTIVE_14.rd_req
[354]    STX_VE_266    STX_VE_266    Syntax      ../../../build/package/top/aixsilicon_ip_apb_secure_demux_1.0.0/ut_top-vcs/src/aixsilicon_ip_apb_secure_demux_1.0.0/rtl/instance/apb_secure_demux_register_bridge.sv    1169    1000    Cannot resolve hierarchical reference hwif_out.port_5.PERM_ACTIVE_14.rd_req
[355]    STX_VE_266    STX_VE_266    Syntax      ../../../build/package/top/aixsilicon_ip_apb_secure_demux_1.0.0/ut_top-vcs/src/aixsilicon_ip_apb_secure_demux_1.0.0/rtl/instance/apb_secure_demux_register_bridge.sv    1170    1000    Cannot resolve hierarchical reference hwif_out.port_5.PERM_ACTIVE_15.rd_req
[356]    STX_VE_266    STX_VE_266    Syntax      ../../../build/package/top/aixsilicon_ip_apb_secure_demux_1.0.0/ut_top-vcs/src/aixsilicon_ip_apb_secure_demux_1.0.0/rtl/instance/apb_secure_demux_register_bridge.sv    1172    1000    Cannot resolve hierarchical reference hwif_out.port_5.PERM_ACTIVE_15.rd_req
[357]    STX_VE_266    STX_VE_266    Syntax      ../../../build/package/top/aixsilicon_ip_apb_secure_demux_1.0.0/ut_top-vcs/src/aixsilicon_ip_apb_secure_demux_1.0.0/rtl/instance/apb_secure_demux_register_bridge.sv    1173    1000    Cannot resolve hierarchical reference hwif_out.port_6.MAP_BASE.rd_req
[358]    STX_VE_266    STX_VE_266    Syntax      ../../../build/package/top/aixsilicon_ip_apb_secure_demux_1.0.0/ut_top-vcs/src/aixsilicon_ip_apb_secure_demux_1.0.0/rtl/instance/apb_secure_demux_register_bridge.sv    1175    1000    Cannot resolve hierarchical reference hwif_out.port_6.MAP_BASE.rd_req
[359]    STX_VE_266    STX_VE_266    Syntax      ../../../build/package/top/aixsilicon_ip_apb_secure_demux_1.0.0/ut_top-vcs/src/aixsilicon_ip_apb_secure_demux_1.0.0/rtl/instance/apb_secure_demux_register_bridge.sv    1176    1000    Cannot resolve hierarchical reference hwif_out.port_6.MAP_LIMIT.rd_req
[35A]    STX_VE_266    STX_VE_266    Syntax      ../../../build/package/top/aixsilicon_ip_apb_secure_demux_1.0.0/ut_top-vcs/src/aixsilicon_ip_apb_secure_demux_1.0.0/rtl/instance/apb_secure_demux_register_bridge.sv    1178    1000    Cannot resolve hierarchical reference hwif_out.port_6.MAP_LIMIT.rd_req
[35B]    STX_VE_266    STX_VE_266    Syntax      ../../../build/package/top/aixsilicon_ip_apb_secure_demux_1.0.0/ut_top-vcs/src/aixsilicon_ip_apb_secure_demux_1.0.0/rtl/instance/apb_secure_demux_register_bridge.sv    1179    1000    Cannot resolve hierarchical reference hwif_out.port_6.PORT_LOCK.rd_req
[35C]    STX_VE_266    STX_VE_266    Syntax      ../../../build/package/top/aixsilicon_ip_apb_secure_demux_1.0.0/ut_top-vcs/src/aixsilicon_ip_apb_secure_demux_1.0.0/rtl/instance/apb_secure_demux_register_bridge.sv    1181    1000    Cannot resolve hierarchical reference hwif_out.port_6.PORT_LOCK.rd_req
[35D]    STX_VE_266    STX_VE_266    Syntax      ../../../build/package/top/aixsilicon_ip_apb_secure_demux_1.0.0/ut_top-vcs/src/aixsilicon_ip_apb_secure_demux_1.0.0/rtl/instance/apb_secure_demux_register_bridge.sv    1182    1000    Cannot resolve hierarchical reference hwif_out.port_6.PORT_LOCK.wr_req
[35E]    STX_VE_266    STX_VE_266    Syntax      ../../../build/package/top/aixsilicon_ip_apb_secure_demux_1.0.0/ut_top-vcs/src/aixsilicon_ip_apb_secure_demux_1.0.0/rtl/instance/apb_secure_demux_register_bridge.sv    1183    1000    Cannot resolve hierarchical reference hwif_out.port_6.PORT_LOCK.wr_req
[35F]    STX_VE_266    STX_VE_266    Syntax      ../../../build/package/top/aixsilicon_ip_apb_secure_demux_1.0.0/ut_top-vcs/src/aixsilicon_ip_apb_secure_demux_1.0.0/rtl/instance/apb_secure_demux_register_bridge.sv    1184    1000    Cannot resolve hierarchical reference hwif_out.port_6.CFG_SHADOW.rd_req
[360]    STX_VE_266    STX_VE_266    Syntax      ../../../build/package/top/aixsilicon_ip_apb_secure_demux_1.0.0/ut_top-vcs/src/aixsilicon_ip_apb_secure_demux_1.0.0/rtl/instance/apb_secure_demux_register_bridge.sv    1186    1000    Cannot resolve hierarchical reference hwif_out.port_6.CFG_SHADOW.rd_req
[361]    STX_VE_266    STX_VE_266    Syntax      ../../../build/package/top/aixsilicon_ip_apb_secure_demux_1.0.0/ut_top-vcs/src/aixsilicon_ip_apb_secure_demux_1.0.0/rtl/instance/apb_secure_demux_register_bridge.sv    1187    1000    Cannot resolve hierarchical reference hwif_out.port_6.CFG_SHADOW.wr_req
[362]    STX_VE_266    STX_VE_266    Syntax      ../../../build/package/top/aixsilicon_ip_apb_secure_demux_1.0.0/ut_top-vcs/src/aixsilicon_ip_apb_secure_demux_1.0.0/rtl/instance/apb_secure_demux_register_bridge.sv    1188    1000    Cannot resolve hierarchical reference hwif_out.port_6.CFG_SHADOW.wr_req
[363]    STX_VE_266    STX_VE_266    Syntax      ../../../build/package/top/aixsilicon_ip_apb_secure_demux_1.0.0/ut_top-vcs/src/aixsilicon_ip_apb_secure_demux_1.0.0/rtl/instance/apb_secure_demux_register_bridge.sv    1189    1000    Cannot resolve hierarchical reference hwif_out.port_6.CFG_ACTIVE.rd_req
[364]    STX_VE_266    STX_VE_266    Syntax      ../../../build/package/top/aixsilicon_ip_apb_secure_demux_1.0.0/ut_top-vcs/src/aixsilicon_ip_apb_secure_demux_1.0.0/rtl/instance/apb_secure_demux_register_bridge.sv    1191    1000    Cannot resolve hierarchical reference hwif_out.port_6.CFG_ACTIVE.rd_req
[365]    STX_VE_266    STX_VE_266    Syntax      ../../../build/package/top/aixsilicon_ip_apb_secure_demux_1.0.0/ut_top-vcs/src/aixsilicon_ip_apb_secure_demux_1.0.0/rtl/instance/apb_secure_demux_register_bridge.sv    1192    1000    Cannot resolve hierarchical reference hwif_out.port_6.SUCCESS_COUNT.rd_req
[366]    STX_VE_266    STX_VE_266    Syntax      ../../../build/package/top/aixsilicon_ip_apb_secure_demux_1.0.0/ut_top-vcs/src/aixsilicon_ip_apb_secure_demux_1.0.0/rtl/instance/apb_secure_demux_register_bridge.sv    1194    1000    Cannot resolve hierarchical reference hwif_out.port_6.SUCCESS_COUNT.rd_req
[367]    STX_VE_266    STX_VE_266    Syntax      ../../../build/package/top/aixsilicon_ip_apb_secure_demux_1.0.0/ut_top-vcs/src/aixsilicon_ip_apb_secure_demux_1.0.0/rtl/instance/apb_secure_demux_register_bridge.sv    1195    1000    Cannot resolve hierarchical reference hwif_out.port_6.DENY_COUNT.rd_req
[368]    STX_VE_266    STX_VE_266    Syntax      ../../../build/package/top/aixsilicon_ip_apb_secure_demux_1.0.0/ut_top-vcs/src/aixsilicon_ip_apb_secure_demux_1.0.0/rtl/instance/apb_secure_demux_register_bridge.sv    1197    1000    Cannot resolve hierarchical reference hwif_out.port_6.DENY_COUNT.rd_req
[369]    STX_VE_266    STX_VE_266    Syntax      ../../../build/package/top/aixsilicon_ip_apb_secure_demux_1.0.0/ut_top-vcs/src/aixsilicon_ip_apb_secure_demux_1.0.0/rtl/instance/apb_secure_demux_register_bridge.sv    1198    1000    Cannot resolve hierarchical reference hwif_out.port_6.SLVERR_COUNT.rd_req
[36A]    STX_VE_266    STX_VE_266    Syntax      ../../../build/package/top/aixsilicon_ip_apb_secure_demux_1.0.0/ut_top-vcs/src/aixsilicon_ip_apb_secure_demux_1.0.0/rtl/instance/apb_secure_demux_register_bridge.sv    1200    1000    Cannot resolve hierarchical reference hwif_out.port_6.SLVERR_COUNT.rd_req
[36B]    STX_VE_266    STX_VE_266    Syntax      ../../../build/package/top/aixsilicon_ip_apb_secure_demux_1.0.0/ut_top-vcs/src/aixsilicon_ip_apb_secure_demux_1.0.0/rtl/instance/apb_secure_demux_register_bridge.sv    1201    1000    Cannot resolve hierarchical reference hwif_out.port_6.WAIT_TOTAL.rd_req
[36C]    STX_VE_266    STX_VE_266    Syntax      ../../../build/package/top/aixsilicon_ip_apb_secure_demux_1.0.0/ut_top-vcs/src/aixsilicon_ip_apb_secure_demux_1.0.0/rtl/instance/apb_secure_demux_register_bridge.sv    1203    1000    Cannot resolve hierarchical reference hwif_out.port_6.WAIT_TOTAL.rd_req
[36D]    STX_VE_266    STX_VE_266    Syntax      ../../../build/package/top/aixsilicon_ip_apb_secure_demux_1.0.0/ut_top-vcs/src/aixsilicon_ip_apb_secure_demux_1.0.0/rtl/instance/apb_secure_demux_register_bridge.sv    1204    1000    Cannot resolve hierarchical reference hwif_out.port_6.WAIT_MAX.rd_req
[36E]    STX_VE_266    STX_VE_266    Syntax      ../../../build/package/top/aixsilicon_ip_apb_secure_demux_1.0.0/ut_top-vcs/src/aixsilicon_ip_apb_secure_demux_1.0.0/rtl/instance/apb_secure_demux_register_bridge.sv    1206    1000    Cannot resolve hierarchical reference hwif_out.port_6.WAIT_MAX.rd_req
[36F]    STX_VE_266    STX_VE_266    Syntax      ../../../build/package/top/aixsilicon_ip_apb_secure_demux_1.0.0/ut_top-vcs/src/aixsilicon_ip_apb_secure_demux_1.0.0/rtl/instance/apb_secure_demux_register_bridge.sv    1207    1000    Cannot resolve hierarchical reference hwif_out.port_6.DFX_COUNTER_CLEAR.wr_req
[370]    STX_VE_266    STX_VE_266    Syntax      ../../../build/package/top/aixsilicon_ip_apb_secure_demux_1.0.0/ut_top-vcs/src/aixsilicon_ip_apb_secure_demux_1.0.0/rtl/instance/apb_secure_demux_register_bridge.sv    1208    1000    Cannot resolve hierarchical reference hwif_out.port_6.DFX_COUNTER_CLEAR.wr_req
[371]    STX_VE_266    STX_VE_266    Syntax      ../../../build/package/top/aixsilicon_ip_apb_secure_demux_1.0.0/ut_top-vcs/src/aixsilicon_ip_apb_secure_demux_1.0.0/rtl/instance/apb_secure_demux_register_bridge.sv    1209    1000    Cannot resolve hierarchical reference hwif_out.port_6.PERM_SHADOW_0.rd_req
[372]    STX_VE_266    STX_VE_266    Syntax      ../../../build/package/top/aixsilicon_ip_apb_secure_demux_1.0.0/ut_top-vcs/src/aixsilicon_ip_apb_secure_demux_1.0.0/rtl/instance/apb_secure_demux_register_bridge.sv    1211    1000    Cannot resolve hierarchical reference hwif_out.port_6.PERM_SHADOW_0.rd_req
[373]    STX_VE_266    STX_VE_266    Syntax      ../../../build/package/top/aixsilicon_ip_apb_secure_demux_1.0.0/ut_top-vcs/src/aixsilicon_ip_apb_secure_demux_1.0.0/rtl/instance/apb_secure_demux_register_bridge.sv    1212    1000    Cannot resolve hierarchical reference hwif_out.port_6.PERM_SHADOW_0.wr_req
[374]    STX_VE_266    STX_VE_266    Syntax      ../../../build/package/top/aixsilicon_ip_apb_secure_demux_1.0.0/ut_top-vcs/src/aixsilicon_ip_apb_secure_demux_1.0.0/rtl/instance/apb_secure_demux_register_bridge.sv    1213    1000    Cannot resolve hierarchical reference hwif_out.port_6.PERM_SHADOW_0.wr_req
[375]    STX_VE_266    STX_VE_266    Syntax      ../../../build/package/top/aixsilicon_ip_apb_secure_demux_1.0.0/ut_top-vcs/src/aixsilicon_ip_apb_secure_demux_1.0.0/rtl/instance/apb_secure_demux_register_bridge.sv    1214    1000    Cannot resolve hierarchical reference hwif_out.port_6.PERM_SHADOW_1.rd_req
[376]    STX_VE_266    STX_VE_266    Syntax      ../../../build/package/top/aixsilicon_ip_apb_secure_demux_1.0.0/ut_top-vcs/src/aixsilicon_ip_apb_secure_demux_1.0.0/rtl/instance/apb_secure_demux_register_bridge.sv    1216    1000    Cannot resolve hierarchical reference hwif_out.port_6.PERM_SHADOW_1.rd_req
[377]    STX_VE_266    STX_VE_266    Syntax      ../../../build/package/top/aixsilicon_ip_apb_secure_demux_1.0.0/ut_top-vcs/src/aixsilicon_ip_apb_secure_demux_1.0.0/rtl/instance/apb_secure_demux_register_bridge.sv    1217    1000    Cannot resolve hierarchical reference hwif_out.port_6.PERM_SHADOW_1.wr_req
[378]    STX_VE_266    STX_VE_266    Syntax      ../../../build/package/top/aixsilicon_ip_apb_secure_demux_1.0.0/ut_top-vcs/src/aixsilicon_ip_apb_secure_demux_1.0.0/rtl/instance/apb_secure_demux_register_bridge.sv    1218    1000    Cannot resolve hierarchical reference hwif_out.port_6.PERM_SHADOW_1.wr_req
[379]    STX_VE_266    STX_VE_266    Syntax      ../../../build/package/top/aixsilicon_ip_apb_secure_demux_1.0.0/ut_top-vcs/src/aixsilicon_ip_apb_secure_demux_1.0.0/rtl/instance/apb_secure_demux_register_bridge.sv    1219    1000    Cannot resolve hierarchical reference hwif_out.port_6.PERM_SHADOW_2.rd_req
[37A]    STX_VE_266    STX_VE_266    Syntax      ../../../build/package/top/aixsilicon_ip_apb_secure_demux_1.0.0/ut_top-vcs/src/aixsilicon_ip_apb_secure_demux_1.0.0/rtl/instance/apb_secure_demux_register_bridge.sv    1221    1000    Cannot resolve hierarchical reference hwif_out.port_6.PERM_SHADOW_2.rd_req
[37B]    STX_VE_266    STX_VE_266    Syntax      ../../../build/package/top/aixsilicon_ip_apb_secure_demux_1.0.0/ut_top-vcs/src/aixsilicon_ip_apb_secure_demux_1.0.0/rtl/instance/apb_secure_demux_register_bridge.sv    1222    1000    Cannot resolve hierarchical reference hwif_out.port_6.PERM_SHADOW_2.wr_req
[37C]    STX_VE_266    STX_VE_266    Syntax      ../../../build/package/top/aixsilicon_ip_apb_secure_demux_1.0.0/ut_top-vcs/src/aixsilicon_ip_apb_secure_demux_1.0.0/rtl/instance/apb_secure_demux_register_bridge.sv    1223    1000    Cannot resolve hierarchical reference hwif_out.port_6.PERM_SHADOW_2.wr_req
[37D]    STX_VE_266    STX_VE_266    Syntax      ../../../build/package/top/aixsilicon_ip_apb_secure_demux_1.0.0/ut_top-vcs/src/aixsilicon_ip_apb_secure_demux_1.0.0/rtl/instance/apb_secure_demux_register_bridge.sv    1224    1000    Cannot resolve hierarchical reference hwif_out.port_6.PERM_SHADOW_3.rd_req
[37E]    STX_VE_266    STX_VE_266    Syntax      ../../../build/package/top/aixsilicon_ip_apb_secure_demux_1.0.0/ut_top-vcs/src/aixsilicon_ip_apb_secure_demux_1.0.0/rtl/instance/apb_secure_demux_register_bridge.sv    1226    1000    Cannot resolve hierarchical reference hwif_out.port_6.PERM_SHADOW_3.rd_req
[37F]    STX_VE_266    STX_VE_266    Syntax      ../../../build/package/top/aixsilicon_ip_apb_secure_demux_1.0.0/ut_top-vcs/src/aixsilicon_ip_apb_secure_demux_1.0.0/rtl/instance/apb_secure_demux_register_bridge.sv    1227    1000    Cannot resolve hierarchical reference hwif_out.port_6.PERM_SHADOW_3.wr_req
[380]    STX_VE_266    STX_VE_266    Syntax      ../../../build/package/top/aixsilicon_ip_apb_secure_demux_1.0.0/ut_top-vcs/src/aixsilicon_ip_apb_secure_demux_1.0.0/rtl/instance/apb_secure_demux_register_bridge.sv    1228    1000    Cannot resolve hierarchical reference hwif_out.port_6.PERM_SHADOW_3.wr_req
[381]    STX_VE_266    STX_VE_266    Syntax      ../../../build/package/top/aixsilicon_ip_apb_secure_demux_1.0.0/ut_top-vcs/src/aixsilicon_ip_apb_secure_demux_1.0.0/rtl/instance/apb_secure_demux_register_bridge.sv    1229    1000    Cannot resolve hierarchical reference hwif_out.port_6.PERM_SHADOW_4.rd_req
[382]    STX_VE_266    STX_VE_266    Syntax      ../../../build/package/top/aixsilicon_ip_apb_secure_demux_1.0.0/ut_top-vcs/src/aixsilicon_ip_apb_secure_demux_1.0.0/rtl/instance/apb_secure_demux_register_bridge.sv    1231    1000    Cannot resolve hierarchical reference hwif_out.port_6.PERM_SHADOW_4.rd_req
[383]    STX_VE_266    STX_VE_266    Syntax      ../../../build/package/top/aixsilicon_ip_apb_secure_demux_1.0.0/ut_top-vcs/src/aixsilicon_ip_apb_secure_demux_1.0.0/rtl/instance/apb_secure_demux_register_bridge.sv    1232    1000    Cannot resolve hierarchical reference hwif_out.port_6.PERM_SHADOW_4.wr_req
[384]    STX_VE_266    STX_VE_266    Syntax      ../../../build/package/top/aixsilicon_ip_apb_secure_demux_1.0.0/ut_top-vcs/src/aixsilicon_ip_apb_secure_demux_1.0.0/rtl/instance/apb_secure_demux_register_bridge.sv    1233    1000    Cannot resolve hierarchical reference hwif_out.port_6.PERM_SHADOW_4.wr_req
[385]    STX_VE_266    STX_VE_266    Syntax      ../../../build/package/top/aixsilicon_ip_apb_secure_demux_1.0.0/ut_top-vcs/src/aixsilicon_ip_apb_secure_demux_1.0.0/rtl/instance/apb_secure_demux_register_bridge.sv    1234    1000    Cannot resolve hierarchical reference hwif_out.port_6.PERM_SHADOW_5.rd_req
[386]    STX_VE_266    STX_VE_266    Syntax      ../../../build/package/top/aixsilicon_ip_apb_secure_demux_1.0.0/ut_top-vcs/src/aixsilicon_ip_apb_secure_demux_1.0.0/rtl/instance/apb_secure_demux_register_bridge.sv    1236    1000    Cannot resolve hierarchical reference hwif_out.port_6.PERM_SHADOW_5.rd_req
[387]    STX_VE_266    STX_VE_266    Syntax      ../../../build/package/top/aixsilicon_ip_apb_secure_demux_1.0.0/ut_top-vcs/src/aixsilicon_ip_apb_secure_demux_1.0.0/rtl/instance/apb_secure_demux_register_bridge.sv    1237    1000    Cannot resolve hierarchical reference hwif_out.port_6.PERM_SHADOW_5.wr_req
[388]    STX_VE_266    STX_VE_266    Syntax      ../../../build/package/top/aixsilicon_ip_apb_secure_demux_1.0.0/ut_top-vcs/src/aixsilicon_ip_apb_secure_demux_1.0.0/rtl/instance/apb_secure_demux_register_bridge.sv    1238    1000    Cannot resolve hierarchical reference hwif_out.port_6.PERM_SHADOW_5.wr_req
[389]    STX_VE_266    STX_VE_266    Syntax      ../../../build/package/top/aixsilicon_ip_apb_secure_demux_1.0.0/ut_top-vcs/src/aixsilicon_ip_apb_secure_demux_1.0.0/rtl/instance/apb_secure_demux_register_bridge.sv    1239    1000    Cannot resolve hierarchical reference hwif_out.port_6.PERM_SHADOW_6.rd_req
[38A]    STX_VE_266    STX_VE_266    Syntax      ../../../build/package/top/aixsilicon_ip_apb_secure_demux_1.0.0/ut_top-vcs/src/aixsilicon_ip_apb_secure_demux_1.0.0/rtl/instance/apb_secure_demux_register_bridge.sv    1241    1000    Cannot resolve hierarchical reference hwif_out.port_6.PERM_SHADOW_6.rd_req
[38B]    STX_VE_266    STX_VE_266    Syntax      ../../../build/package/top/aixsilicon_ip_apb_secure_demux_1.0.0/ut_top-vcs/src/aixsilicon_ip_apb_secure_demux_1.0.0/rtl/instance/apb_secure_demux_register_bridge.sv    1242    1000    Cannot resolve hierarchical reference hwif_out.port_6.PERM_SHADOW_6.wr_req
[38C]    STX_VE_266    STX_VE_266    Syntax      ../../../build/package/top/aixsilicon_ip_apb_secure_demux_1.0.0/ut_top-vcs/src/aixsilicon_ip_apb_secure_demux_1.0.0/rtl/instance/apb_secure_demux_register_bridge.sv    1243    1000    Cannot resolve hierarchical reference hwif_out.port_6.PERM_SHADOW_6.wr_req
[38D]    STX_VE_266    STX_VE_266    Syntax      ../../../build/package/top/aixsilicon_ip_apb_secure_demux_1.0.0/ut_top-vcs/src/aixsilicon_ip_apb_secure_demux_1.0.0/rtl/instance/apb_secure_demux_register_bridge.sv    1244    1000    Cannot resolve hierarchical reference hwif_out.port_6.PERM_SHADOW_7.rd_req
[38E]    STX_VE_266    STX_VE_266    Syntax      ../../../build/package/top/aixsilicon_ip_apb_secure_demux_1.0.0/ut_top-vcs/src/aixsilicon_ip_apb_secure_demux_1.0.0/rtl/instance/apb_secure_demux_register_bridge.sv    1246    1000    Cannot resolve hierarchical reference hwif_out.port_6.PERM_SHADOW_7.rd_req
[38F]    STX_VE_266    STX_VE_266    Syntax      ../../../build/package/top/aixsilicon_ip_apb_secure_demux_1.0.0/ut_top-vcs/src/aixsilicon_ip_apb_secure_demux_1.0.0/rtl/instance/apb_secure_demux_register_bridge.sv    1247    1000    Cannot resolve hierarchical reference hwif_out.port_6.PERM_SHADOW_7.wr_req
[390]    STX_VE_266    STX_VE_266    Syntax      ../../../build/package/top/aixsilicon_ip_apb_secure_demux_1.0.0/ut_top-vcs/src/aixsilicon_ip_apb_secure_demux_1.0.0/rtl/instance/apb_secure_demux_register_bridge.sv    1248    1000    Cannot resolve hierarchical reference hwif_out.port_6.PERM_SHADOW_7.wr_req
[391]    STX_VE_266    STX_VE_266    Syntax      ../../../build/package/top/aixsilicon_ip_apb_secure_demux_1.0.0/ut_top-vcs/src/aixsilicon_ip_apb_secure_demux_1.0.0/rtl/instance/apb_secure_demux_register_bridge.sv    1249    1000    Cannot resolve hierarchical reference hwif_out.port_6.PERM_SHADOW_8.rd_req
[392]    STX_VE_266    STX_VE_266    Syntax      ../../../build/package/top/aixsilicon_ip_apb_secure_demux_1.0.0/ut_top-vcs/src/aixsilicon_ip_apb_secure_demux_1.0.0/rtl/instance/apb_secure_demux_register_bridge.sv    1251    1000    Cannot resolve hierarchical reference hwif_out.port_6.PERM_SHADOW_8.rd_req
[393]    STX_VE_266    STX_VE_266    Syntax      ../../../build/package/top/aixsilicon_ip_apb_secure_demux_1.0.0/ut_top-vcs/src/aixsilicon_ip_apb_secure_demux_1.0.0/rtl/instance/apb_secure_demux_register_bridge.sv    1252    1000    Cannot resolve hierarchical reference hwif_out.port_6.PERM_SHADOW_8.wr_req
[394]    STX_VE_266    STX_VE_266    Syntax      ../../../build/package/top/aixsilicon_ip_apb_secure_demux_1.0.0/ut_top-vcs/src/aixsilicon_ip_apb_secure_demux_1.0.0/rtl/instance/apb_secure_demux_register_bridge.sv    1253    1000    Cannot resolve hierarchical reference hwif_out.port_6.PERM_SHADOW_8.wr_req
[395]    STX_VE_266    STX_VE_266    Syntax      ../../../build/package/top/aixsilicon_ip_apb_secure_demux_1.0.0/ut_top-vcs/src/aixsilicon_ip_apb_secure_demux_1.0.0/rtl/instance/apb_secure_demux_register_bridge.sv    1254    1000    Cannot resolve hierarchical reference hwif_out.port_6.PERM_SHADOW_9.rd_req
[396]    STX_VE_266    STX_VE_266    Syntax      ../../../build/package/top/aixsilicon_ip_apb_secure_demux_1.0.0/ut_top-vcs/src/aixsilicon_ip_apb_secure_demux_1.0.0/rtl/instance/apb_secure_demux_register_bridge.sv    1256    1000    Cannot resolve hierarchical reference hwif_out.port_6.PERM_SHADOW_9.rd_req
[397]    STX_VE_266    STX_VE_266    Syntax      ../../../build/package/top/aixsilicon_ip_apb_secure_demux_1.0.0/ut_top-vcs/src/aixsilicon_ip_apb_secure_demux_1.0.0/rtl/instance/apb_secure_demux_register_bridge.sv    1257    1000    Cannot resolve hierarchical reference hwif_out.port_6.PERM_SHADOW_9.wr_req
[398]    STX_VE_266    STX_VE_266    Syntax      ../../../build/package/top/aixsilicon_ip_apb_secure_demux_1.0.0/ut_top-vcs/src/aixsilicon_ip_apb_secure_demux_1.0.0/rtl/instance/apb_secure_demux_register_bridge.sv    1258    1000    Cannot resolve hierarchical reference hwif_out.port_6.PERM_SHADOW_9.wr_req
[399]    STX_VE_266    STX_VE_266    Syntax      ../../../build/package/top/aixsilicon_ip_apb_secure_demux_1.0.0/ut_top-vcs/src/aixsilicon_ip_apb_secure_demux_1.0.0/rtl/instance/apb_secure_demux_register_bridge.sv    1259    1000    Cannot resolve hierarchical reference hwif_out.port_6.PERM_SHADOW_10.rd_req
[39A]    STX_VE_266    STX_VE_266    Syntax      ../../../build/package/top/aixsilicon_ip_apb_secure_demux_1.0.0/ut_top-vcs/src/aixsilicon_ip_apb_secure_demux_1.0.0/rtl/instance/apb_secure_demux_register_bridge.sv    1261    1000    Cannot resolve hierarchical reference hwif_out.port_6.PERM_SHADOW_10.rd_req
[39B]    STX_VE_266    STX_VE_266    Syntax      ../../../build/package/top/aixsilicon_ip_apb_secure_demux_1.0.0/ut_top-vcs/src/aixsilicon_ip_apb_secure_demux_1.0.0/rtl/instance/apb_secure_demux_register_bridge.sv    1262    1000    Cannot resolve hierarchical reference hwif_out.port_6.PERM_SHADOW_10.wr_req
[39C]    STX_VE_266    STX_VE_266    Syntax      ../../../build/package/top/aixsilicon_ip_apb_secure_demux_1.0.0/ut_top-vcs/src/aixsilicon_ip_apb_secure_demux_1.0.0/rtl/instance/apb_secure_demux_register_bridge.sv    1263    1000    Cannot resolve hierarchical reference hwif_out.port_6.PERM_SHADOW_10.wr_req
[39D]    STX_VE_266    STX_VE_266    Syntax      ../../../build/package/top/aixsilicon_ip_apb_secure_demux_1.0.0/ut_top-vcs/src/aixsilicon_ip_apb_secure_demux_1.0.0/rtl/instance/apb_secure_demux_register_bridge.sv    1264    1000    Cannot resolve hierarchical reference hwif_out.port_6.PERM_SHADOW_11.rd_req
[39E]    STX_VE_266    STX_VE_266    Syntax      ../../../build/package/top/aixsilicon_ip_apb_secure_demux_1.0.0/ut_top-vcs/src/aixsilicon_ip_apb_secure_demux_1.0.0/rtl/instance/apb_secure_demux_register_bridge.sv    1266    1000    Cannot resolve hierarchical reference hwif_out.port_6.PERM_SHADOW_11.rd_req
[39F]    STX_VE_266    STX_VE_266    Syntax      ../../../build/package/top/aixsilicon_ip_apb_secure_demux_1.0.0/ut_top-vcs/src/aixsilicon_ip_apb_secure_demux_1.0.0/rtl/instance/apb_secure_demux_register_bridge.sv    1267    1000    Cannot resolve hierarchical reference hwif_out.port_6.PERM_SHADOW_11.wr_req
[3A0]    STX_VE_266    STX_VE_266    Syntax      ../../../build/package/top/aixsilicon_ip_apb_secure_demux_1.0.0/ut_top-vcs/src/aixsilicon_ip_apb_secure_demux_1.0.0/rtl/instance/apb_secure_demux_register_bridge.sv    1268    1000    Cannot resolve hierarchical reference hwif_out.port_6.PERM_SHADOW_11.wr_req
[3A1]    STX_VE_266    STX_VE_266    Syntax      ../../../build/package/top/aixsilicon_ip_apb_secure_demux_1.0.0/ut_top-vcs/src/aixsilicon_ip_apb_secure_demux_1.0.0/rtl/instance/apb_secure_demux_register_bridge.sv    1269    1000    Cannot resolve hierarchical reference hwif_out.port_6.PERM_SHADOW_12.rd_req
[3A2]    STX_VE_266    STX_VE_266    Syntax      ../../../build/package/top/aixsilicon_ip_apb_secure_demux_1.0.0/ut_top-vcs/src/aixsilicon_ip_apb_secure_demux_1.0.0/rtl/instance/apb_secure_demux_register_bridge.sv    1271    1000    Cannot resolve hierarchical reference hwif_out.port_6.PERM_SHADOW_12.rd_req
[3A3]    STX_VE_266    STX_VE_266    Syntax      ../../../build/package/top/aixsilicon_ip_apb_secure_demux_1.0.0/ut_top-vcs/src/aixsilicon_ip_apb_secure_demux_1.0.0/rtl/instance/apb_secure_demux_register_bridge.sv    1272    1000    Cannot resolve hierarchical reference hwif_out.port_6.PERM_SHADOW_12.wr_req
[3A4]    STX_VE_266    STX_VE_266    Syntax      ../../../build/package/top/aixsilicon_ip_apb_secure_demux_1.0.0/ut_top-vcs/src/aixsilicon_ip_apb_secure_demux_1.0.0/rtl/instance/apb_secure_demux_register_bridge.sv    1273    1000    Cannot resolve hierarchical reference hwif_out.port_6.PERM_SHADOW_12.wr_req
[3A5]    STX_VE_266    STX_VE_266    Syntax      ../../../build/package/top/aixsilicon_ip_apb_secure_demux_1.0.0/ut_top-vcs/src/aixsilicon_ip_apb_secure_demux_1.0.0/rtl/instance/apb_secure_demux_register_bridge.sv    1274    1000    Cannot resolve hierarchical reference hwif_out.port_6.PERM_SHADOW_13.rd_req
[3A6]    STX_VE_266    STX_VE_266    Syntax      ../../../build/package/top/aixsilicon_ip_apb_secure_demux_1.0.0/ut_top-vcs/src/aixsilicon_ip_apb_secure_demux_1.0.0/rtl/instance/apb_secure_demux_register_bridge.sv    1276    1000    Cannot resolve hierarchical reference hwif_out.port_6.PERM_SHADOW_13.rd_req
[3A7]    STX_VE_266    STX_VE_266    Syntax      ../../../build/package/top/aixsilicon_ip_apb_secure_demux_1.0.0/ut_top-vcs/src/aixsilicon_ip_apb_secure_demux_1.0.0/rtl/instance/apb_secure_demux_register_bridge.sv    1277    1000    Cannot resolve hierarchical reference hwif_out.port_6.PERM_SHADOW_13.wr_req
[3A8]    STX_VE_266    STX_VE_266    Syntax      ../../../build/package/top/aixsilicon_ip_apb_secure_demux_1.0.0/ut_top-vcs/src/aixsilicon_ip_apb_secure_demux_1.0.0/rtl/instance/apb_secure_demux_register_bridge.sv    1278    1000    Cannot resolve hierarchical reference hwif_out.port_6.PERM_SHADOW_13.wr_req
[3A9]    STX_VE_266    STX_VE_266    Syntax      ../../../build/package/top/aixsilicon_ip_apb_secure_demux_1.0.0/ut_top-vcs/src/aixsilicon_ip_apb_secure_demux_1.0.0/rtl/instance/apb_secure_demux_register_bridge.sv    1279    1000    Cannot resolve hierarchical reference hwif_out.port_6.PERM_SHADOW_14.rd_req
[3AA]    STX_VE_266    STX_VE_266    Syntax      ../../../build/package/top/aixsilicon_ip_apb_secure_demux_1.0.0/ut_top-vcs/src/aixsilicon_ip_apb_secure_demux_1.0.0/rtl/instance/apb_secure_demux_register_bridge.sv    1281    1000    Cannot resolve hierarchical reference hwif_out.port_6.PERM_SHADOW_14.rd_req
[3AB]    STX_VE_266    STX_VE_266    Syntax      ../../../build/package/top/aixsilicon_ip_apb_secure_demux_1.0.0/ut_top-vcs/src/aixsilicon_ip_apb_secure_demux_1.0.0/rtl/instance/apb_secure_demux_register_bridge.sv    1282    1000    Cannot resolve hierarchical reference hwif_out.port_6.PERM_SHADOW_14.wr_req
[3AC]    STX_VE_266    STX_VE_266    Syntax      ../../../build/package/top/aixsilicon_ip_apb_secure_demux_1.0.0/ut_top-vcs/src/aixsilicon_ip_apb_secure_demux_1.0.0/rtl/instance/apb_secure_demux_register_bridge.sv    1283    1000    Cannot resolve hierarchical reference hwif_out.port_6.PERM_SHADOW_14.wr_req
[3AD]    STX_VE_266    STX_VE_266    Syntax      ../../../build/package/top/aixsilicon_ip_apb_secure_demux_1.0.0/ut_top-vcs/src/aixsilicon_ip_apb_secure_demux_1.0.0/rtl/instance/apb_secure_demux_register_bridge.sv    1284    1000    Cannot resolve hierarchical reference hwif_out.port_6.PERM_SHADOW_15.rd_req
[3AE]    STX_VE_266    STX_VE_266    Syntax      ../../../build/package/top/aixsilicon_ip_apb_secure_demux_1.0.0/ut_top-vcs/src/aixsilicon_ip_apb_secure_demux_1.0.0/rtl/instance/apb_secure_demux_register_bridge.sv    1286    1000    Cannot resolve hierarchical reference hwif_out.port_6.PERM_SHADOW_15.rd_req
[3AF]    STX_VE_266    STX_VE_266    Syntax      ../../../build/package/top/aixsilicon_ip_apb_secure_demux_1.0.0/ut_top-vcs/src/aixsilicon_ip_apb_secure_demux_1.0.0/rtl/instance/apb_secure_demux_register_bridge.sv    1287    1000    Cannot resolve hierarchical reference hwif_out.port_6.PERM_SHADOW_15.wr_req
[3B0]    STX_VE_266    STX_VE_266    Syntax      ../../../build/package/top/aixsilicon_ip_apb_secure_demux_1.0.0/ut_top-vcs/src/aixsilicon_ip_apb_secure_demux_1.0.0/rtl/instance/apb_secure_demux_register_bridge.sv    1288    1000    Cannot resolve hierarchical reference hwif_out.port_6.PERM_SHADOW_15.wr_req
[3B1]    STX_VE_266    STX_VE_266    Syntax      ../../../build/package/top/aixsilicon_ip_apb_secure_demux_1.0.0/ut_top-vcs/src/aixsilicon_ip_apb_secure_demux_1.0.0/rtl/instance/apb_secure_demux_register_bridge.sv    1289    1000    Cannot resolve hierarchical reference hwif_out.port_6.PERM_ACTIVE_0.rd_req
[3B2]    STX_VE_266    STX_VE_266    Syntax      ../../../build/package/top/aixsilicon_ip_apb_secure_demux_1.0.0/ut_top-vcs/src/aixsilicon_ip_apb_secure_demux_1.0.0/rtl/instance/apb_secure_demux_register_bridge.sv    1291    1000    Cannot resolve hierarchical reference hwif_out.port_6.PERM_ACTIVE_0.rd_req
[3B3]    STX_VE_266    STX_VE_266    Syntax      ../../../build/package/top/aixsilicon_ip_apb_secure_demux_1.0.0/ut_top-vcs/src/aixsilicon_ip_apb_secure_demux_1.0.0/rtl/instance/apb_secure_demux_register_bridge.sv    1292    1000    Cannot resolve hierarchical reference hwif_out.port_6.PERM_ACTIVE_1.rd_req
[3B4]    STX_VE_266    STX_VE_266    Syntax      ../../../build/package/top/aixsilicon_ip_apb_secure_demux_1.0.0/ut_top-vcs/src/aixsilicon_ip_apb_secure_demux_1.0.0/rtl/instance/apb_secure_demux_register_bridge.sv    1294    1000    Cannot resolve hierarchical reference hwif_out.port_6.PERM_ACTIVE_1.rd_req
[3B5]    STX_VE_266    STX_VE_266    Syntax      ../../../build/package/top/aixsilicon_ip_apb_secure_demux_1.0.0/ut_top-vcs/src/aixsilicon_ip_apb_secure_demux_1.0.0/rtl/instance/apb_secure_demux_register_bridge.sv    1295    1000    Cannot resolve hierarchical reference hwif_out.port_6.PERM_ACTIVE_2.rd_req
[3B6]    STX_VE_266    STX_VE_266    Syntax      ../../../build/package/top/aixsilicon_ip_apb_secure_demux_1.0.0/ut_top-vcs/src/aixsilicon_ip_apb_secure_demux_1.0.0/rtl/instance/apb_secure_demux_register_bridge.sv    1297    1000    Cannot resolve hierarchical reference hwif_out.port_6.PERM_ACTIVE_2.rd_req
[3B7]    STX_VE_266    STX_VE_266    Syntax      ../../../build/package/top/aixsilicon_ip_apb_secure_demux_1.0.0/ut_top-vcs/src/aixsilicon_ip_apb_secure_demux_1.0.0/rtl/instance/apb_secure_demux_register_bridge.sv    1298    1000    Cannot resolve hierarchical reference hwif_out.port_6.PERM_ACTIVE_3.rd_req
[3B8]    STX_VE_266    STX_VE_266    Syntax      ../../../build/package/top/aixsilicon_ip_apb_secure_demux_1.0.0/ut_top-vcs/src/aixsilicon_ip_apb_secure_demux_1.0.0/rtl/instance/apb_secure_demux_register_bridge.sv    1300    1000    Cannot resolve hierarchical reference hwif_out.port_6.PERM_ACTIVE_3.rd_req
[3B9]    STX_VE_266    STX_VE_266    Syntax      ../../../build/package/top/aixsilicon_ip_apb_secure_demux_1.0.0/ut_top-vcs/src/aixsilicon_ip_apb_secure_demux_1.0.0/rtl/instance/apb_secure_demux_register_bridge.sv    1301    1000    Cannot resolve hierarchical reference hwif_out.port_6.PERM_ACTIVE_4.rd_req
[3BA]    STX_VE_266    STX_VE_266    Syntax      ../../../build/package/top/aixsilicon_ip_apb_secure_demux_1.0.0/ut_top-vcs/src/aixsilicon_ip_apb_secure_demux_1.0.0/rtl/instance/apb_secure_demux_register_bridge.sv    1303    1000    Cannot resolve hierarchical reference hwif_out.port_6.PERM_ACTIVE_4.rd_req
[3BB]    STX_VE_266    STX_VE_266    Syntax      ../../../build/package/top/aixsilicon_ip_apb_secure_demux_1.0.0/ut_top-vcs/src/aixsilicon_ip_apb_secure_demux_1.0.0/rtl/instance/apb_secure_demux_register_bridge.sv    1304    1000    Cannot resolve hierarchical reference hwif_out.port_6.PERM_ACTIVE_5.rd_req
[3BC]    STX_VE_266    STX_VE_266    Syntax      ../../../build/package/top/aixsilicon_ip_apb_secure_demux_1.0.0/ut_top-vcs/src/aixsilicon_ip_apb_secure_demux_1.0.0/rtl/instance/apb_secure_demux_register_bridge.sv    1306    1000    Cannot resolve hierarchical reference hwif_out.port_6.PERM_ACTIVE_5.rd_req
[3BD]    STX_VE_266    STX_VE_266    Syntax      ../../../build/package/top/aixsilicon_ip_apb_secure_demux_1.0.0/ut_top-vcs/src/aixsilicon_ip_apb_secure_demux_1.0.0/rtl/instance/apb_secure_demux_register_bridge.sv    1307    1000    Cannot resolve hierarchical reference hwif_out.port_6.PERM_ACTIVE_6.rd_req
[3BE]    STX_VE_266    STX_VE_266    Syntax      ../../../build/package/top/aixsilicon_ip_apb_secure_demux_1.0.0/ut_top-vcs/src/aixsilicon_ip_apb_secure_demux_1.0.0/rtl/instance/apb_secure_demux_register_bridge.sv    1309    1000    Cannot resolve hierarchical reference hwif_out.port_6.PERM_ACTIVE_6.rd_req
[3BF]    STX_VE_266    STX_VE_266    Syntax      ../../../build/package/top/aixsilicon_ip_apb_secure_demux_1.0.0/ut_top-vcs/src/aixsilicon_ip_apb_secure_demux_1.0.0/rtl/instance/apb_secure_demux_register_bridge.sv    1310    1000    Cannot resolve hierarchical reference hwif_out.port_6.PERM_ACTIVE_7.rd_req
[3C0]    STX_VE_266    STX_VE_266    Syntax      ../../../build/package/top/aixsilicon_ip_apb_secure_demux_1.0.0/ut_top-vcs/src/aixsilicon_ip_apb_secure_demux_1.0.0/rtl/instance/apb_secure_demux_register_bridge.sv    1312    1000    Cannot resolve hierarchical reference hwif_out.port_6.PERM_ACTIVE_7.rd_req
[3C1]    STX_VE_266    STX_VE_266    Syntax      ../../../build/package/top/aixsilicon_ip_apb_secure_demux_1.0.0/ut_top-vcs/src/aixsilicon_ip_apb_secure_demux_1.0.0/rtl/instance/apb_secure_demux_register_bridge.sv    1313    1000    Cannot resolve hierarchical reference hwif_out.port_6.PERM_ACTIVE_8.rd_req
[3C2]    STX_VE_266    STX_VE_266    Syntax      ../../../build/package/top/aixsilicon_ip_apb_secure_demux_1.0.0/ut_top-vcs/src/aixsilicon_ip_apb_secure_demux_1.0.0/rtl/instance/apb_secure_demux_register_bridge.sv    1315    1000    Cannot resolve hierarchical reference hwif_out.port_6.PERM_ACTIVE_8.rd_req
[3C3]    STX_VE_266    STX_VE_266    Syntax      ../../../build/package/top/aixsilicon_ip_apb_secure_demux_1.0.0/ut_top-vcs/src/aixsilicon_ip_apb_secure_demux_1.0.0/rtl/instance/apb_secure_demux_register_bridge.sv    1316    1000    Cannot resolve hierarchical reference hwif_out.port_6.PERM_ACTIVE_9.rd_req
[3C4]    STX_VE_266    STX_VE_266    Syntax      ../../../build/package/top/aixsilicon_ip_apb_secure_demux_1.0.0/ut_top-vcs/src/aixsilicon_ip_apb_secure_demux_1.0.0/rtl/instance/apb_secure_demux_register_bridge.sv    1318    1000    Cannot resolve hierarchical reference hwif_out.port_6.PERM_ACTIVE_9.rd_req
[3C5]    STX_VE_266    STX_VE_266    Syntax      ../../../build/package/top/aixsilicon_ip_apb_secure_demux_1.0.0/ut_top-vcs/src/aixsilicon_ip_apb_secure_demux_1.0.0/rtl/instance/apb_secure_demux_register_bridge.sv    1319    1000    Cannot resolve hierarchical reference hwif_out.port_6.PERM_ACTIVE_10.rd_req
[3C6]    STX_VE_266    STX_VE_266    Syntax      ../../../build/package/top/aixsilicon_ip_apb_secure_demux_1.0.0/ut_top-vcs/src/aixsilicon_ip_apb_secure_demux_1.0.0/rtl/instance/apb_secure_demux_register_bridge.sv    1321    1000    Cannot resolve hierarchical reference hwif_out.port_6.PERM_ACTIVE_10.rd_req
[3C7]    STX_VE_266    STX_VE_266    Syntax      ../../../build/package/top/aixsilicon_ip_apb_secure_demux_1.0.0/ut_top-vcs/src/aixsilicon_ip_apb_secure_demux_1.0.0/rtl/instance/apb_secure_demux_register_bridge.sv    1322    1000    Cannot resolve hierarchical reference hwif_out.port_6.PERM_ACTIVE_11.rd_req
[3C8]    STX_VE_266    STX_VE_266    Syntax      ../../../build/package/top/aixsilicon_ip_apb_secure_demux_1.0.0/ut_top-vcs/src/aixsilicon_ip_apb_secure_demux_1.0.0/rtl/instance/apb_secure_demux_register_bridge.sv    1324    1000    Cannot resolve hierarchical reference hwif_out.port_6.PERM_ACTIVE_11.rd_req
[3C9]    STX_VE_266    STX_VE_266    Syntax      ../../../build/package/top/aixsilicon_ip_apb_secure_demux_1.0.0/ut_top-vcs/src/aixsilicon_ip_apb_secure_demux_1.0.0/rtl/instance/apb_secure_demux_register_bridge.sv    1325    1000    Cannot resolve hierarchical reference hwif_out.port_6.PERM_ACTIVE_12.rd_req
[3CA]    STX_VE_266    STX_VE_266    Syntax      ../../../build/package/top/aixsilicon_ip_apb_secure_demux_1.0.0/ut_top-vcs/src/aixsilicon_ip_apb_secure_demux_1.0.0/rtl/instance/apb_secure_demux_register_bridge.sv    1327    1000    Cannot resolve hierarchical reference hwif_out.port_6.PERM_ACTIVE_12.rd_req
[3CB]    STX_VE_266    STX_VE_266    Syntax      ../../../build/package/top/aixsilicon_ip_apb_secure_demux_1.0.0/ut_top-vcs/src/aixsilicon_ip_apb_secure_demux_1.0.0/rtl/instance/apb_secure_demux_register_bridge.sv    1328    1000    Cannot resolve hierarchical reference hwif_out.port_6.PERM_ACTIVE_13.rd_req
[3CC]    STX_VE_266    STX_VE_266    Syntax      ../../../build/package/top/aixsilicon_ip_apb_secure_demux_1.0.0/ut_top-vcs/src/aixsilicon_ip_apb_secure_demux_1.0.0/rtl/instance/apb_secure_demux_register_bridge.sv    1330    1000    Cannot resolve hierarchical reference hwif_out.port_6.PERM_ACTIVE_13.rd_req
[3CD]    STX_VE_266    STX_VE_266    Syntax      ../../../build/package/top/aixsilicon_ip_apb_secure_demux_1.0.0/ut_top-vcs/src/aixsilicon_ip_apb_secure_demux_1.0.0/rtl/instance/apb_secure_demux_register_bridge.sv    1331    1000    Cannot resolve hierarchical reference hwif_out.port_6.PERM_ACTIVE_14.rd_req
[3CE]    STX_VE_266    STX_VE_266    Syntax      ../../../build/package/top/aixsilicon_ip_apb_secure_demux_1.0.0/ut_top-vcs/src/aixsilicon_ip_apb_secure_demux_1.0.0/rtl/instance/apb_secure_demux_register_bridge.sv    1333    1000    Cannot resolve hierarchical reference hwif_out.port_6.PERM_ACTIVE_14.rd_req
[3CF]    STX_VE_266    STX_VE_266    Syntax      ../../../build/package/top/aixsilicon_ip_apb_secure_demux_1.0.0/ut_top-vcs/src/aixsilicon_ip_apb_secure_demux_1.0.0/rtl/instance/apb_secure_demux_register_bridge.sv    1334    1000    Cannot resolve hierarchical reference hwif_out.port_6.PERM_ACTIVE_15.rd_req
[3D0]    STX_VE_266    STX_VE_266    Syntax      ../../../build/package/top/aixsilicon_ip_apb_secure_demux_1.0.0/ut_top-vcs/src/aixsilicon_ip_apb_secure_demux_1.0.0/rtl/instance/apb_secure_demux_register_bridge.sv    1336    1000    Cannot resolve hierarchical reference hwif_out.port_6.PERM_ACTIVE_15.rd_req
[3D1]    STX_VE_266    STX_VE_266    Syntax      ../../../build/package/top/aixsilicon_ip_apb_secure_demux_1.0.0/ut_top-vcs/src/aixsilicon_ip_apb_secure_demux_1.0.0/rtl/instance/apb_secure_demux_register_bridge.sv    1337    1000    Cannot resolve hierarchical reference hwif_out.port_7.MAP_BASE.rd_req
[3D2]    STX_VE_266    STX_VE_266    Syntax      ../../../build/package/top/aixsilicon_ip_apb_secure_demux_1.0.0/ut_top-vcs/src/aixsilicon_ip_apb_secure_demux_1.0.0/rtl/instance/apb_secure_demux_register_bridge.sv    1339    1000    Cannot resolve hierarchical reference hwif_out.port_7.MAP_BASE.rd_req
[3D3]    STX_VE_266    STX_VE_266    Syntax      ../../../build/package/top/aixsilicon_ip_apb_secure_demux_1.0.0/ut_top-vcs/src/aixsilicon_ip_apb_secure_demux_1.0.0/rtl/instance/apb_secure_demux_register_bridge.sv    1340    1000    Cannot resolve hierarchical reference hwif_out.port_7.MAP_LIMIT.rd_req
[3D4]    STX_VE_266    STX_VE_266    Syntax      ../../../build/package/top/aixsilicon_ip_apb_secure_demux_1.0.0/ut_top-vcs/src/aixsilicon_ip_apb_secure_demux_1.0.0/rtl/instance/apb_secure_demux_register_bridge.sv    1342    1000    Cannot resolve hierarchical reference hwif_out.port_7.MAP_LIMIT.rd_req
[3D5]    STX_VE_266    STX_VE_266    Syntax      ../../../build/package/top/aixsilicon_ip_apb_secure_demux_1.0.0/ut_top-vcs/src/aixsilicon_ip_apb_secure_demux_1.0.0/rtl/instance/apb_secure_demux_register_bridge.sv    1343    1000    Cannot resolve hierarchical reference hwif_out.port_7.PORT_LOCK.rd_req
[3D6]    STX_VE_266    STX_VE_266    Syntax      ../../../build/package/top/aixsilicon_ip_apb_secure_demux_1.0.0/ut_top-vcs/src/aixsilicon_ip_apb_secure_demux_1.0.0/rtl/instance/apb_secure_demux_register_bridge.sv    1345    1000    Cannot resolve hierarchical reference hwif_out.port_7.PORT_LOCK.rd_req
[3D7]    STX_VE_266    STX_VE_266    Syntax      ../../../build/package/top/aixsilicon_ip_apb_secure_demux_1.0.0/ut_top-vcs/src/aixsilicon_ip_apb_secure_demux_1.0.0/rtl/instance/apb_secure_demux_register_bridge.sv    1346    1000    Cannot resolve hierarchical reference hwif_out.port_7.PORT_LOCK.wr_req
[3D8]    STX_VE_266    STX_VE_266    Syntax      ../../../build/package/top/aixsilicon_ip_apb_secure_demux_1.0.0/ut_top-vcs/src/aixsilicon_ip_apb_secure_demux_1.0.0/rtl/instance/apb_secure_demux_register_bridge.sv    1347    1000    Cannot resolve hierarchical reference hwif_out.port_7.PORT_LOCK.wr_req
[3D9]    STX_VE_266    STX_VE_266    Syntax      ../../../build/package/top/aixsilicon_ip_apb_secure_demux_1.0.0/ut_top-vcs/src/aixsilicon_ip_apb_secure_demux_1.0.0/rtl/instance/apb_secure_demux_register_bridge.sv    1348    1000    Cannot resolve hierarchical reference hwif_out.port_7.CFG_SHADOW.rd_req
[3DA]    STX_VE_266    STX_VE_266    Syntax      ../../../build/package/top/aixsilicon_ip_apb_secure_demux_1.0.0/ut_top-vcs/src/aixsilicon_ip_apb_secure_demux_1.0.0/rtl/instance/apb_secure_demux_register_bridge.sv    1350    1000    Cannot resolve hierarchical reference hwif_out.port_7.CFG_SHADOW.rd_req
[3DB]    STX_VE_266    STX_VE_266    Syntax      ../../../build/package/top/aixsilicon_ip_apb_secure_demux_1.0.0/ut_top-vcs/src/aixsilicon_ip_apb_secure_demux_1.0.0/rtl/instance/apb_secure_demux_register_bridge.sv    1351    1000    Cannot resolve hierarchical reference hwif_out.port_7.CFG_SHADOW.wr_req
[3DC]    STX_VE_266    STX_VE_266    Syntax      ../../../build/package/top/aixsilicon_ip_apb_secure_demux_1.0.0/ut_top-vcs/src/aixsilicon_ip_apb_secure_demux_1.0.0/rtl/instance/apb_secure_demux_register_bridge.sv    1352    1000    Cannot resolve hierarchical reference hwif_out.port_7.CFG_SHADOW.wr_req
[3DD]    STX_VE_266    STX_VE_266    Syntax      ../../../build/package/top/aixsilicon_ip_apb_secure_demux_1.0.0/ut_top-vcs/src/aixsilicon_ip_apb_secure_demux_1.0.0/rtl/instance/apb_secure_demux_register_bridge.sv    1353    1000    Cannot resolve hierarchical reference hwif_out.port_7.CFG_ACTIVE.rd_req
[3DE]    STX_VE_266    STX_VE_266    Syntax      ../../../build/package/top/aixsilicon_ip_apb_secure_demux_1.0.0/ut_top-vcs/src/aixsilicon_ip_apb_secure_demux_1.0.0/rtl/instance/apb_secure_demux_register_bridge.sv    1355    1000    Cannot resolve hierarchical reference hwif_out.port_7.CFG_ACTIVE.rd_req
[3DF]    STX_VE_266    STX_VE_266    Syntax      ../../../build/package/top/aixsilicon_ip_apb_secure_demux_1.0.0/ut_top-vcs/src/aixsilicon_ip_apb_secure_demux_1.0.0/rtl/instance/apb_secure_demux_register_bridge.sv    1356    1000    Cannot resolve hierarchical reference hwif_out.port_7.SUCCESS_COUNT.rd_req
[3E0]    STX_VE_266    STX_VE_266    Syntax      ../../../build/package/top/aixsilicon_ip_apb_secure_demux_1.0.0/ut_top-vcs/src/aixsilicon_ip_apb_secure_demux_1.0.0/rtl/instance/apb_secure_demux_register_bridge.sv    1358    1000    Cannot resolve hierarchical reference hwif_out.port_7.SUCCESS_COUNT.rd_req
[3E1]    STX_VE_266    STX_VE_266    Syntax      ../../../build/package/top/aixsilicon_ip_apb_secure_demux_1.0.0/ut_top-vcs/src/aixsilicon_ip_apb_secure_demux_1.0.0/rtl/instance/apb_secure_demux_register_bridge.sv    1359    1000    Cannot resolve hierarchical reference hwif_out.port_7.DENY_COUNT.rd_req
[3E2]    STX_VE_266    STX_VE_266    Syntax      ../../../build/package/top/aixsilicon_ip_apb_secure_demux_1.0.0/ut_top-vcs/src/aixsilicon_ip_apb_secure_demux_1.0.0/rtl/instance/apb_secure_demux_register_bridge.sv    1361    1000    Cannot resolve hierarchical reference hwif_out.port_7.DENY_COUNT.rd_req
[3E3]    STX_VE_266    STX_VE_266    Syntax      ../../../build/package/top/aixsilicon_ip_apb_secure_demux_1.0.0/ut_top-vcs/src/aixsilicon_ip_apb_secure_demux_1.0.0/rtl/instance/apb_secure_demux_register_bridge.sv    1362    1000    Cannot resolve hierarchical reference hwif_out.port_7.SLVERR_COUNT.rd_req
[3E4]    STX_VE_266    STX_VE_266    Syntax      ../../../build/package/top/aixsilicon_ip_apb_secure_demux_1.0.0/ut_top-vcs/src/aixsilicon_ip_apb_secure_demux_1.0.0/rtl/instance/apb_secure_demux_register_bridge.sv    1364    1000    Cannot resolve hierarchical reference hwif_out.port_7.SLVERR_COUNT.rd_req
[3E5]    STX_VE_266    STX_VE_266    Syntax      ../../../build/package/top/aixsilicon_ip_apb_secure_demux_1.0.0/ut_top-vcs/src/aixsilicon_ip_apb_secure_demux_1.0.0/rtl/instance/apb_secure_demux_register_bridge.sv    1365    1000    Cannot resolve hierarchical reference hwif_out.port_7.WAIT_TOTAL.rd_req
[3E6]    STX_VE_266    STX_VE_266    Syntax      ../../../build/package/top/aixsilicon_ip_apb_secure_demux_1.0.0/ut_top-vcs/src/aixsilicon_ip_apb_secure_demux_1.0.0/rtl/instance/apb_secure_demux_register_bridge.sv    1367    1000    Cannot resolve hierarchical reference hwif_out.port_7.WAIT_TOTAL.rd_req
[3E7]    STX_VE_266    STX_VE_266    Syntax      ../../../build/package/top/aixsilicon_ip_apb_secure_demux_1.0.0/ut_top-vcs/src/aixsilicon_ip_apb_secure_demux_1.0.0/rtl/instance/apb_secure_demux_register_bridge.sv    1368    1000    Cannot resolve hierarchical reference hwif_out.port_7.WAIT_MAX.rd_req
[3E8]    STX_VE_266    STX_VE_266    Syntax      ../../../build/package/top/aixsilicon_ip_apb_secure_demux_1.0.0/ut_top-vcs/src/aixsilicon_ip_apb_secure_demux_1.0.0/rtl/instance/apb_secure_demux_register_bridge.sv    1370    1000    Cannot resolve hierarchical reference hwif_out.port_7.WAIT_MAX.rd_req
[3E9]    STX_VE_266    STX_VE_266    Syntax      ../../../build/package/top/aixsilicon_ip_apb_secure_demux_1.0.0/ut_top-vcs/src/aixsilicon_ip_apb_secure_demux_1.0.0/rtl/instance/apb_secure_demux_register_bridge.sv    1371    1000    Cannot resolve hierarchical reference hwif_out.port_7.DFX_COUNTER_CLEAR.wr_req
[3EA]    STX_VE_266    STX_VE_266    Syntax      ../../../build/package/top/aixsilicon_ip_apb_secure_demux_1.0.0/ut_top-vcs/src/aixsilicon_ip_apb_secure_demux_1.0.0/rtl/instance/apb_secure_demux_register_bridge.sv    1372    1000    Cannot resolve hierarchical reference hwif_out.port_7.DFX_COUNTER_CLEAR.wr_req
[3EB]    STX_VE_266    STX_VE_266    Syntax      ../../../build/package/top/aixsilicon_ip_apb_secure_demux_1.0.0/ut_top-vcs/src/aixsilicon_ip_apb_secure_demux_1.0.0/rtl/instance/apb_secure_demux_register_bridge.sv    1373    1000    Cannot resolve hierarchical reference hwif_out.port_7.PERM_SHADOW_0.rd_req
[3EC]    STX_VE_266    STX_VE_266    Syntax      ../../../build/package/top/aixsilicon_ip_apb_secure_demux_1.0.0/ut_top-vcs/src/aixsilicon_ip_apb_secure_demux_1.0.0/rtl/instance/apb_secure_demux_register_bridge.sv    1375    1000    Cannot resolve hierarchical reference hwif_out.port_7.PERM_SHADOW_0.rd_req
[3ED]    STX_VE_266    STX_VE_266    Syntax      ../../../build/package/top/aixsilicon_ip_apb_secure_demux_1.0.0/ut_top-vcs/src/aixsilicon_ip_apb_secure_demux_1.0.0/rtl/instance/apb_secure_demux_register_bridge.sv    1376    1000    Cannot resolve hierarchical reference hwif_out.port_7.PERM_SHADOW_0.wr_req
[3EE]    STX_VE_266    STX_VE_266    Syntax      ../../../build/package/top/aixsilicon_ip_apb_secure_demux_1.0.0/ut_top-vcs/src/aixsilicon_ip_apb_secure_demux_1.0.0/rtl/instance/apb_secure_demux_register_bridge.sv    1377    1000    Cannot resolve hierarchical reference hwif_out.port_7.PERM_SHADOW_0.wr_req
[3EF]    STX_VE_266    STX_VE_266    Syntax      ../../../build/package/top/aixsilicon_ip_apb_secure_demux_1.0.0/ut_top-vcs/src/aixsilicon_ip_apb_secure_demux_1.0.0/rtl/instance/apb_secure_demux_register_bridge.sv    1378    1000    Cannot resolve hierarchical reference hwif_out.port_7.PERM_SHADOW_1.rd_req
[3F0]    STX_VE_266    STX_VE_266    Syntax      ../../../build/package/top/aixsilicon_ip_apb_secure_demux_1.0.0/ut_top-vcs/src/aixsilicon_ip_apb_secure_demux_1.0.0/rtl/instance/apb_secure_demux_register_bridge.sv    1380    1000    Cannot resolve hierarchical reference hwif_out.port_7.PERM_SHADOW_1.rd_req
[3F1]    STX_VE_266    STX_VE_266    Syntax      ../../../build/package/top/aixsilicon_ip_apb_secure_demux_1.0.0/ut_top-vcs/src/aixsilicon_ip_apb_secure_demux_1.0.0/rtl/instance/apb_secure_demux_register_bridge.sv    1381    1000    Cannot resolve hierarchical reference hwif_out.port_7.PERM_SHADOW_1.wr_req
[3F2]    STX_VE_266    STX_VE_266    Syntax      ../../../build/package/top/aixsilicon_ip_apb_secure_demux_1.0.0/ut_top-vcs/src/aixsilicon_ip_apb_secure_demux_1.0.0/rtl/instance/apb_secure_demux_register_bridge.sv    1382    1000    Cannot resolve hierarchical reference hwif_out.port_7.PERM_SHADOW_1.wr_req
[3F3]    STX_VE_266    STX_VE_266    Syntax      ../../../build/package/top/aixsilicon_ip_apb_secure_demux_1.0.0/ut_top-vcs/src/aixsilicon_ip_apb_secure_demux_1.0.0/rtl/instance/apb_secure_demux_register_bridge.sv    1383    1000    Cannot resolve hierarchical reference hwif_out.port_7.PERM_SHADOW_2.rd_req
[3F4]    STX_VE_266    STX_VE_266    Syntax      ../../../build/package/top/aixsilicon_ip_apb_secure_demux_1.0.0/ut_top-vcs/src/aixsilicon_ip_apb_secure_demux_1.0.0/rtl/instance/apb_secure_demux_register_bridge.sv    1385    1000    Cannot resolve hierarchical reference hwif_out.port_7.PERM_SHADOW_2.rd_req
[3F5]    STX_VE_266    STX_VE_266    Syntax      ../../../build/package/top/aixsilicon_ip_apb_secure_demux_1.0.0/ut_top-vcs/src/aixsilicon_ip_apb_secure_demux_1.0.0/rtl/instance/apb_secure_demux_register_bridge.sv    1386    1000    Cannot resolve hierarchical reference hwif_out.port_7.PERM_SHADOW_2.wr_req
[3F6]    STX_VE_266    STX_VE_266    Syntax      ../../../build/package/top/aixsilicon_ip_apb_secure_demux_1.0.0/ut_top-vcs/src/aixsilicon_ip_apb_secure_demux_1.0.0/rtl/instance/apb_secure_demux_register_bridge.sv    1387    1000    Cannot resolve hierarchical reference hwif_out.port_7.PERM_SHADOW_2.wr_req
[3F7]    STX_VE_266    STX_VE_266    Syntax      ../../../build/package/top/aixsilicon_ip_apb_secure_demux_1.0.0/ut_top-vcs/src/aixsilicon_ip_apb_secure_demux_1.0.0/rtl/instance/apb_secure_demux_register_bridge.sv    1388    1000    Cannot resolve hierarchical reference hwif_out.port_7.PERM_SHADOW_3.rd_req
[3F8]    STX_VE_266    STX_VE_266    Syntax      ../../../build/package/top/aixsilicon_ip_apb_secure_demux_1.0.0/ut_top-vcs/src/aixsilicon_ip_apb_secure_demux_1.0.0/rtl/instance/apb_secure_demux_register_bridge.sv    1390    1000    Cannot resolve hierarchical reference hwif_out.port_7.PERM_SHADOW_3.rd_req
[3F9]    STX_VE_266    STX_VE_266    Syntax      ../../../build/package/top/aixsilicon_ip_apb_secure_demux_1.0.0/ut_top-vcs/src/aixsilicon_ip_apb_secure_demux_1.0.0/rtl/instance/apb_secure_demux_register_bridge.sv    1391    1000    Cannot resolve hierarchical reference hwif_out.port_7.PERM_SHADOW_3.wr_req
[3FA]    STX_VE_266    STX_VE_266    Syntax      ../../../build/package/top/aixsilicon_ip_apb_secure_demux_1.0.0/ut_top-vcs/src/aixsilicon_ip_apb_secure_demux_1.0.0/rtl/instance/apb_secure_demux_register_bridge.sv    1392    1000    Cannot resolve hierarchical reference hwif_out.port_7.PERM_SHADOW_3.wr_req
[3FB]    STX_VE_266    STX_VE_266    Syntax      ../../../build/package/top/aixsilicon_ip_apb_secure_demux_1.0.0/ut_top-vcs/src/aixsilicon_ip_apb_secure_demux_1.0.0/rtl/instance/apb_secure_demux_register_bridge.sv    1393    1000    Cannot resolve hierarchical reference hwif_out.port_7.PERM_SHADOW_4.rd_req
[3FC]    STX_VE_266    STX_VE_266    Syntax      ../../../build/package/top/aixsilicon_ip_apb_secure_demux_1.0.0/ut_top-vcs/src/aixsilicon_ip_apb_secure_demux_1.0.0/rtl/instance/apb_secure_demux_register_bridge.sv    1395    1000    Cannot resolve hierarchical reference hwif_out.port_7.PERM_SHADOW_4.rd_req
[3FD]    STX_VE_266    STX_VE_266    Syntax      ../../../build/package/top/aixsilicon_ip_apb_secure_demux_1.0.0/ut_top-vcs/src/aixsilicon_ip_apb_secure_demux_1.0.0/rtl/instance/apb_secure_demux_register_bridge.sv    1396    1000    Cannot resolve hierarchical reference hwif_out.port_7.PERM_SHADOW_4.wr_req
[3FE]    STX_VE_266    STX_VE_266    Syntax      ../../../build/package/top/aixsilicon_ip_apb_secure_demux_1.0.0/ut_top-vcs/src/aixsilicon_ip_apb_secure_demux_1.0.0/rtl/instance/apb_secure_demux_register_bridge.sv    1397    1000    Cannot resolve hierarchical reference hwif_out.port_7.PERM_SHADOW_4.wr_req
[3FF]    STX_VE_266    STX_VE_266    Syntax      ../../../build/package/top/aixsilicon_ip_apb_secure_demux_1.0.0/ut_top-vcs/src/aixsilicon_ip_apb_secure_demux_1.0.0/rtl/instance/apb_secure_demux_register_bridge.sv    1398    1000    Cannot resolve hierarchical reference hwif_out.port_7.PERM_SHADOW_5.rd_req
[400]    STX_VE_266    STX_VE_266    Syntax      ../../../build/package/top/aixsilicon_ip_apb_secure_demux_1.0.0/ut_top-vcs/src/aixsilicon_ip_apb_secure_demux_1.0.0/rtl/instance/apb_secure_demux_register_bridge.sv    1400    1000    Cannot resolve hierarchical reference hwif_out.port_7.PERM_SHADOW_5.rd_req
[401]    STX_VE_266    STX_VE_266    Syntax      ../../../build/package/top/aixsilicon_ip_apb_secure_demux_1.0.0/ut_top-vcs/src/aixsilicon_ip_apb_secure_demux_1.0.0/rtl/instance/apb_secure_demux_register_bridge.sv    1401    1000    Cannot resolve hierarchical reference hwif_out.port_7.PERM_SHADOW_5.wr_req
[402]    STX_VE_266    STX_VE_266    Syntax      ../../../build/package/top/aixsilicon_ip_apb_secure_demux_1.0.0/ut_top-vcs/src/aixsilicon_ip_apb_secure_demux_1.0.0/rtl/instance/apb_secure_demux_register_bridge.sv    1402    1000    Cannot resolve hierarchical reference hwif_out.port_7.PERM_SHADOW_5.wr_req
[403]    STX_VE_266    STX_VE_266    Syntax      ../../../build/package/top/aixsilicon_ip_apb_secure_demux_1.0.0/ut_top-vcs/src/aixsilicon_ip_apb_secure_demux_1.0.0/rtl/instance/apb_secure_demux_register_bridge.sv    1403    1000    Cannot resolve hierarchical reference hwif_out.port_7.PERM_SHADOW_6.rd_req
[404]    STX_VE_266    STX_VE_266    Syntax      ../../../build/package/top/aixsilicon_ip_apb_secure_demux_1.0.0/ut_top-vcs/src/aixsilicon_ip_apb_secure_demux_1.0.0/rtl/instance/apb_secure_demux_register_bridge.sv    1405    1000    Cannot resolve hierarchical reference hwif_out.port_7.PERM_SHADOW_6.rd_req
[405]    STX_VE_266    STX_VE_266    Syntax      ../../../build/package/top/aixsilicon_ip_apb_secure_demux_1.0.0/ut_top-vcs/src/aixsilicon_ip_apb_secure_demux_1.0.0/rtl/instance/apb_secure_demux_register_bridge.sv    1406    1000    Cannot resolve hierarchical reference hwif_out.port_7.PERM_SHADOW_6.wr_req
[406]    STX_VE_266    STX_VE_266    Syntax      ../../../build/package/top/aixsilicon_ip_apb_secure_demux_1.0.0/ut_top-vcs/src/aixsilicon_ip_apb_secure_demux_1.0.0/rtl/instance/apb_secure_demux_register_bridge.sv    1407    1000    Cannot resolve hierarchical reference hwif_out.port_7.PERM_SHADOW_6.wr_req
[407]    STX_VE_266    STX_VE_266    Syntax      ../../../build/package/top/aixsilicon_ip_apb_secure_demux_1.0.0/ut_top-vcs/src/aixsilicon_ip_apb_secure_demux_1.0.0/rtl/instance/apb_secure_demux_register_bridge.sv    1408    1000    Cannot resolve hierarchical reference hwif_out.port_7.PERM_SHADOW_7.rd_req
[408]    STX_VE_266    STX_VE_266    Syntax      ../../../build/package/top/aixsilicon_ip_apb_secure_demux_1.0.0/ut_top-vcs/src/aixsilicon_ip_apb_secure_demux_1.0.0/rtl/instance/apb_secure_demux_register_bridge.sv    1410    1000    Cannot resolve hierarchical reference hwif_out.port_7.PERM_SHADOW_7.rd_req
[409]    STX_VE_266    STX_VE_266    Syntax      ../../../build/package/top/aixsilicon_ip_apb_secure_demux_1.0.0/ut_top-vcs/src/aixsilicon_ip_apb_secure_demux_1.0.0/rtl/instance/apb_secure_demux_register_bridge.sv    1411    1000    Cannot resolve hierarchical reference hwif_out.port_7.PERM_SHADOW_7.wr_req
[40A]    STX_VE_266    STX_VE_266    Syntax      ../../../build/package/top/aixsilicon_ip_apb_secure_demux_1.0.0/ut_top-vcs/src/aixsilicon_ip_apb_secure_demux_1.0.0/rtl/instance/apb_secure_demux_register_bridge.sv    1412    1000    Cannot resolve hierarchical reference hwif_out.port_7.PERM_SHADOW_7.wr_req
[40B]    STX_VE_266    STX_VE_266    Syntax      ../../../build/package/top/aixsilicon_ip_apb_secure_demux_1.0.0/ut_top-vcs/src/aixsilicon_ip_apb_secure_demux_1.0.0/rtl/instance/apb_secure_demux_register_bridge.sv    1413    1000    Cannot resolve hierarchical reference hwif_out.port_7.PERM_SHADOW_8.rd_req
[40C]    STX_VE_266    STX_VE_266    Syntax      ../../../build/package/top/aixsilicon_ip_apb_secure_demux_1.0.0/ut_top-vcs/src/aixsilicon_ip_apb_secure_demux_1.0.0/rtl/instance/apb_secure_demux_register_bridge.sv    1415    1000    Cannot resolve hierarchical reference hwif_out.port_7.PERM_SHADOW_8.rd_req
[40D]    STX_VE_266    STX_VE_266    Syntax      ../../../build/package/top/aixsilicon_ip_apb_secure_demux_1.0.0/ut_top-vcs/src/aixsilicon_ip_apb_secure_demux_1.0.0/rtl/instance/apb_secure_demux_register_bridge.sv    1416    1000    Cannot resolve hierarchical reference hwif_out.port_7.PERM_SHADOW_8.wr_req
[40E]    STX_VE_266    STX_VE_266    Syntax      ../../../build/package/top/aixsilicon_ip_apb_secure_demux_1.0.0/ut_top-vcs/src/aixsilicon_ip_apb_secure_demux_1.0.0/rtl/instance/apb_secure_demux_register_bridge.sv    1417    1000    Cannot resolve hierarchical reference hwif_out.port_7.PERM_SHADOW_8.wr_req
[40F]    STX_VE_266    STX_VE_266    Syntax      ../../../build/package/top/aixsilicon_ip_apb_secure_demux_1.0.0/ut_top-vcs/src/aixsilicon_ip_apb_secure_demux_1.0.0/rtl/instance/apb_secure_demux_register_bridge.sv    1418    1000    Cannot resolve hierarchical reference hwif_out.port_7.PERM_SHADOW_9.rd_req
[410]    STX_VE_266    STX_VE_266    Syntax      ../../../build/package/top/aixsilicon_ip_apb_secure_demux_1.0.0/ut_top-vcs/src/aixsilicon_ip_apb_secure_demux_1.0.0/rtl/instance/apb_secure_demux_register_bridge.sv    1420    1000    Cannot resolve hierarchical reference hwif_out.port_7.PERM_SHADOW_9.rd_req
[411]    STX_VE_266    STX_VE_266    Syntax      ../../../build/package/top/aixsilicon_ip_apb_secure_demux_1.0.0/ut_top-vcs/src/aixsilicon_ip_apb_secure_demux_1.0.0/rtl/instance/apb_secure_demux_register_bridge.sv    1421    1000    Cannot resolve hierarchical reference hwif_out.port_7.PERM_SHADOW_9.wr_req
[412]    STX_VE_266    STX_VE_266    Syntax      ../../../build/package/top/aixsilicon_ip_apb_secure_demux_1.0.0/ut_top-vcs/src/aixsilicon_ip_apb_secure_demux_1.0.0/rtl/instance/apb_secure_demux_register_bridge.sv    1422    1000    Cannot resolve hierarchical reference hwif_out.port_7.PERM_SHADOW_9.wr_req
[413]    STX_VE_266    STX_VE_266    Syntax      ../../../build/package/top/aixsilicon_ip_apb_secure_demux_1.0.0/ut_top-vcs/src/aixsilicon_ip_apb_secure_demux_1.0.0/rtl/instance/apb_secure_demux_register_bridge.sv    1423    1000    Cannot resolve hierarchical reference hwif_out.port_7.PERM_SHADOW_10.rd_req
[414]    STX_VE_266    STX_VE_266    Syntax      ../../../build/package/top/aixsilicon_ip_apb_secure_demux_1.0.0/ut_top-vcs/src/aixsilicon_ip_apb_secure_demux_1.0.0/rtl/instance/apb_secure_demux_register_bridge.sv    1425    1000    Cannot resolve hierarchical reference hwif_out.port_7.PERM_SHADOW_10.rd_req
[415]    STX_VE_266    STX_VE_266    Syntax      ../../../build/package/top/aixsilicon_ip_apb_secure_demux_1.0.0/ut_top-vcs/src/aixsilicon_ip_apb_secure_demux_1.0.0/rtl/instance/apb_secure_demux_register_bridge.sv    1426    1000    Cannot resolve hierarchical reference hwif_out.port_7.PERM_SHADOW_10.wr_req
[416]    STX_VE_266    STX_VE_266    Syntax      ../../../build/package/top/aixsilicon_ip_apb_secure_demux_1.0.0/ut_top-vcs/src/aixsilicon_ip_apb_secure_demux_1.0.0/rtl/instance/apb_secure_demux_register_bridge.sv    1427    1000    Cannot resolve hierarchical reference hwif_out.port_7.PERM_SHADOW_10.wr_req
[417]    STX_VE_266    STX_VE_266    Syntax      ../../../build/package/top/aixsilicon_ip_apb_secure_demux_1.0.0/ut_top-vcs/src/aixsilicon_ip_apb_secure_demux_1.0.0/rtl/instance/apb_secure_demux_register_bridge.sv    1428    1000    Cannot resolve hierarchical reference hwif_out.port_7.PERM_SHADOW_11.rd_req
[418]    STX_VE_266    STX_VE_266    Syntax      ../../../build/package/top/aixsilicon_ip_apb_secure_demux_1.0.0/ut_top-vcs/src/aixsilicon_ip_apb_secure_demux_1.0.0/rtl/instance/apb_secure_demux_register_bridge.sv    1430    1000    Cannot resolve hierarchical reference hwif_out.port_7.PERM_SHADOW_11.rd_req
[419]    STX_VE_266    STX_VE_266    Syntax      ../../../build/package/top/aixsilicon_ip_apb_secure_demux_1.0.0/ut_top-vcs/src/aixsilicon_ip_apb_secure_demux_1.0.0/rtl/instance/apb_secure_demux_register_bridge.sv    1431    1000    Cannot resolve hierarchical reference hwif_out.port_7.PERM_SHADOW_11.wr_req
[41A]    STX_VE_266    STX_VE_266    Syntax      ../../../build/package/top/aixsilicon_ip_apb_secure_demux_1.0.0/ut_top-vcs/src/aixsilicon_ip_apb_secure_demux_1.0.0/rtl/instance/apb_secure_demux_register_bridge.sv    1432    1000    Cannot resolve hierarchical reference hwif_out.port_7.PERM_SHADOW_11.wr_req
[41B]    STX_VE_266    STX_VE_266    Syntax      ../../../build/package/top/aixsilicon_ip_apb_secure_demux_1.0.0/ut_top-vcs/src/aixsilicon_ip_apb_secure_demux_1.0.0/rtl/instance/apb_secure_demux_register_bridge.sv    1433    1000    Cannot resolve hierarchical reference hwif_out.port_7.PERM_SHADOW_12.rd_req
[41C]    STX_VE_266    STX_VE_266    Syntax      ../../../build/package/top/aixsilicon_ip_apb_secure_demux_1.0.0/ut_top-vcs/src/aixsilicon_ip_apb_secure_demux_1.0.0/rtl/instance/apb_secure_demux_register_bridge.sv    1435    1000    Cannot resolve hierarchical reference hwif_out.port_7.PERM_SHADOW_12.rd_req
[41D]    STX_VE_266    STX_VE_266    Syntax      ../../../build/package/top/aixsilicon_ip_apb_secure_demux_1.0.0/ut_top-vcs/src/aixsilicon_ip_apb_secure_demux_1.0.0/rtl/instance/apb_secure_demux_register_bridge.sv    1436    1000    Cannot resolve hierarchical reference hwif_out.port_7.PERM_SHADOW_12.wr_req
[41E]    STX_VE_266    STX_VE_266    Syntax      ../../../build/package/top/aixsilicon_ip_apb_secure_demux_1.0.0/ut_top-vcs/src/aixsilicon_ip_apb_secure_demux_1.0.0/rtl/instance/apb_secure_demux_register_bridge.sv    1437    1000    Cannot resolve hierarchical reference hwif_out.port_7.PERM_SHADOW_12.wr_req
[41F]    STX_VE_266    STX_VE_266    Syntax      ../../../build/package/top/aixsilicon_ip_apb_secure_demux_1.0.0/ut_top-vcs/src/aixsilicon_ip_apb_secure_demux_1.0.0/rtl/instance/apb_secure_demux_register_bridge.sv    1438    1000    Cannot resolve hierarchical reference hwif_out.port_7.PERM_SHADOW_13.rd_req
[420]    STX_VE_266    STX_VE_266    Syntax      ../../../build/package/top/aixsilicon_ip_apb_secure_demux_1.0.0/ut_top-vcs/src/aixsilicon_ip_apb_secure_demux_1.0.0/rtl/instance/apb_secure_demux_register_bridge.sv    1440    1000    Cannot resolve hierarchical reference hwif_out.port_7.PERM_SHADOW_13.rd_req
[421]    STX_VE_266    STX_VE_266    Syntax      ../../../build/package/top/aixsilicon_ip_apb_secure_demux_1.0.0/ut_top-vcs/src/aixsilicon_ip_apb_secure_demux_1.0.0/rtl/instance/apb_secure_demux_register_bridge.sv    1441    1000    Cannot resolve hierarchical reference hwif_out.port_7.PERM_SHADOW_13.wr_req
[422]    STX_VE_266    STX_VE_266    Syntax      ../../../build/package/top/aixsilicon_ip_apb_secure_demux_1.0.0/ut_top-vcs/src/aixsilicon_ip_apb_secure_demux_1.0.0/rtl/instance/apb_secure_demux_register_bridge.sv    1442    1000    Cannot resolve hierarchical reference hwif_out.port_7.PERM_SHADOW_13.wr_req
[423]    STX_VE_266    STX_VE_266    Syntax      ../../../build/package/top/aixsilicon_ip_apb_secure_demux_1.0.0/ut_top-vcs/src/aixsilicon_ip_apb_secure_demux_1.0.0/rtl/instance/apb_secure_demux_register_bridge.sv    1443    1000    Cannot resolve hierarchical reference hwif_out.port_7.PERM_SHADOW_14.rd_req
[424]    STX_VE_266    STX_VE_266    Syntax      ../../../build/package/top/aixsilicon_ip_apb_secure_demux_1.0.0/ut_top-vcs/src/aixsilicon_ip_apb_secure_demux_1.0.0/rtl/instance/apb_secure_demux_register_bridge.sv    1445    1000    Cannot resolve hierarchical reference hwif_out.port_7.PERM_SHADOW_14.rd_req
[425]    STX_VE_266    STX_VE_266    Syntax      ../../../build/package/top/aixsilicon_ip_apb_secure_demux_1.0.0/ut_top-vcs/src/aixsilicon_ip_apb_secure_demux_1.0.0/rtl/instance/apb_secure_demux_register_bridge.sv    1446    1000    Cannot resolve hierarchical reference hwif_out.port_7.PERM_SHADOW_14.wr_req
[426]    STX_VE_266    STX_VE_266    Syntax      ../../../build/package/top/aixsilicon_ip_apb_secure_demux_1.0.0/ut_top-vcs/src/aixsilicon_ip_apb_secure_demux_1.0.0/rtl/instance/apb_secure_demux_register_bridge.sv    1447    1000    Cannot resolve hierarchical reference hwif_out.port_7.PERM_SHADOW_14.wr_req
[427]    STX_VE_266    STX_VE_266    Syntax      ../../../build/package/top/aixsilicon_ip_apb_secure_demux_1.0.0/ut_top-vcs/src/aixsilicon_ip_apb_secure_demux_1.0.0/rtl/instance/apb_secure_demux_register_bridge.sv    1448    1000    Cannot resolve hierarchical reference hwif_out.port_7.PERM_SHADOW_15.rd_req
[428]    STX_VE_266    STX_VE_266    Syntax      ../../../build/package/top/aixsilicon_ip_apb_secure_demux_1.0.0/ut_top-vcs/src/aixsilicon_ip_apb_secure_demux_1.0.0/rtl/instance/apb_secure_demux_register_bridge.sv    1450    1000    Cannot resolve hierarchical reference hwif_out.port_7.PERM_SHADOW_15.rd_req
[429]    STX_VE_266    STX_VE_266    Syntax      ../../../build/package/top/aixsilicon_ip_apb_secure_demux_1.0.0/ut_top-vcs/src/aixsilicon_ip_apb_secure_demux_1.0.0/rtl/instance/apb_secure_demux_register_bridge.sv    1451    1000    Cannot resolve hierarchical reference hwif_out.port_7.PERM_SHADOW_15.wr_req
[42A]    STX_VE_266    STX_VE_266    Syntax      ../../../build/package/top/aixsilicon_ip_apb_secure_demux_1.0.0/ut_top-vcs/src/aixsilicon_ip_apb_secure_demux_1.0.0/rtl/instance/apb_secure_demux_register_bridge.sv    1452    1000    Cannot resolve hierarchical reference hwif_out.port_7.PERM_SHADOW_15.wr_req
[42B]    STX_VE_266    STX_VE_266    Syntax      ../../../build/package/top/aixsilicon_ip_apb_secure_demux_1.0.0/ut_top-vcs/src/aixsilicon_ip_apb_secure_demux_1.0.0/rtl/instance/apb_secure_demux_register_bridge.sv    1453    1000    Cannot resolve hierarchical reference hwif_out.port_7.PERM_ACTIVE_0.rd_req
[42C]    STX_VE_266    STX_VE_266    Syntax      ../../../build/package/top/aixsilicon_ip_apb_secure_demux_1.0.0/ut_top-vcs/src/aixsilicon_ip_apb_secure_demux_1.0.0/rtl/instance/apb_secure_demux_register_bridge.sv    1455    1000    Cannot resolve hierarchical reference hwif_out.port_7.PERM_ACTIVE_0.rd_req
[42D]    STX_VE_266    STX_VE_266    Syntax      ../../../build/package/top/aixsilicon_ip_apb_secure_demux_1.0.0/ut_top-vcs/src/aixsilicon_ip_apb_secure_demux_1.0.0/rtl/instance/apb_secure_demux_register_bridge.sv    1456    1000    Cannot resolve hierarchical reference hwif_out.port_7.PERM_ACTIVE_1.rd_req
[42E]    STX_VE_266    STX_VE_266    Syntax      ../../../build/package/top/aixsilicon_ip_apb_secure_demux_1.0.0/ut_top-vcs/src/aixsilicon_ip_apb_secure_demux_1.0.0/rtl/instance/apb_secure_demux_register_bridge.sv    1458    1000    Cannot resolve hierarchical reference hwif_out.port_7.PERM_ACTIVE_1.rd_req
[42F]    STX_VE_266    STX_VE_266    Syntax      ../../../build/package/top/aixsilicon_ip_apb_secure_demux_1.0.0/ut_top-vcs/src/aixsilicon_ip_apb_secure_demux_1.0.0/rtl/instance/apb_secure_demux_register_bridge.sv    1459    1000    Cannot resolve hierarchical reference hwif_out.port_7.PERM_ACTIVE_2.rd_req
[430]    STX_VE_266    STX_VE_266    Syntax      ../../../build/package/top/aixsilicon_ip_apb_secure_demux_1.0.0/ut_top-vcs/src/aixsilicon_ip_apb_secure_demux_1.0.0/rtl/instance/apb_secure_demux_register_bridge.sv    1461    1000    Cannot resolve hierarchical reference hwif_out.port_7.PERM_ACTIVE_2.rd_req
[431]    STX_VE_266    STX_VE_266    Syntax      ../../../build/package/top/aixsilicon_ip_apb_secure_demux_1.0.0/ut_top-vcs/src/aixsilicon_ip_apb_secure_demux_1.0.0/rtl/instance/apb_secure_demux_register_bridge.sv    1462    1000    Cannot resolve hierarchical reference hwif_out.port_7.PERM_ACTIVE_3.rd_req
[432]    STX_VE_266    STX_VE_266    Syntax      ../../../build/package/top/aixsilicon_ip_apb_secure_demux_1.0.0/ut_top-vcs/src/aixsilicon_ip_apb_secure_demux_1.0.0/rtl/instance/apb_secure_demux_register_bridge.sv    1464    1000    Cannot resolve hierarchical reference hwif_out.port_7.PERM_ACTIVE_3.rd_req
[433]    STX_VE_266    STX_VE_266    Syntax      ../../../build/package/top/aixsilicon_ip_apb_secure_demux_1.0.0/ut_top-vcs/src/aixsilicon_ip_apb_secure_demux_1.0.0/rtl/instance/apb_secure_demux_register_bridge.sv    1465    1000    Cannot resolve hierarchical reference hwif_out.port_7.PERM_ACTIVE_4.rd_req
[434]    STX_VE_266    STX_VE_266    Syntax      ../../../build/package/top/aixsilicon_ip_apb_secure_demux_1.0.0/ut_top-vcs/src/aixsilicon_ip_apb_secure_demux_1.0.0/rtl/instance/apb_secure_demux_register_bridge.sv    1467    1000    Cannot resolve hierarchical reference hwif_out.port_7.PERM_ACTIVE_4.rd_req
[435]    STX_VE_266    STX_VE_266    Syntax      ../../../build/package/top/aixsilicon_ip_apb_secure_demux_1.0.0/ut_top-vcs/src/aixsilicon_ip_apb_secure_demux_1.0.0/rtl/instance/apb_secure_demux_register_bridge.sv    1468    1000    Cannot resolve hierarchical reference hwif_out.port_7.PERM_ACTIVE_5.rd_req
[436]    STX_VE_266    STX_VE_266    Syntax      ../../../build/package/top/aixsilicon_ip_apb_secure_demux_1.0.0/ut_top-vcs/src/aixsilicon_ip_apb_secure_demux_1.0.0/rtl/instance/apb_secure_demux_register_bridge.sv    1470    1000    Cannot resolve hierarchical reference hwif_out.port_7.PERM_ACTIVE_5.rd_req
[437]    STX_VE_266    STX_VE_266    Syntax      ../../../build/package/top/aixsilicon_ip_apb_secure_demux_1.0.0/ut_top-vcs/src/aixsilicon_ip_apb_secure_demux_1.0.0/rtl/instance/apb_secure_demux_register_bridge.sv    1471    1000    Cannot resolve hierarchical reference hwif_out.port_7.PERM_ACTIVE_6.rd_req
[438]    STX_VE_266    STX_VE_266    Syntax      ../../../build/package/top/aixsilicon_ip_apb_secure_demux_1.0.0/ut_top-vcs/src/aixsilicon_ip_apb_secure_demux_1.0.0/rtl/instance/apb_secure_demux_register_bridge.sv    1473    1000    Cannot resolve hierarchical reference hwif_out.port_7.PERM_ACTIVE_6.rd_req
[439]    STX_VE_266    STX_VE_266    Syntax      ../../../build/package/top/aixsilicon_ip_apb_secure_demux_1.0.0/ut_top-vcs/src/aixsilicon_ip_apb_secure_demux_1.0.0/rtl/instance/apb_secure_demux_register_bridge.sv    1474    1000    Cannot resolve hierarchical reference hwif_out.port_7.PERM_ACTIVE_7.rd_req
[43A]    STX_VE_266    STX_VE_266    Syntax      ../../../build/package/top/aixsilicon_ip_apb_secure_demux_1.0.0/ut_top-vcs/src/aixsilicon_ip_apb_secure_demux_1.0.0/rtl/instance/apb_secure_demux_register_bridge.sv    1476    1000    Cannot resolve hierarchical reference hwif_out.port_7.PERM_ACTIVE_7.rd_req
[43B]    STX_VE_266    STX_VE_266    Syntax      ../../../build/package/top/aixsilicon_ip_apb_secure_demux_1.0.0/ut_top-vcs/src/aixsilicon_ip_apb_secure_demux_1.0.0/rtl/instance/apb_secure_demux_register_bridge.sv    1477    1000    Cannot resolve hierarchical reference hwif_out.port_7.PERM_ACTIVE_8.rd_req
[43C]    STX_VE_266    STX_VE_266    Syntax      ../../../build/package/top/aixsilicon_ip_apb_secure_demux_1.0.0/ut_top-vcs/src/aixsilicon_ip_apb_secure_demux_1.0.0/rtl/instance/apb_secure_demux_register_bridge.sv    1479    1000    Cannot resolve hierarchical reference hwif_out.port_7.PERM_ACTIVE_8.rd_req
[43D]    STX_VE_266    STX_VE_266    Syntax      ../../../build/package/top/aixsilicon_ip_apb_secure_demux_1.0.0/ut_top-vcs/src/aixsilicon_ip_apb_secure_demux_1.0.0/rtl/instance/apb_secure_demux_register_bridge.sv    1480    1000    Cannot resolve hierarchical reference hwif_out.port_7.PERM_ACTIVE_9.rd_req
[43E]    STX_VE_266    STX_VE_266    Syntax      ../../../build/package/top/aixsilicon_ip_apb_secure_demux_1.0.0/ut_top-vcs/src/aixsilicon_ip_apb_secure_demux_1.0.0/rtl/instance/apb_secure_demux_register_bridge.sv    1482    1000    Cannot resolve hierarchical reference hwif_out.port_7.PERM_ACTIVE_9.rd_req
[43F]    STX_VE_266    STX_VE_266    Syntax      ../../../build/package/top/aixsilicon_ip_apb_secure_demux_1.0.0/ut_top-vcs/src/aixsilicon_ip_apb_secure_demux_1.0.0/rtl/instance/apb_secure_demux_register_bridge.sv    1483    1000    Cannot resolve hierarchical reference hwif_out.port_7.PERM_ACTIVE_10.rd_req
[440]    STX_VE_266    STX_VE_266    Syntax      ../../../build/package/top/aixsilicon_ip_apb_secure_demux_1.0.0/ut_top-vcs/src/aixsilicon_ip_apb_secure_demux_1.0.0/rtl/instance/apb_secure_demux_register_bridge.sv    1485    1000    Cannot resolve hierarchical reference hwif_out.port_7.PERM_ACTIVE_10.rd_req
[441]    STX_VE_266    STX_VE_266    Syntax      ../../../build/package/top/aixsilicon_ip_apb_secure_demux_1.0.0/ut_top-vcs/src/aixsilicon_ip_apb_secure_demux_1.0.0/rtl/instance/apb_secure_demux_register_bridge.sv    1486    1000    Cannot resolve hierarchical reference hwif_out.port_7.PERM_ACTIVE_11.rd_req
[442]    STX_VE_266    STX_VE_266    Syntax      ../../../build/package/top/aixsilicon_ip_apb_secure_demux_1.0.0/ut_top-vcs/src/aixsilicon_ip_apb_secure_demux_1.0.0/rtl/instance/apb_secure_demux_register_bridge.sv    1488    1000    Cannot resolve hierarchical reference hwif_out.port_7.PERM_ACTIVE_11.rd_req
[443]    STX_VE_266    STX_VE_266    Syntax      ../../../build/package/top/aixsilicon_ip_apb_secure_demux_1.0.0/ut_top-vcs/src/aixsilicon_ip_apb_secure_demux_1.0.0/rtl/instance/apb_secure_demux_register_bridge.sv    1489    1000    Cannot resolve hierarchical reference hwif_out.port_7.PERM_ACTIVE_12.rd_req
[444]    STX_VE_266    STX_VE_266    Syntax      ../../../build/package/top/aixsilicon_ip_apb_secure_demux_1.0.0/ut_top-vcs/src/aixsilicon_ip_apb_secure_demux_1.0.0/rtl/instance/apb_secure_demux_register_bridge.sv    1491    1000    Cannot resolve hierarchical reference hwif_out.port_7.PERM_ACTIVE_12.rd_req
[445]    STX_VE_266    STX_VE_266    Syntax      ../../../build/package/top/aixsilicon_ip_apb_secure_demux_1.0.0/ut_top-vcs/src/aixsilicon_ip_apb_secure_demux_1.0.0/rtl/instance/apb_secure_demux_register_bridge.sv    1492    1000    Cannot resolve hierarchical reference hwif_out.port_7.PERM_ACTIVE_13.rd_req
[446]    STX_VE_266    STX_VE_266    Syntax      ../../../build/package/top/aixsilicon_ip_apb_secure_demux_1.0.0/ut_top-vcs/src/aixsilicon_ip_apb_secure_demux_1.0.0/rtl/instance/apb_secure_demux_register_bridge.sv    1494    1000    Cannot resolve hierarchical reference hwif_out.port_7.PERM_ACTIVE_13.rd_req
[447]    STX_VE_266    STX_VE_266    Syntax      ../../../build/package/top/aixsilicon_ip_apb_secure_demux_1.0.0/ut_top-vcs/src/aixsilicon_ip_apb_secure_demux_1.0.0/rtl/instance/apb_secure_demux_register_bridge.sv    1495    1000    Cannot resolve hierarchical reference hwif_out.port_7.PERM_ACTIVE_14.rd_req
[448]    STX_VE_266    STX_VE_266    Syntax      ../../../build/package/top/aixsilicon_ip_apb_secure_demux_1.0.0/ut_top-vcs/src/aixsilicon_ip_apb_secure_demux_1.0.0/rtl/instance/apb_secure_demux_register_bridge.sv    1497    1000    Cannot resolve hierarchical reference hwif_out.port_7.PERM_ACTIVE_14.rd_req
[449]    STX_VE_266    STX_VE_266    Syntax      ../../../build/package/top/aixsilicon_ip_apb_secure_demux_1.0.0/ut_top-vcs/src/aixsilicon_ip_apb_secure_demux_1.0.0/rtl/instance/apb_secure_demux_register_bridge.sv    1498    1000    Cannot resolve hierarchical reference hwif_out.port_7.PERM_ACTIVE_15.rd_req
[44A]    STX_VE_266    STX_VE_266    Syntax      ../../../build/package/top/aixsilicon_ip_apb_secure_demux_1.0.0/ut_top-vcs/src/aixsilicon_ip_apb_secure_demux_1.0.0/rtl/instance/apb_secure_demux_register_bridge.sv    1500    1000    Cannot resolve hierarchical reference hwif_out.port_7.PERM_ACTIVE_15.rd_req
+++++++++++++++++++++++++++++++++++++++++++++++++++++++++++++++++++++++++++++++++++++++


############### BuiltIn -> RuleGroup=Command-line read ###############
+++++++++++++++++++++++++++++++++++++++++++++++++++++++++++++++++++++++++++++++++++++++
ID       Rule                 Alias              Severity    File    Line    Wt    Message
======================================================================================
[0]      checkCMD_ignore01    OptionWOCmdOnly    Info        N.A.    0       10    Option 'enableSV' ignored as another option(s) 'enableSV09' have been specified
+++++++++++++++++++++++++++++++++++++++++++++++++++++++++++++++++++++++++++++++++++++++
