 
****************************************
check_design summary:
Version:     V-2023.12-SP3
Date:        Tue Aug 11 07:03:03 2026
****************************************

                   Name                                            Total
--------------------------------------------------------------------------------
Inputs/Outputs                                                   1019
    Unconnected ports (LINT-28)                                   265
    Feedthrough (LINT-29)                                         483
    Shorted outputs (LINT-31)                                     207
    Constant outputs (LINT-52)                                     64

Cells                                                             346
    Cells do not drive (LINT-1)                                    17
    Connected to power or ground (LINT-32)                        274
    Nets connected to multiple pins on same cell (LINT-33)         55

Nets                                                               89
    Unloaded nets (LINT-2)                                         89
--------------------------------------------------------------------------------

Warning: In design 'uart_core', cell 'C561' does not drive any nets. (LINT-1)
Warning: In design 'uart_core', cell 'C595' does not drive any nets. (LINT-1)
Warning: In design 'uart_core', cell 'B_23' does not drive any nets. (LINT-1)
Warning: In design 'uart_core', cell 'B_24' does not drive any nets. (LINT-1)
Warning: In design 'uart_core', cell 'C674' does not drive any nets. (LINT-1)
Warning: In design 'uart_tx', cell 'C213' does not drive any nets. (LINT-1)
Warning: In design 'uart_tx', cell 'C225' does not drive any nets. (LINT-1)
Warning: In design 'uart_rx', cell 'C292' does not drive any nets. (LINT-1)
Warning: In design 'uart_rx', cell 'C305' does not drive any nets. (LINT-1)
Warning: In design 'prim_fifo_sync_cnt_00000020_0_0', cell 'B_3' does not drive any nets. (LINT-1)
Warning: In design 'prim_fifo_sync_cnt_00000020_0_0', cell 'C154' does not drive any nets. (LINT-1)
Warning: In design 'prim_fifo_sync_cnt_00000020_0_0', cell 'C170' does not drive any nets. (LINT-1)
Warning: In design 'prim_fifo_sync_cnt_00000020_0_0', cell 'C181' does not drive any nets. (LINT-1)
Warning: In design 'prim_fifo_sync_cnt_00000040_0_0', cell 'B_3' does not drive any nets. (LINT-1)
Warning: In design 'prim_fifo_sync_cnt_00000040_0_0', cell 'C165' does not drive any nets. (LINT-1)
Warning: In design 'prim_fifo_sync_cnt_00000040_0_0', cell 'C181' does not drive any nets. (LINT-1)
Warning: In design 'prim_fifo_sync_cnt_00000040_0_0', cell 'C192' does not drive any nets. (LINT-1)
Warning: In design 'uart', net 'u_reg/u_rsp_intg_gen/gen_rsp_intg.unused_payload[0]' driven by pin 'u_reg/u_rsp_intg_gen/gen_rsp_intg.u_rsp_gen/data_o[0]' has no loads. (LINT-2)
Warning: In design 'uart', net 'u_reg/u_rsp_intg_gen/gen_data_intg.unused_data[0]' driven by pin 'u_reg/u_rsp_intg_gen/gen_data_intg.u_tlul_data_integ_enc/data_intg_o[0]' has no loads. (LINT-2)
Warning: In design 'uart', net 'u_reg/u_rsp_intg_gen/gen_data_intg.unused_data[1]' driven by pin 'u_reg/u_rsp_intg_gen/gen_data_intg.u_tlul_data_integ_enc/data_intg_o[1]' has no loads. (LINT-2)
Warning: In design 'uart', net 'u_reg/u_rsp_intg_gen/gen_data_intg.unused_data[2]' driven by pin 'u_reg/u_rsp_intg_gen/gen_data_intg.u_tlul_data_integ_enc/data_intg_o[2]' has no loads. (LINT-2)
Warning: In design 'uart', net 'u_reg/u_rsp_intg_gen/gen_data_intg.unused_data[3]' driven by pin 'u_reg/u_rsp_intg_gen/gen_data_intg.u_tlul_data_integ_enc/data_intg_o[3]' has no loads. (LINT-2)
Warning: In design 'uart', net 'u_reg/u_rsp_intg_gen/gen_data_intg.unused_data[4]' driven by pin 'u_reg/u_rsp_intg_gen/gen_data_intg.u_tlul_data_integ_enc/data_intg_o[4]' has no loads. (LINT-2)
Warning: In design 'uart', net 'u_reg/u_rsp_intg_gen/gen_data_intg.unused_data[5]' driven by pin 'u_reg/u_rsp_intg_gen/gen_data_intg.u_tlul_data_integ_enc/data_intg_o[5]' has no loads. (LINT-2)
Warning: In design 'uart', net 'u_reg/u_rsp_intg_gen/gen_data_intg.unused_data[6]' driven by pin 'u_reg/u_rsp_intg_gen/gen_data_intg.u_tlul_data_integ_enc/data_intg_o[6]' has no loads. (LINT-2)
Warning: In design 'uart', net 'u_reg/u_rsp_intg_gen/gen_data_intg.unused_data[7]' driven by pin 'u_reg/u_rsp_intg_gen/gen_data_intg.u_tlul_data_integ_enc/data_intg_o[7]' has no loads. (LINT-2)
Warning: In design 'uart', net 'u_reg/u_rsp_intg_gen/gen_data_intg.unused_data[8]' driven by pin 'u_reg/u_rsp_intg_gen/gen_data_intg.u_tlul_data_integ_enc/data_intg_o[8]' has no loads. (LINT-2)
Warning: In design 'uart', net 'u_reg/u_rsp_intg_gen/gen_data_intg.unused_data[9]' driven by pin 'u_reg/u_rsp_intg_gen/gen_data_intg.u_tlul_data_integ_enc/data_intg_o[9]' has no loads. (LINT-2)
Warning: In design 'uart', net 'u_reg/u_rsp_intg_gen/gen_data_intg.unused_data[10]' driven by pin 'u_reg/u_rsp_intg_gen/gen_data_intg.u_tlul_data_integ_enc/data_intg_o[10]' has no loads. (LINT-2)
Warning: In design 'uart', net 'u_reg/u_rsp_intg_gen/gen_data_intg.unused_data[11]' driven by pin 'u_reg/u_rsp_intg_gen/gen_data_intg.u_tlul_data_integ_enc/data_intg_o[11]' has no loads. (LINT-2)
Warning: In design 'uart', net 'u_reg/u_rsp_intg_gen/gen_data_intg.unused_data[12]' driven by pin 'u_reg/u_rsp_intg_gen/gen_data_intg.u_tlul_data_integ_enc/data_intg_o[12]' has no loads. (LINT-2)
Warning: In design 'uart', net 'u_reg/u_rsp_intg_gen/gen_data_intg.unused_data[13]' driven by pin 'u_reg/u_rsp_intg_gen/gen_data_intg.u_tlul_data_integ_enc/data_intg_o[13]' has no loads. (LINT-2)
Warning: In design 'uart', net 'u_reg/u_rsp_intg_gen/gen_data_intg.unused_data[14]' driven by pin 'u_reg/u_rsp_intg_gen/gen_data_intg.u_tlul_data_integ_enc/data_intg_o[14]' has no loads. (LINT-2)
Warning: In design 'uart', net 'u_reg/u_rsp_intg_gen/gen_data_intg.unused_data[15]' driven by pin 'u_reg/u_rsp_intg_gen/gen_data_intg.u_tlul_data_integ_enc/data_intg_o[15]' has no loads. (LINT-2)
Warning: In design 'uart', net 'u_reg/u_rsp_intg_gen/gen_data_intg.unused_data[16]' driven by pin 'u_reg/u_rsp_intg_gen/gen_data_intg.u_tlul_data_integ_enc/data_intg_o[16]' has no loads. (LINT-2)
Warning: In design 'uart', net 'u_reg/u_rsp_intg_gen/gen_data_intg.unused_data[17]' driven by pin 'u_reg/u_rsp_intg_gen/gen_data_intg.u_tlul_data_integ_enc/data_intg_o[17]' has no loads. (LINT-2)
Warning: In design 'uart', net 'u_reg/u_rsp_intg_gen/gen_data_intg.unused_data[18]' driven by pin 'u_reg/u_rsp_intg_gen/gen_data_intg.u_tlul_data_integ_enc/data_intg_o[18]' has no loads. (LINT-2)
Warning: In design 'uart', net 'u_reg/u_rsp_intg_gen/gen_data_intg.unused_data[19]' driven by pin 'u_reg/u_rsp_intg_gen/gen_data_intg.u_tlul_data_integ_enc/data_intg_o[19]' has no loads. (LINT-2)
Warning: In design 'uart', net 'u_reg/u_rsp_intg_gen/gen_data_intg.unused_data[20]' driven by pin 'u_reg/u_rsp_intg_gen/gen_data_intg.u_tlul_data_integ_enc/data_intg_o[20]' has no loads. (LINT-2)
Warning: In design 'uart', net 'u_reg/u_rsp_intg_gen/gen_data_intg.unused_data[21]' driven by pin 'u_reg/u_rsp_intg_gen/gen_data_intg.u_tlul_data_integ_enc/data_intg_o[21]' has no loads. (LINT-2)
Warning: In design 'uart', net 'u_reg/u_rsp_intg_gen/gen_data_intg.unused_data[22]' driven by pin 'u_reg/u_rsp_intg_gen/gen_data_intg.u_tlul_data_integ_enc/data_intg_o[22]' has no loads. (LINT-2)
Warning: In design 'uart', net 'u_reg/u_rsp_intg_gen/gen_data_intg.unused_data[23]' driven by pin 'u_reg/u_rsp_intg_gen/gen_data_intg.u_tlul_data_integ_enc/data_intg_o[23]' has no loads. (LINT-2)
Warning: In design 'uart', net 'u_reg/u_rsp_intg_gen/gen_data_intg.unused_data[24]' driven by pin 'u_reg/u_rsp_intg_gen/gen_data_intg.u_tlul_data_integ_enc/data_intg_o[24]' has no loads. (LINT-2)
Warning: In design 'uart', net 'u_reg/u_rsp_intg_gen/gen_data_intg.unused_data[25]' driven by pin 'u_reg/u_rsp_intg_gen/gen_data_intg.u_tlul_data_integ_enc/data_intg_o[25]' has no loads. (LINT-2)
Warning: In design 'uart', net 'u_reg/u_rsp_intg_gen/gen_data_intg.unused_data[26]' driven by pin 'u_reg/u_rsp_intg_gen/gen_data_intg.u_tlul_data_integ_enc/data_intg_o[26]' has no loads. (LINT-2)
Warning: In design 'uart', net 'u_reg/u_rsp_intg_gen/gen_data_intg.unused_data[27]' driven by pin 'u_reg/u_rsp_intg_gen/gen_data_intg.u_tlul_data_integ_enc/data_intg_o[27]' has no loads. (LINT-2)
Warning: In design 'uart', net 'u_reg/u_rsp_intg_gen/gen_data_intg.unused_data[28]' driven by pin 'u_reg/u_rsp_intg_gen/gen_data_intg.u_tlul_data_integ_enc/data_intg_o[28]' has no loads. (LINT-2)
Warning: In design 'uart', net 'u_reg/u_rsp_intg_gen/gen_data_intg.unused_data[29]' driven by pin 'u_reg/u_rsp_intg_gen/gen_data_intg.u_tlul_data_integ_enc/data_intg_o[29]' has no loads. (LINT-2)
Warning: In design 'uart', net 'u_reg/u_rsp_intg_gen/gen_data_intg.unused_data[30]' driven by pin 'u_reg/u_rsp_intg_gen/gen_data_intg.u_tlul_data_integ_enc/data_intg_o[30]' has no loads. (LINT-2)
Warning: In design 'uart', net 'u_reg/u_rsp_intg_gen/gen_data_intg.unused_data[31]' driven by pin 'u_reg/u_rsp_intg_gen/gen_data_intg.u_tlul_data_integ_enc/data_intg_o[31]' has no loads. (LINT-2)
Warning: In design 'uart', net 'u_reg/u_rsp_intg_gen/gen_rsp_intg.unused_payload[1]' driven by pin 'u_reg/u_rsp_intg_gen/gen_rsp_intg.u_rsp_gen/data_o[1]' has no loads. (LINT-2)
Warning: In design 'uart', net 'u_reg/u_rsp_intg_gen/gen_rsp_intg.unused_payload[2]' driven by pin 'u_reg/u_rsp_intg_gen/gen_rsp_intg.u_rsp_gen/data_o[2]' has no loads. (LINT-2)
Warning: In design 'uart', net 'u_reg/u_rsp_intg_gen/gen_rsp_intg.unused_payload[3]' driven by pin 'u_reg/u_rsp_intg_gen/gen_rsp_intg.u_rsp_gen/data_o[3]' has no loads. (LINT-2)
Warning: In design 'uart', net 'u_reg/u_rsp_intg_gen/gen_rsp_intg.unused_payload[4]' driven by pin 'u_reg/u_rsp_intg_gen/gen_rsp_intg.u_rsp_gen/data_o[4]' has no loads. (LINT-2)
Warning: In design 'uart', net 'u_reg/u_rsp_intg_gen/gen_rsp_intg.unused_payload[5]' driven by pin 'u_reg/u_rsp_intg_gen/gen_rsp_intg.u_rsp_gen/data_o[5]' has no loads. (LINT-2)
Warning: In design 'uart', net 'u_reg/u_rsp_intg_gen/gen_rsp_intg.unused_payload[6]' driven by pin 'u_reg/u_rsp_intg_gen/gen_rsp_intg.u_rsp_gen/data_o[6]' has no loads. (LINT-2)
Warning: In design 'uart', net 'u_reg/u_rsp_intg_gen/gen_rsp_intg.unused_payload[7]' driven by pin 'u_reg/u_rsp_intg_gen/gen_rsp_intg.u_rsp_gen/data_o[7]' has no loads. (LINT-2)
Warning: In design 'uart', net 'u_reg/u_rsp_intg_gen/gen_rsp_intg.unused_payload[8]' driven by pin 'u_reg/u_rsp_intg_gen/gen_rsp_intg.u_rsp_gen/data_o[8]' has no loads. (LINT-2)
Warning: In design 'uart', net 'u_reg/u_rsp_intg_gen/gen_rsp_intg.unused_payload[9]' driven by pin 'u_reg/u_rsp_intg_gen/gen_rsp_intg.u_rsp_gen/data_o[9]' has no loads. (LINT-2)
Warning: In design 'uart', net 'u_reg/u_rsp_intg_gen/gen_rsp_intg.unused_payload[10]' driven by pin 'u_reg/u_rsp_intg_gen/gen_rsp_intg.u_rsp_gen/data_o[10]' has no loads. (LINT-2)
Warning: In design 'uart', net 'u_reg/u_rsp_intg_gen/gen_rsp_intg.unused_payload[11]' driven by pin 'u_reg/u_rsp_intg_gen/gen_rsp_intg.u_rsp_gen/data_o[11]' has no loads. (LINT-2)
Warning: In design 'uart', net 'u_reg/u_rsp_intg_gen/gen_rsp_intg.unused_payload[12]' driven by pin 'u_reg/u_rsp_intg_gen/gen_rsp_intg.u_rsp_gen/data_o[12]' has no loads. (LINT-2)
Warning: In design 'uart', net 'u_reg/u_rsp_intg_gen/gen_rsp_intg.unused_payload[13]' driven by pin 'u_reg/u_rsp_intg_gen/gen_rsp_intg.u_rsp_gen/data_o[13]' has no loads. (LINT-2)
Warning: In design 'uart', net 'u_reg/u_rsp_intg_gen/gen_rsp_intg.unused_payload[14]' driven by pin 'u_reg/u_rsp_intg_gen/gen_rsp_intg.u_rsp_gen/data_o[14]' has no loads. (LINT-2)
Warning: In design 'uart', net 'u_reg/u_rsp_intg_gen/gen_rsp_intg.unused_payload[15]' driven by pin 'u_reg/u_rsp_intg_gen/gen_rsp_intg.u_rsp_gen/data_o[15]' has no loads. (LINT-2)
Warning: In design 'uart', net 'u_reg/u_rsp_intg_gen/gen_rsp_intg.unused_payload[16]' driven by pin 'u_reg/u_rsp_intg_gen/gen_rsp_intg.u_rsp_gen/data_o[16]' has no loads. (LINT-2)
Warning: In design 'uart', net 'u_reg/u_rsp_intg_gen/gen_rsp_intg.unused_payload[17]' driven by pin 'u_reg/u_rsp_intg_gen/gen_rsp_intg.u_rsp_gen/data_o[17]' has no loads. (LINT-2)
Warning: In design 'uart', net 'u_reg/u_rsp_intg_gen/gen_rsp_intg.unused_payload[18]' driven by pin 'u_reg/u_rsp_intg_gen/gen_rsp_intg.u_rsp_gen/data_o[18]' has no loads. (LINT-2)
Warning: In design 'uart', net 'u_reg/u_rsp_intg_gen/gen_rsp_intg.unused_payload[19]' driven by pin 'u_reg/u_rsp_intg_gen/gen_rsp_intg.u_rsp_gen/data_o[19]' has no loads. (LINT-2)
Warning: In design 'uart', net 'u_reg/u_rsp_intg_gen/gen_rsp_intg.unused_payload[20]' driven by pin 'u_reg/u_rsp_intg_gen/gen_rsp_intg.u_rsp_gen/data_o[20]' has no loads. (LINT-2)
Warning: In design 'uart', net 'u_reg/u_rsp_intg_gen/gen_rsp_intg.unused_payload[21]' driven by pin 'u_reg/u_rsp_intg_gen/gen_rsp_intg.u_rsp_gen/data_o[21]' has no loads. (LINT-2)
Warning: In design 'uart', net 'u_reg/u_rsp_intg_gen/gen_rsp_intg.unused_payload[22]' driven by pin 'u_reg/u_rsp_intg_gen/gen_rsp_intg.u_rsp_gen/data_o[22]' has no loads. (LINT-2)
Warning: In design 'uart', net 'u_reg/u_rsp_intg_gen/gen_rsp_intg.unused_payload[23]' driven by pin 'u_reg/u_rsp_intg_gen/gen_rsp_intg.u_rsp_gen/data_o[23]' has no loads. (LINT-2)
Warning: In design 'uart', net 'u_reg/u_rsp_intg_gen/gen_rsp_intg.unused_payload[24]' driven by pin 'u_reg/u_rsp_intg_gen/gen_rsp_intg.u_rsp_gen/data_o[24]' has no loads. (LINT-2)
Warning: In design 'uart', net 'u_reg/u_rsp_intg_gen/gen_rsp_intg.unused_payload[25]' driven by pin 'u_reg/u_rsp_intg_gen/gen_rsp_intg.u_rsp_gen/data_o[25]' has no loads. (LINT-2)
Warning: In design 'uart', net 'u_reg/u_rsp_intg_gen/gen_rsp_intg.unused_payload[26]' driven by pin 'u_reg/u_rsp_intg_gen/gen_rsp_intg.u_rsp_gen/data_o[26]' has no loads. (LINT-2)
Warning: In design 'uart', net 'u_reg/u_rsp_intg_gen/gen_rsp_intg.unused_payload[27]' driven by pin 'u_reg/u_rsp_intg_gen/gen_rsp_intg.u_rsp_gen/data_o[27]' has no loads. (LINT-2)
Warning: In design 'uart', net 'u_reg/u_rsp_intg_gen/gen_rsp_intg.unused_payload[28]' driven by pin 'u_reg/u_rsp_intg_gen/gen_rsp_intg.u_rsp_gen/data_o[28]' has no loads. (LINT-2)
Warning: In design 'uart', net 'u_reg/u_rsp_intg_gen/gen_rsp_intg.unused_payload[29]' driven by pin 'u_reg/u_rsp_intg_gen/gen_rsp_intg.u_rsp_gen/data_o[29]' has no loads. (LINT-2)
Warning: In design 'uart', net 'u_reg/u_rsp_intg_gen/gen_rsp_intg.unused_payload[30]' driven by pin 'u_reg/u_rsp_intg_gen/gen_rsp_intg.u_rsp_gen/data_o[30]' has no loads. (LINT-2)
Warning: In design 'uart', net 'u_reg/u_rsp_intg_gen/gen_rsp_intg.unused_payload[31]' driven by pin 'u_reg/u_rsp_intg_gen/gen_rsp_intg.u_rsp_gen/data_o[31]' has no loads. (LINT-2)
Warning: In design 'uart', net 'u_reg/u_rsp_intg_gen/gen_rsp_intg.unused_payload[32]' driven by pin 'u_reg/u_rsp_intg_gen/gen_rsp_intg.u_rsp_gen/data_o[32]' has no loads. (LINT-2)
Warning: In design 'uart', net 'u_reg/u_rsp_intg_gen/gen_rsp_intg.unused_payload[33]' driven by pin 'u_reg/u_rsp_intg_gen/gen_rsp_intg.u_rsp_gen/data_o[33]' has no loads. (LINT-2)
Warning: In design 'uart', net 'u_reg/u_rsp_intg_gen/gen_rsp_intg.unused_payload[34]' driven by pin 'u_reg/u_rsp_intg_gen/gen_rsp_intg.u_rsp_gen/data_o[34]' has no loads. (LINT-2)
Warning: In design 'uart', net 'u_reg/u_rsp_intg_gen/gen_rsp_intg.unused_payload[35]' driven by pin 'u_reg/u_rsp_intg_gen/gen_rsp_intg.u_rsp_gen/data_o[35]' has no loads. (LINT-2)
Warning: In design 'uart', net 'u_reg/u_rsp_intg_gen/gen_rsp_intg.unused_payload[36]' driven by pin 'u_reg/u_rsp_intg_gen/gen_rsp_intg.u_rsp_gen/data_o[36]' has no loads. (LINT-2)
Warning: In design 'uart', net 'u_reg/u_rsp_intg_gen/gen_rsp_intg.unused_payload[37]' driven by pin 'u_reg/u_rsp_intg_gen/gen_rsp_intg.u_rsp_gen/data_o[37]' has no loads. (LINT-2)
Warning: In design 'uart', net 'u_reg/u_rsp_intg_gen/gen_rsp_intg.unused_payload[38]' driven by pin 'u_reg/u_rsp_intg_gen/gen_rsp_intg.u_rsp_gen/data_o[38]' has no loads. (LINT-2)
Warning: In design 'uart', net 'u_reg/u_rsp_intg_gen/gen_rsp_intg.unused_payload[39]' driven by pin 'u_reg/u_rsp_intg_gen/gen_rsp_intg.u_rsp_gen/data_o[39]' has no loads. (LINT-2)
Warning: In design 'uart', net 'u_reg/u_rsp_intg_gen/gen_rsp_intg.unused_payload[40]' driven by pin 'u_reg/u_rsp_intg_gen/gen_rsp_intg.u_rsp_gen/data_o[40]' has no loads. (LINT-2)
Warning: In design 'uart', net 'u_reg/u_rsp_intg_gen/gen_rsp_intg.unused_payload[41]' driven by pin 'u_reg/u_rsp_intg_gen/gen_rsp_intg.u_rsp_gen/data_o[41]' has no loads. (LINT-2)
Warning: In design 'uart', net 'u_reg/u_rsp_intg_gen/gen_rsp_intg.unused_payload[42]' driven by pin 'u_reg/u_rsp_intg_gen/gen_rsp_intg.u_rsp_gen/data_o[42]' has no loads. (LINT-2)
Warning: In design 'uart', net 'u_reg/u_rsp_intg_gen/gen_rsp_intg.unused_payload[43]' driven by pin 'u_reg/u_rsp_intg_gen/gen_rsp_intg.u_rsp_gen/data_o[43]' has no loads. (LINT-2)
Warning: In design 'uart', net 'u_reg/u_rsp_intg_gen/gen_rsp_intg.unused_payload[44]' driven by pin 'u_reg/u_rsp_intg_gen/gen_rsp_intg.u_rsp_gen/data_o[44]' has no loads. (LINT-2)
Warning: In design 'uart', net 'u_reg/u_rsp_intg_gen/gen_rsp_intg.unused_payload[45]' driven by pin 'u_reg/u_rsp_intg_gen/gen_rsp_intg.u_rsp_gen/data_o[45]' has no loads. (LINT-2)
Warning: In design 'uart', net 'u_reg/u_rsp_intg_gen/gen_rsp_intg.unused_payload[46]' driven by pin 'u_reg/u_rsp_intg_gen/gen_rsp_intg.u_rsp_gen/data_o[46]' has no loads. (LINT-2)
Warning: In design 'uart', net 'u_reg/u_rsp_intg_gen/gen_rsp_intg.unused_payload[47]' driven by pin 'u_reg/u_rsp_intg_gen/gen_rsp_intg.u_rsp_gen/data_o[47]' has no loads. (LINT-2)
Warning: In design 'uart', net 'u_reg/u_rsp_intg_gen/gen_rsp_intg.unused_payload[48]' driven by pin 'u_reg/u_rsp_intg_gen/gen_rsp_intg.u_rsp_gen/data_o[48]' has no loads. (LINT-2)
Warning: In design 'uart', net 'u_reg/u_rsp_intg_gen/gen_rsp_intg.unused_payload[49]' driven by pin 'u_reg/u_rsp_intg_gen/gen_rsp_intg.u_rsp_gen/data_o[49]' has no loads. (LINT-2)
Warning: In design 'uart', net 'u_reg/u_rsp_intg_gen/gen_rsp_intg.unused_payload[50]' driven by pin 'u_reg/u_rsp_intg_gen/gen_rsp_intg.u_rsp_gen/data_o[50]' has no loads. (LINT-2)
Warning: In design 'uart', net 'u_reg/u_rsp_intg_gen/gen_rsp_intg.unused_payload[51]' driven by pin 'u_reg/u_rsp_intg_gen/gen_rsp_intg.u_rsp_gen/data_o[51]' has no loads. (LINT-2)
Warning: In design 'uart', net 'u_reg/u_rsp_intg_gen/gen_rsp_intg.unused_payload[52]' driven by pin 'u_reg/u_rsp_intg_gen/gen_rsp_intg.u_rsp_gen/data_o[52]' has no loads. (LINT-2)
Warning: In design 'uart', net 'u_reg/u_rsp_intg_gen/gen_rsp_intg.unused_payload[53]' driven by pin 'u_reg/u_rsp_intg_gen/gen_rsp_intg.u_rsp_gen/data_o[53]' has no loads. (LINT-2)
Warning: In design 'uart', net 'u_reg/u_rsp_intg_gen/gen_rsp_intg.unused_payload[54]' driven by pin 'u_reg/u_rsp_intg_gen/gen_rsp_intg.u_rsp_gen/data_o[54]' has no loads. (LINT-2)
Warning: In design 'uart', net 'u_reg/u_rsp_intg_gen/gen_rsp_intg.unused_payload[55]' driven by pin 'u_reg/u_rsp_intg_gen/gen_rsp_intg.u_rsp_gen/data_o[55]' has no loads. (LINT-2)
Warning: In design 'uart', net 'u_reg/u_rsp_intg_gen/gen_rsp_intg.unused_payload[56]' driven by pin 'u_reg/u_rsp_intg_gen/gen_rsp_intg.u_rsp_gen/data_o[56]' has no loads. (LINT-2)
Warning: In design 'uart_reg_top_0_0_0000', port 'racl_policies_i[0][write_perm][1]' is not connected to any nets. (LINT-28)
Warning: In design 'uart_reg_top_0_0_0000', port 'racl_policies_i[0][write_perm][0]' is not connected to any nets. (LINT-28)
Warning: In design 'uart_reg_top_0_0_0000', port 'racl_policies_i[0][read_perm][1]' is not connected to any nets. (LINT-28)
Warning: In design 'uart_reg_top_0_0_0000', port 'racl_policies_i[0][read_perm][0]' is not connected to any nets. (LINT-28)
Warning: In design 'uart_core', port 'reg2hw[alert_test][q]' is not connected to any nets. (LINT-28)
Warning: In design 'uart_core', port 'reg2hw[alert_test][qe]' is not connected to any nets. (LINT-28)
Warning: In design 'uart_core', port 'reg2hw[status][rxempty][q]' is not connected to any nets. (LINT-28)
Warning: In design 'uart_core', port 'reg2hw[status][rxempty][re]' is not connected to any nets. (LINT-28)
Warning: In design 'uart_core', port 'reg2hw[status][rxidle][q]' is not connected to any nets. (LINT-28)
Warning: In design 'uart_core', port 'reg2hw[status][rxidle][re]' is not connected to any nets. (LINT-28)
Warning: In design 'uart_core', port 'reg2hw[status][txidle][q]' is not connected to any nets. (LINT-28)
Warning: In design 'uart_core', port 'reg2hw[status][txidle][re]' is not connected to any nets. (LINT-28)
Warning: In design 'uart_core', port 'reg2hw[status][txempty][q]' is not connected to any nets. (LINT-28)
Warning: In design 'uart_core', port 'reg2hw[status][txempty][re]' is not connected to any nets. (LINT-28)
Warning: In design 'uart_core', port 'reg2hw[status][rxfull][q]' is not connected to any nets. (LINT-28)
Warning: In design 'uart_core', port 'reg2hw[status][rxfull][re]' is not connected to any nets. (LINT-28)
Warning: In design 'uart_core', port 'reg2hw[status][txfull][q]' is not connected to any nets. (LINT-28)
Warning: In design 'uart_core', port 'reg2hw[status][txfull][re]' is not connected to any nets. (LINT-28)
Warning: In design 'uart_core', port 'reg2hw[rdata][q][7]' is not connected to any nets. (LINT-28)
Warning: In design 'uart_core', port 'reg2hw[rdata][q][6]' is not connected to any nets. (LINT-28)
Warning: In design 'uart_core', port 'reg2hw[rdata][q][5]' is not connected to any nets. (LINT-28)
Warning: In design 'uart_core', port 'reg2hw[rdata][q][4]' is not connected to any nets. (LINT-28)
Warning: In design 'uart_core', port 'reg2hw[rdata][q][3]' is not connected to any nets. (LINT-28)
Warning: In design 'uart_core', port 'reg2hw[rdata][q][2]' is not connected to any nets. (LINT-28)
Warning: In design 'uart_core', port 'reg2hw[rdata][q][1]' is not connected to any nets. (LINT-28)
Warning: In design 'uart_core', port 'reg2hw[rdata][q][0]' is not connected to any nets. (LINT-28)
Warning: In design 'uart_core', port 'reg2hw[fifo_ctrl][txilvl][qe]' is not connected to any nets. (LINT-28)
Warning: In design 'uart_core', port 'reg2hw[fifo_ctrl][rxilvl][qe]' is not connected to any nets. (LINT-28)
Warning: In design 'tlul_cmd_intg_chk', port 'tl_i[a_param][2]' is not connected to any nets. (LINT-28)
Warning: In design 'tlul_cmd_intg_chk', port 'tl_i[a_param][1]' is not connected to any nets. (LINT-28)
Warning: In design 'tlul_cmd_intg_chk', port 'tl_i[a_param][0]' is not connected to any nets. (LINT-28)
Warning: In design 'tlul_cmd_intg_chk', port 'tl_i[a_size][1]' is not connected to any nets. (LINT-28)
Warning: In design 'tlul_cmd_intg_chk', port 'tl_i[a_size][0]' is not connected to any nets. (LINT-28)
Warning: In design 'tlul_cmd_intg_chk', port 'tl_i[a_source][7]' is not connected to any nets. (LINT-28)
Warning: In design 'tlul_cmd_intg_chk', port 'tl_i[a_source][6]' is not connected to any nets. (LINT-28)
Warning: In design 'tlul_cmd_intg_chk', port 'tl_i[a_source][5]' is not connected to any nets. (LINT-28)
Warning: In design 'tlul_cmd_intg_chk', port 'tl_i[a_source][4]' is not connected to any nets. (LINT-28)
Warning: In design 'tlul_cmd_intg_chk', port 'tl_i[a_source][3]' is not connected to any nets. (LINT-28)
Warning: In design 'tlul_cmd_intg_chk', port 'tl_i[a_source][2]' is not connected to any nets. (LINT-28)
Warning: In design 'tlul_cmd_intg_chk', port 'tl_i[a_source][1]' is not connected to any nets. (LINT-28)
Warning: In design 'tlul_cmd_intg_chk', port 'tl_i[a_source][0]' is not connected to any nets. (LINT-28)
Warning: In design 'tlul_cmd_intg_chk', port 'tl_i[a_user][rsvd][4]' is not connected to any nets. (LINT-28)
Warning: In design 'tlul_cmd_intg_chk', port 'tl_i[a_user][rsvd][3]' is not connected to any nets. (LINT-28)
Warning: In design 'tlul_cmd_intg_chk', port 'tl_i[a_user][rsvd][2]' is not connected to any nets. (LINT-28)
Warning: In design 'tlul_cmd_intg_chk', port 'tl_i[a_user][rsvd][1]' is not connected to any nets. (LINT-28)
Warning: In design 'tlul_cmd_intg_chk', port 'tl_i[a_user][rsvd][0]' is not connected to any nets. (LINT-28)
Warning: In design 'tlul_cmd_intg_chk', port 'tl_i[d_ready]' is not connected to any nets. (LINT-28)
Warning: In design 'tlul_rsp_intg_gen_EnableRspIntgGen1_EnableDataIntgGen1', port 'tl_i[d_user][rsp_intg][6]' is not connected to any nets. (LINT-28)
Warning: In design 'tlul_rsp_intg_gen_EnableRspIntgGen1_EnableDataIntgGen1', port 'tl_i[d_user][rsp_intg][5]' is not connected to any nets. (LINT-28)
Warning: In design 'tlul_rsp_intg_gen_EnableRspIntgGen1_EnableDataIntgGen1', port 'tl_i[d_user][rsp_intg][4]' is not connected to any nets. (LINT-28)
Warning: In design 'tlul_rsp_intg_gen_EnableRspIntgGen1_EnableDataIntgGen1', port 'tl_i[d_user][rsp_intg][3]' is not connected to any nets. (LINT-28)
Warning: In design 'tlul_rsp_intg_gen_EnableRspIntgGen1_EnableDataIntgGen1', port 'tl_i[d_user][rsp_intg][2]' is not connected to any nets. (LINT-28)
Warning: In design 'tlul_rsp_intg_gen_EnableRspIntgGen1_EnableDataIntgGen1', port 'tl_i[d_user][rsp_intg][1]' is not connected to any nets. (LINT-28)
Warning: In design 'tlul_rsp_intg_gen_EnableRspIntgGen1_EnableDataIntgGen1', port 'tl_i[d_user][rsp_intg][0]' is not connected to any nets. (LINT-28)
Warning: In design 'tlul_rsp_intg_gen_EnableRspIntgGen1_EnableDataIntgGen1', port 'tl_i[d_user][data_intg][6]' is not connected to any nets. (LINT-28)
Warning: In design 'tlul_rsp_intg_gen_EnableRspIntgGen1_EnableDataIntgGen1', port 'tl_i[d_user][data_intg][5]' is not connected to any nets. (LINT-28)
Warning: In design 'tlul_rsp_intg_gen_EnableRspIntgGen1_EnableDataIntgGen1', port 'tl_i[d_user][data_intg][4]' is not connected to any nets. (LINT-28)
Warning: In design 'tlul_rsp_intg_gen_EnableRspIntgGen1_EnableDataIntgGen1', port 'tl_i[d_user][data_intg][3]' is not connected to any nets. (LINT-28)
Warning: In design 'tlul_rsp_intg_gen_EnableRspIntgGen1_EnableDataIntgGen1', port 'tl_i[d_user][data_intg][2]' is not connected to any nets. (LINT-28)
Warning: In design 'tlul_rsp_intg_gen_EnableRspIntgGen1_EnableDataIntgGen1', port 'tl_i[d_user][data_intg][1]' is not connected to any nets. (LINT-28)
Warning: In design 'tlul_rsp_intg_gen_EnableRspIntgGen1_EnableDataIntgGen1', port 'tl_i[d_user][data_intg][0]' is not connected to any nets. (LINT-28)
Warning: In design 'prim_intr_hw_Width1_IntrTStatus_2', port 'reg2hw_intr_state_q_i[0]' is not connected to any nets. (LINT-28)
Warning: In design 'prim_onehot_check_4_0000000d_0_1_0', port 'clk_i' is not connected to any nets. (LINT-28)
Warning: In design 'prim_onehot_check_4_0000000d_0_1_0', port 'rst_ni' is not connected to any nets. (LINT-28)
Warning: In design 'prim_onehot_check_4_0000000d_0_1_0', port 'addr_i[3]' is not connected to any nets. (LINT-28)
Warning: In design 'prim_onehot_check_4_0000000d_0_1_0', port 'addr_i[2]' is not connected to any nets. (LINT-28)
Warning: In design 'prim_onehot_check_4_0000000d_0_1_0', port 'addr_i[1]' is not connected to any nets. (LINT-28)
Warning: In design 'prim_onehot_check_4_0000000d_0_1_0', port 'addr_i[0]' is not connected to any nets. (LINT-28)
Warning: In design 'tlul_rsp_intg_gen_0_0_1', port 'tl_i[d_user][rsp_intg][6]' is not connected to any nets. (LINT-28)
Warning: In design 'tlul_rsp_intg_gen_0_0_1', port 'tl_i[d_user][rsp_intg][5]' is not connected to any nets. (LINT-28)
Warning: In design 'tlul_rsp_intg_gen_0_0_1', port 'tl_i[d_user][rsp_intg][4]' is not connected to any nets. (LINT-28)
Warning: In design 'tlul_rsp_intg_gen_0_0_1', port 'tl_i[d_user][rsp_intg][3]' is not connected to any nets. (LINT-28)
Warning: In design 'tlul_rsp_intg_gen_0_0_1', port 'tl_i[d_user][rsp_intg][2]' is not connected to any nets. (LINT-28)
Warning: In design 'tlul_rsp_intg_gen_0_0_1', port 'tl_i[d_user][rsp_intg][1]' is not connected to any nets. (LINT-28)
Warning: In design 'tlul_rsp_intg_gen_0_0_1', port 'tl_i[d_user][rsp_intg][0]' is not connected to any nets. (LINT-28)
Warning: In design 'tlul_rsp_intg_gen_0_0_1', port 'tl_i[d_user][data_intg][6]' is not connected to any nets. (LINT-28)
Warning: In design 'tlul_rsp_intg_gen_0_0_1', port 'tl_i[d_user][data_intg][5]' is not connected to any nets. (LINT-28)
Warning: In design 'tlul_rsp_intg_gen_0_0_1', port 'tl_i[d_user][data_intg][4]' is not connected to any nets. (LINT-28)
Warning: In design 'tlul_rsp_intg_gen_0_0_1', port 'tl_i[d_user][data_intg][3]' is not connected to any nets. (LINT-28)
Warning: In design 'tlul_rsp_intg_gen_0_0_1', port 'tl_i[d_user][data_intg][2]' is not connected to any nets. (LINT-28)
Warning: In design 'tlul_rsp_intg_gen_0_0_1', port 'tl_i[d_user][data_intg][1]' is not connected to any nets. (LINT-28)
Warning: In design 'tlul_rsp_intg_gen_0_0_1', port 'tl_i[d_user][data_intg][0]' is not connected to any nets. (LINT-28)
Warning: In design 'tlul_err', port 'clk_i' is not connected to any nets. (LINT-28)
Warning: In design 'tlul_err', port 'rst_ni' is not connected to any nets. (LINT-28)
Warning: In design 'tlul_err', port 'tl_i[a_param][2]' is not connected to any nets. (LINT-28)
Warning: In design 'tlul_err', port 'tl_i[a_param][1]' is not connected to any nets. (LINT-28)
Warning: In design 'tlul_err', port 'tl_i[a_param][0]' is not connected to any nets. (LINT-28)
Warning: In design 'tlul_err', port 'tl_i[a_source][7]' is not connected to any nets. (LINT-28)
Warning: In design 'tlul_err', port 'tl_i[a_source][6]' is not connected to any nets. (LINT-28)
Warning: In design 'tlul_err', port 'tl_i[a_source][5]' is not connected to any nets. (LINT-28)
Warning: In design 'tlul_err', port 'tl_i[a_source][4]' is not connected to any nets. (LINT-28)
Warning: In design 'tlul_err', port 'tl_i[a_source][3]' is not connected to any nets. (LINT-28)
Warning: In design 'tlul_err', port 'tl_i[a_source][2]' is not connected to any nets. (LINT-28)
Warning: In design 'tlul_err', port 'tl_i[a_source][1]' is not connected to any nets. (LINT-28)
Warning: In design 'tlul_err', port 'tl_i[a_source][0]' is not connected to any nets. (LINT-28)
Warning: In design 'tlul_err', port 'tl_i[a_address][31]' is not connected to any nets. (LINT-28)
Warning: In design 'tlul_err', port 'tl_i[a_address][30]' is not connected to any nets. (LINT-28)
Warning: In design 'tlul_err', port 'tl_i[a_address][29]' is not connected to any nets. (LINT-28)
Warning: In design 'tlul_err', port 'tl_i[a_address][28]' is not connected to any nets. (LINT-28)
Warning: In design 'tlul_err', port 'tl_i[a_address][27]' is not connected to any nets. (LINT-28)
Warning: In design 'tlul_err', port 'tl_i[a_address][26]' is not connected to any nets. (LINT-28)
Warning: In design 'tlul_err', port 'tl_i[a_address][25]' is not connected to any nets. (LINT-28)
Warning: In design 'tlul_err', port 'tl_i[a_address][24]' is not connected to any nets. (LINT-28)
Warning: In design 'tlul_err', port 'tl_i[a_address][23]' is not connected to any nets. (LINT-28)
Warning: In design 'tlul_err', port 'tl_i[a_address][22]' is not connected to any nets. (LINT-28)
Warning: In design 'tlul_err', port 'tl_i[a_address][21]' is not connected to any nets. (LINT-28)
Warning: In design 'tlul_err', port 'tl_i[a_address][20]' is not connected to any nets. (LINT-28)
Warning: In design 'tlul_err', port 'tl_i[a_address][19]' is not connected to any nets. (LINT-28)
Warning: In design 'tlul_err', port 'tl_i[a_address][18]' is not connected to any nets. (LINT-28)
Warning: In design 'tlul_err', port 'tl_i[a_address][17]' is not connected to any nets. (LINT-28)
Warning: In design 'tlul_err', port 'tl_i[a_address][16]' is not connected to any nets. (LINT-28)
Warning: In design 'tlul_err', port 'tl_i[a_address][15]' is not connected to any nets. (LINT-28)
Warning: In design 'tlul_err', port 'tl_i[a_address][14]' is not connected to any nets. (LINT-28)
Warning: In design 'tlul_err', port 'tl_i[a_address][13]' is not connected to any nets. (LINT-28)
Warning: In design 'tlul_err', port 'tl_i[a_address][12]' is not connected to any nets. (LINT-28)
Warning: In design 'tlul_err', port 'tl_i[a_address][11]' is not connected to any nets. (LINT-28)
Warning: In design 'tlul_err', port 'tl_i[a_address][10]' is not connected to any nets. (LINT-28)
Warning: In design 'tlul_err', port 'tl_i[a_address][9]' is not connected to any nets. (LINT-28)
Warning: In design 'tlul_err', port 'tl_i[a_address][8]' is not connected to any nets. (LINT-28)
Warning: In design 'tlul_err', port 'tl_i[a_address][7]' is not connected to any nets. (LINT-28)
Warning: In design 'tlul_err', port 'tl_i[a_address][6]' is not connected to any nets. (LINT-28)
Warning: In design 'tlul_err', port 'tl_i[a_address][5]' is not connected to any nets. (LINT-28)
Warning: In design 'tlul_err', port 'tl_i[a_address][4]' is not connected to any nets. (LINT-28)
Warning: In design 'tlul_err', port 'tl_i[a_address][3]' is not connected to any nets. (LINT-28)
Warning: In design 'tlul_err', port 'tl_i[a_address][2]' is not connected to any nets. (LINT-28)
Warning: In design 'tlul_err', port 'tl_i[a_data][31]' is not connected to any nets. (LINT-28)
Warning: In design 'tlul_err', port 'tl_i[a_data][30]' is not connected to any nets. (LINT-28)
Warning: In design 'tlul_err', port 'tl_i[a_data][29]' is not connected to any nets. (LINT-28)
Warning: In design 'tlul_err', port 'tl_i[a_data][28]' is not connected to any nets. (LINT-28)
Warning: In design 'tlul_err', port 'tl_i[a_data][27]' is not connected to any nets. (LINT-28)
Warning: In design 'tlul_err', port 'tl_i[a_data][26]' is not connected to any nets. (LINT-28)
Warning: In design 'tlul_err', port 'tl_i[a_data][25]' is not connected to any nets. (LINT-28)
Warning: In design 'tlul_err', port 'tl_i[a_data][24]' is not connected to any nets. (LINT-28)
Warning: In design 'tlul_err', port 'tl_i[a_data][23]' is not connected to any nets. (LINT-28)
Warning: In design 'tlul_err', port 'tl_i[a_data][22]' is not connected to any nets. (LINT-28)
Warning: In design 'tlul_err', port 'tl_i[a_data][21]' is not connected to any nets. (LINT-28)
Warning: In design 'tlul_err', port 'tl_i[a_data][20]' is not connected to any nets. (LINT-28)
Warning: In design 'tlul_err', port 'tl_i[a_data][19]' is not connected to any nets. (LINT-28)
Warning: In design 'tlul_err', port 'tl_i[a_data][18]' is not connected to any nets. (LINT-28)
Warning: In design 'tlul_err', port 'tl_i[a_data][17]' is not connected to any nets. (LINT-28)
Warning: In design 'tlul_err', port 'tl_i[a_data][16]' is not connected to any nets. (LINT-28)
Warning: In design 'tlul_err', port 'tl_i[a_data][15]' is not connected to any nets. (LINT-28)
Warning: In design 'tlul_err', port 'tl_i[a_data][14]' is not connected to any nets. (LINT-28)
Warning: In design 'tlul_err', port 'tl_i[a_data][13]' is not connected to any nets. (LINT-28)
Warning: In design 'tlul_err', port 'tl_i[a_data][12]' is not connected to any nets. (LINT-28)
Warning: In design 'tlul_err', port 'tl_i[a_data][11]' is not connected to any nets. (LINT-28)
Warning: In design 'tlul_err', port 'tl_i[a_data][10]' is not connected to any nets. (LINT-28)
Warning: In design 'tlul_err', port 'tl_i[a_data][9]' is not connected to any nets. (LINT-28)
Warning: In design 'tlul_err', port 'tl_i[a_data][8]' is not connected to any nets. (LINT-28)
Warning: In design 'tlul_err', port 'tl_i[a_data][7]' is not connected to any nets. (LINT-28)
Warning: In design 'tlul_err', port 'tl_i[a_data][6]' is not connected to any nets. (LINT-28)
Warning: In design 'tlul_err', port 'tl_i[a_data][5]' is not connected to any nets. (LINT-28)
Warning: In design 'tlul_err', port 'tl_i[a_data][4]' is not connected to any nets. (LINT-28)
Warning: In design 'tlul_err', port 'tl_i[a_data][3]' is not connected to any nets. (LINT-28)
Warning: In design 'tlul_err', port 'tl_i[a_data][2]' is not connected to any nets. (LINT-28)
Warning: In design 'tlul_err', port 'tl_i[a_data][1]' is not connected to any nets. (LINT-28)
Warning: In design 'tlul_err', port 'tl_i[a_data][0]' is not connected to any nets. (LINT-28)
Warning: In design 'tlul_err', port 'tl_i[a_user][rsvd][4]' is not connected to any nets. (LINT-28)
Warning: In design 'tlul_err', port 'tl_i[a_user][rsvd][3]' is not connected to any nets. (LINT-28)
Warning: In design 'tlul_err', port 'tl_i[a_user][rsvd][2]' is not connected to any nets. (LINT-28)
Warning: In design 'tlul_err', port 'tl_i[a_user][rsvd][1]' is not connected to any nets. (LINT-28)
Warning: In design 'tlul_err', port 'tl_i[a_user][rsvd][0]' is not connected to any nets. (LINT-28)
Warning: In design 'tlul_err', port 'tl_i[a_user][cmd_intg][6]' is not connected to any nets. (LINT-28)
Warning: In design 'tlul_err', port 'tl_i[a_user][cmd_intg][5]' is not connected to any nets. (LINT-28)
Warning: In design 'tlul_err', port 'tl_i[a_user][cmd_intg][4]' is not connected to any nets. (LINT-28)
Warning: In design 'tlul_err', port 'tl_i[a_user][cmd_intg][3]' is not connected to any nets. (LINT-28)
Warning: In design 'tlul_err', port 'tl_i[a_user][cmd_intg][2]' is not connected to any nets. (LINT-28)
Warning: In design 'tlul_err', port 'tl_i[a_user][cmd_intg][1]' is not connected to any nets. (LINT-28)
Warning: In design 'tlul_err', port 'tl_i[a_user][cmd_intg][0]' is not connected to any nets. (LINT-28)
Warning: In design 'tlul_err', port 'tl_i[a_user][data_intg][6]' is not connected to any nets. (LINT-28)
Warning: In design 'tlul_err', port 'tl_i[a_user][data_intg][5]' is not connected to any nets. (LINT-28)
Warning: In design 'tlul_err', port 'tl_i[a_user][data_intg][4]' is not connected to any nets. (LINT-28)
Warning: In design 'tlul_err', port 'tl_i[a_user][data_intg][3]' is not connected to any nets. (LINT-28)
Warning: In design 'tlul_err', port 'tl_i[a_user][data_intg][2]' is not connected to any nets. (LINT-28)
Warning: In design 'tlul_err', port 'tl_i[a_user][data_intg][1]' is not connected to any nets. (LINT-28)
Warning: In design 'tlul_err', port 'tl_i[a_user][data_intg][0]' is not connected to any nets. (LINT-28)
Warning: In design 'tlul_err', port 'tl_i[d_ready]' is not connected to any nets. (LINT-28)
Warning: In design 'prim_subreg_arb_1_1_0_2', port 'we' is not connected to any nets. (LINT-28)
Warning: In design 'prim_subreg_arb_1_1_0_2', port 'wd[0]' is not connected to any nets. (LINT-28)
Warning: In design 'prim_subreg_arb_1_1_0_2', port 'q[0]' is not connected to any nets. (LINT-28)
Warning: In design 'prim_subreg_arb_1_0_0_18', port 'q[0]' is not connected to any nets. (LINT-28)
Warning: In design 'prim_subreg_arb_2_0_0', port 'q[1]' is not connected to any nets. (LINT-28)
Warning: In design 'prim_subreg_arb_2_0_0', port 'q[0]' is not connected to any nets. (LINT-28)
Warning: In design 'prim_subreg_arb_16_0_0', port 'q[15]' is not connected to any nets. (LINT-28)
Warning: In design 'prim_subreg_arb_16_0_0', port 'q[14]' is not connected to any nets. (LINT-28)
Warning: In design 'prim_subreg_arb_16_0_0', port 'q[13]' is not connected to any nets. (LINT-28)
Warning: In design 'prim_subreg_arb_16_0_0', port 'q[12]' is not connected to any nets. (LINT-28)
Warning: In design 'prim_subreg_arb_16_0_0', port 'q[11]' is not connected to any nets. (LINT-28)
Warning: In design 'prim_subreg_arb_16_0_0', port 'q[10]' is not connected to any nets. (LINT-28)
Warning: In design 'prim_subreg_arb_16_0_0', port 'q[9]' is not connected to any nets. (LINT-28)
Warning: In design 'prim_subreg_arb_16_0_0', port 'q[8]' is not connected to any nets. (LINT-28)
Warning: In design 'prim_subreg_arb_16_0_0', port 'q[7]' is not connected to any nets. (LINT-28)
Warning: In design 'prim_subreg_arb_16_0_0', port 'q[6]' is not connected to any nets. (LINT-28)
Warning: In design 'prim_subreg_arb_16_0_0', port 'q[5]' is not connected to any nets. (LINT-28)
Warning: In design 'prim_subreg_arb_16_0_0', port 'q[4]' is not connected to any nets. (LINT-28)
Warning: In design 'prim_subreg_arb_16_0_0', port 'q[3]' is not connected to any nets. (LINT-28)
Warning: In design 'prim_subreg_arb_16_0_0', port 'q[2]' is not connected to any nets. (LINT-28)
Warning: In design 'prim_subreg_arb_16_0_0', port 'q[1]' is not connected to any nets. (LINT-28)
Warning: In design 'prim_subreg_arb_16_0_0', port 'q[0]' is not connected to any nets. (LINT-28)
Warning: In design 'prim_subreg_arb_8_2_0', port 'q[7]' is not connected to any nets. (LINT-28)
Warning: In design 'prim_subreg_arb_8_2_0', port 'q[6]' is not connected to any nets. (LINT-28)
Warning: In design 'prim_subreg_arb_8_2_0', port 'q[5]' is not connected to any nets. (LINT-28)
Warning: In design 'prim_subreg_arb_8_2_0', port 'q[4]' is not connected to any nets. (LINT-28)
Warning: In design 'prim_subreg_arb_8_2_0', port 'q[3]' is not connected to any nets. (LINT-28)
Warning: In design 'prim_subreg_arb_8_2_0', port 'q[2]' is not connected to any nets. (LINT-28)
Warning: In design 'prim_subreg_arb_8_2_0', port 'q[1]' is not connected to any nets. (LINT-28)
Warning: In design 'prim_subreg_arb_8_2_0', port 'q[0]' is not connected to any nets. (LINT-28)
Warning: In design 'prim_subreg_arb_1_2_0_1', port 'q[0]' is not connected to any nets. (LINT-28)
Warning: In design 'prim_subreg_arb_3_0_0_1', port 'q[2]' is not connected to any nets. (LINT-28)
Warning: In design 'prim_subreg_arb_3_0_0_1', port 'q[1]' is not connected to any nets. (LINT-28)
Warning: In design 'prim_subreg_arb_3_0_0_1', port 'q[0]' is not connected to any nets. (LINT-28)
Warning: In design 'prim_subreg_arb_24_0_0', port 'q[23]' is not connected to any nets. (LINT-28)
Warning: In design 'prim_subreg_arb_24_0_0', port 'q[22]' is not connected to any nets. (LINT-28)
Warning: In design 'prim_subreg_arb_24_0_0', port 'q[21]' is not connected to any nets. (LINT-28)
Warning: In design 'prim_subreg_arb_24_0_0', port 'q[20]' is not connected to any nets. (LINT-28)
Warning: In design 'prim_subreg_arb_24_0_0', port 'q[19]' is not connected to any nets. (LINT-28)
Warning: In design 'prim_subreg_arb_24_0_0', port 'q[18]' is not connected to any nets. (LINT-28)
Warning: In design 'prim_subreg_arb_24_0_0', port 'q[17]' is not connected to any nets. (LINT-28)
Warning: In design 'prim_subreg_arb_24_0_0', port 'q[16]' is not connected to any nets. (LINT-28)
Warning: In design 'prim_subreg_arb_24_0_0', port 'q[15]' is not connected to any nets. (LINT-28)
Warning: In design 'prim_subreg_arb_24_0_0', port 'q[14]' is not connected to any nets. (LINT-28)
Warning: In design 'prim_subreg_arb_24_0_0', port 'q[13]' is not connected to any nets. (LINT-28)
Warning: In design 'prim_subreg_arb_24_0_0', port 'q[12]' is not connected to any nets. (LINT-28)
Warning: In design 'prim_subreg_arb_24_0_0', port 'q[11]' is not connected to any nets. (LINT-28)
Warning: In design 'prim_subreg_arb_24_0_0', port 'q[10]' is not connected to any nets. (LINT-28)
Warning: In design 'prim_subreg_arb_24_0_0', port 'q[9]' is not connected to any nets. (LINT-28)
Warning: In design 'prim_subreg_arb_24_0_0', port 'q[8]' is not connected to any nets. (LINT-28)
Warning: In design 'prim_subreg_arb_24_0_0', port 'q[7]' is not connected to any nets. (LINT-28)
Warning: In design 'prim_subreg_arb_24_0_0', port 'q[6]' is not connected to any nets. (LINT-28)
Warning: In design 'prim_subreg_arb_24_0_0', port 'q[5]' is not connected to any nets. (LINT-28)
Warning: In design 'prim_subreg_arb_24_0_0', port 'q[4]' is not connected to any nets. (LINT-28)
Warning: In design 'prim_subreg_arb_24_0_0', port 'q[3]' is not connected to any nets. (LINT-28)
Warning: In design 'prim_subreg_arb_24_0_0', port 'q[2]' is not connected to any nets. (LINT-28)
Warning: In design 'prim_subreg_arb_24_0_0', port 'q[1]' is not connected to any nets. (LINT-28)
Warning: In design 'prim_subreg_arb_24_0_0', port 'q[0]' is not connected to any nets. (LINT-28)
Warning: In design 'prim_intr_hw_Width1_IntrTStatus_0', port 'reg2hw_intr_state_q_i[0]' is not connected to any nets. (LINT-28)
Warning: In design 'prim_intr_hw_Width1_IntrTStatus_1', port 'reg2hw_intr_state_q_i[0]' is not connected to any nets. (LINT-28)
Warning: In design 'prim_subreg_arb_1_1_0_0', port 'we' is not connected to any nets. (LINT-28)
Warning: In design 'prim_subreg_arb_1_1_0_0', port 'wd[0]' is not connected to any nets. (LINT-28)
Warning: In design 'prim_subreg_arb_1_1_0_0', port 'q[0]' is not connected to any nets. (LINT-28)
Warning: In design 'prim_subreg_arb_1_1_0_1', port 'we' is not connected to any nets. (LINT-28)
Warning: In design 'prim_subreg_arb_1_1_0_1', port 'wd[0]' is not connected to any nets. (LINT-28)
Warning: In design 'prim_subreg_arb_1_1_0_1', port 'q[0]' is not connected to any nets. (LINT-28)
Warning: In design 'prim_subreg_arb_1_0_0_0', port 'q[0]' is not connected to any nets. (LINT-28)
Warning: In design 'prim_subreg_arb_1_0_0_1', port 'q[0]' is not connected to any nets. (LINT-28)
Warning: In design 'prim_subreg_arb_1_0_0_2', port 'q[0]' is not connected to any nets. (LINT-28)
Warning: In design 'prim_subreg_arb_1_0_0_3', port 'q[0]' is not connected to any nets. (LINT-28)
Warning: In design 'prim_subreg_arb_1_0_0_4', port 'q[0]' is not connected to any nets. (LINT-28)
Warning: In design 'prim_subreg_arb_1_0_0_5', port 'q[0]' is not connected to any nets. (LINT-28)
Warning: In design 'prim_subreg_arb_1_0_0_6', port 'q[0]' is not connected to any nets. (LINT-28)
Warning: In design 'prim_subreg_arb_1_0_0_7', port 'q[0]' is not connected to any nets. (LINT-28)
Warning: In design 'prim_subreg_arb_1_0_0_8', port 'q[0]' is not connected to any nets. (LINT-28)
Warning: In design 'prim_subreg_arb_1_0_0_9', port 'q[0]' is not connected to any nets. (LINT-28)
Warning: In design 'prim_subreg_arb_1_0_0_10', port 'q[0]' is not connected to any nets. (LINT-28)
Warning: In design 'prim_subreg_arb_1_0_0_11', port 'q[0]' is not connected to any nets. (LINT-28)
Warning: In design 'prim_subreg_arb_1_0_0_12', port 'q[0]' is not connected to any nets. (LINT-28)
Warning: In design 'prim_subreg_arb_1_0_0_13', port 'q[0]' is not connected to any nets. (LINT-28)
Warning: In design 'prim_subreg_arb_1_0_0_14', port 'q[0]' is not connected to any nets. (LINT-28)
Warning: In design 'prim_subreg_arb_1_0_0_15', port 'q[0]' is not connected to any nets. (LINT-28)
Warning: In design 'prim_subreg_arb_1_0_0_16', port 'q[0]' is not connected to any nets. (LINT-28)
Warning: In design 'prim_subreg_arb_1_0_0_17', port 'q[0]' is not connected to any nets. (LINT-28)
Warning: In design 'prim_subreg_arb_1_2_0_0', port 'q[0]' is not connected to any nets. (LINT-28)
Warning: In design 'prim_subreg_arb_3_0_0_0', port 'q[2]' is not connected to any nets. (LINT-28)
Warning: In design 'prim_subreg_arb_3_0_0_0', port 'q[1]' is not connected to any nets. (LINT-28)
Warning: In design 'prim_subreg_arb_3_0_0_0', port 'q[0]' is not connected to any nets. (LINT-28)
Warning: In design 'tlul_rsp_intg_gen_EnableRspIntgGen1_EnableDataIntgGen1', input port 'tl_i[d_valid]' is connected directly to output port 'tl_o[d_valid]'. (LINT-29)
Warning: In design 'tlul_rsp_intg_gen_EnableRspIntgGen1_EnableDataIntgGen1', input port 'tl_i[d_opcode][2]' is connected directly to output port 'tl_o[d_opcode][2]'. (LINT-29)
Warning: In design 'tlul_rsp_intg_gen_EnableRspIntgGen1_EnableDataIntgGen1', input port 'tl_i[d_opcode][1]' is connected directly to output port 'tl_o[d_opcode][1]'. (LINT-29)
Warning: In design 'tlul_rsp_intg_gen_EnableRspIntgGen1_EnableDataIntgGen1', input port 'tl_i[d_opcode][0]' is connected directly to output port 'tl_o[d_opcode][0]'. (LINT-29)
Warning: In design 'tlul_rsp_intg_gen_EnableRspIntgGen1_EnableDataIntgGen1', input port 'tl_i[d_param][2]' is connected directly to output port 'tl_o[d_param][2]'. (LINT-29)
Warning: In design 'tlul_rsp_intg_gen_EnableRspIntgGen1_EnableDataIntgGen1', input port 'tl_i[d_param][1]' is connected directly to output port 'tl_o[d_param][1]'. (LINT-29)
Warning: In design 'tlul_rsp_intg_gen_EnableRspIntgGen1_EnableDataIntgGen1', input port 'tl_i[d_param][0]' is connected directly to output port 'tl_o[d_param][0]'. (LINT-29)
Warning: In design 'tlul_rsp_intg_gen_EnableRspIntgGen1_EnableDataIntgGen1', input port 'tl_i[d_size][1]' is connected directly to output port 'tl_o[d_size][1]'. (LINT-29)
Warning: In design 'tlul_rsp_intg_gen_EnableRspIntgGen1_EnableDataIntgGen1', input port 'tl_i[d_size][0]' is connected directly to output port 'tl_o[d_size][0]'. (LINT-29)
Warning: In design 'tlul_rsp_intg_gen_EnableRspIntgGen1_EnableDataIntgGen1', input port 'tl_i[d_source][7]' is connected directly to output port 'tl_o[d_source][7]'. (LINT-29)
Warning: In design 'tlul_rsp_intg_gen_EnableRspIntgGen1_EnableDataIntgGen1', input port 'tl_i[d_source][6]' is connected directly to output port 'tl_o[d_source][6]'. (LINT-29)
Warning: In design 'tlul_rsp_intg_gen_EnableRspIntgGen1_EnableDataIntgGen1', input port 'tl_i[d_source][5]' is connected directly to output port 'tl_o[d_source][5]'. (LINT-29)
Warning: In design 'tlul_rsp_intg_gen_EnableRspIntgGen1_EnableDataIntgGen1', input port 'tl_i[d_source][4]' is connected directly to output port 'tl_o[d_source][4]'. (LINT-29)
Warning: In design 'tlul_rsp_intg_gen_EnableRspIntgGen1_EnableDataIntgGen1', input port 'tl_i[d_source][3]' is connected directly to output port 'tl_o[d_source][3]'. (LINT-29)
Warning: In design 'tlul_rsp_intg_gen_EnableRspIntgGen1_EnableDataIntgGen1', input port 'tl_i[d_source][2]' is connected directly to output port 'tl_o[d_source][2]'. (LINT-29)
Warning: In design 'tlul_rsp_intg_gen_EnableRspIntgGen1_EnableDataIntgGen1', input port 'tl_i[d_source][1]' is connected directly to output port 'tl_o[d_source][1]'. (LINT-29)
Warning: In design 'tlul_rsp_intg_gen_EnableRspIntgGen1_EnableDataIntgGen1', input port 'tl_i[d_source][0]' is connected directly to output port 'tl_o[d_source][0]'. (LINT-29)
Warning: In design 'tlul_rsp_intg_gen_EnableRspIntgGen1_EnableDataIntgGen1', input port 'tl_i[d_sink][0]' is connected directly to output port 'tl_o[d_sink][0]'. (LINT-29)
Warning: In design 'tlul_rsp_intg_gen_EnableRspIntgGen1_EnableDataIntgGen1', input port 'tl_i[d_data][31]' is connected directly to output port 'tl_o[d_data][31]'. (LINT-29)
Warning: In design 'tlul_rsp_intg_gen_EnableRspIntgGen1_EnableDataIntgGen1', input port 'tl_i[d_data][30]' is connected directly to output port 'tl_o[d_data][30]'. (LINT-29)
Warning: In design 'tlul_rsp_intg_gen_EnableRspIntgGen1_EnableDataIntgGen1', input port 'tl_i[d_data][29]' is connected directly to output port 'tl_o[d_data][29]'. (LINT-29)
Warning: In design 'tlul_rsp_intg_gen_EnableRspIntgGen1_EnableDataIntgGen1', input port 'tl_i[d_data][28]' is connected directly to output port 'tl_o[d_data][28]'. (LINT-29)
Warning: In design 'tlul_rsp_intg_gen_EnableRspIntgGen1_EnableDataIntgGen1', input port 'tl_i[d_data][27]' is connected directly to output port 'tl_o[d_data][27]'. (LINT-29)
Warning: In design 'tlul_rsp_intg_gen_EnableRspIntgGen1_EnableDataIntgGen1', input port 'tl_i[d_data][26]' is connected directly to output port 'tl_o[d_data][26]'. (LINT-29)
Warning: In design 'tlul_rsp_intg_gen_EnableRspIntgGen1_EnableDataIntgGen1', input port 'tl_i[d_data][25]' is connected directly to output port 'tl_o[d_data][25]'. (LINT-29)
Warning: In design 'tlul_rsp_intg_gen_EnableRspIntgGen1_EnableDataIntgGen1', input port 'tl_i[d_data][24]' is connected directly to output port 'tl_o[d_data][24]'. (LINT-29)
Warning: In design 'tlul_rsp_intg_gen_EnableRspIntgGen1_EnableDataIntgGen1', input port 'tl_i[d_data][23]' is connected directly to output port 'tl_o[d_data][23]'. (LINT-29)
Warning: In design 'tlul_rsp_intg_gen_EnableRspIntgGen1_EnableDataIntgGen1', input port 'tl_i[d_data][22]' is connected directly to output port 'tl_o[d_data][22]'. (LINT-29)
Warning: In design 'tlul_rsp_intg_gen_EnableRspIntgGen1_EnableDataIntgGen1', input port 'tl_i[d_data][21]' is connected directly to output port 'tl_o[d_data][21]'. (LINT-29)
Warning: In design 'tlul_rsp_intg_gen_EnableRspIntgGen1_EnableDataIntgGen1', input port 'tl_i[d_data][20]' is connected directly to output port 'tl_o[d_data][20]'. (LINT-29)
Warning: In design 'tlul_rsp_intg_gen_EnableRspIntgGen1_EnableDataIntgGen1', input port 'tl_i[d_data][19]' is connected directly to output port 'tl_o[d_data][19]'. (LINT-29)
Warning: In design 'tlul_rsp_intg_gen_EnableRspIntgGen1_EnableDataIntgGen1', input port 'tl_i[d_data][18]' is connected directly to output port 'tl_o[d_data][18]'. (LINT-29)
Warning: In design 'tlul_rsp_intg_gen_EnableRspIntgGen1_EnableDataIntgGen1', input port 'tl_i[d_data][17]' is connected directly to output port 'tl_o[d_data][17]'. (LINT-29)
Warning: In design 'tlul_rsp_intg_gen_EnableRspIntgGen1_EnableDataIntgGen1', input port 'tl_i[d_data][16]' is connected directly to output port 'tl_o[d_data][16]'. (LINT-29)
Warning: In design 'tlul_rsp_intg_gen_EnableRspIntgGen1_EnableDataIntgGen1', input port 'tl_i[d_data][15]' is connected directly to output port 'tl_o[d_data][15]'. (LINT-29)
Warning: In design 'tlul_rsp_intg_gen_EnableRspIntgGen1_EnableDataIntgGen1', input port 'tl_i[d_data][14]' is connected directly to output port 'tl_o[d_data][14]'. (LINT-29)
Warning: In design 'tlul_rsp_intg_gen_EnableRspIntgGen1_EnableDataIntgGen1', input port 'tl_i[d_data][13]' is connected directly to output port 'tl_o[d_data][13]'. (LINT-29)
Warning: In design 'tlul_rsp_intg_gen_EnableRspIntgGen1_EnableDataIntgGen1', input port 'tl_i[d_data][12]' is connected directly to output port 'tl_o[d_data][12]'. (LINT-29)
Warning: In design 'tlul_rsp_intg_gen_EnableRspIntgGen1_EnableDataIntgGen1', input port 'tl_i[d_data][11]' is connected directly to output port 'tl_o[d_data][11]'. (LINT-29)
Warning: In design 'tlul_rsp_intg_gen_EnableRspIntgGen1_EnableDataIntgGen1', input port 'tl_i[d_data][10]' is connected directly to output port 'tl_o[d_data][10]'. (LINT-29)
Warning: In design 'tlul_rsp_intg_gen_EnableRspIntgGen1_EnableDataIntgGen1', input port 'tl_i[d_data][9]' is connected directly to output port 'tl_o[d_data][9]'. (LINT-29)
Warning: In design 'tlul_rsp_intg_gen_EnableRspIntgGen1_EnableDataIntgGen1', input port 'tl_i[d_data][8]' is connected directly to output port 'tl_o[d_data][8]'. (LINT-29)
Warning: In design 'tlul_rsp_intg_gen_EnableRspIntgGen1_EnableDataIntgGen1', input port 'tl_i[d_data][7]' is connected directly to output port 'tl_o[d_data][7]'. (LINT-29)
Warning: In design 'tlul_rsp_intg_gen_EnableRspIntgGen1_EnableDataIntgGen1', input port 'tl_i[d_data][6]' is connected directly to output port 'tl_o[d_data][6]'. (LINT-29)
Warning: In design 'tlul_rsp_intg_gen_EnableRspIntgGen1_EnableDataIntgGen1', input port 'tl_i[d_data][5]' is connected directly to output port 'tl_o[d_data][5]'. (LINT-29)
Warning: In design 'tlul_rsp_intg_gen_EnableRspIntgGen1_EnableDataIntgGen1', input port 'tl_i[d_data][4]' is connected directly to output port 'tl_o[d_data][4]'. (LINT-29)
Warning: In design 'tlul_rsp_intg_gen_EnableRspIntgGen1_EnableDataIntgGen1', input port 'tl_i[d_data][3]' is connected directly to output port 'tl_o[d_data][3]'. (LINT-29)
Warning: In design 'tlul_rsp_intg_gen_EnableRspIntgGen1_EnableDataIntgGen1', input port 'tl_i[d_data][2]' is connected directly to output port 'tl_o[d_data][2]'. (LINT-29)
Warning: In design 'tlul_rsp_intg_gen_EnableRspIntgGen1_EnableDataIntgGen1', input port 'tl_i[d_data][1]' is connected directly to output port 'tl_o[d_data][1]'. (LINT-29)
Warning: In design 'tlul_rsp_intg_gen_EnableRspIntgGen1_EnableDataIntgGen1', input port 'tl_i[d_data][0]' is connected directly to output port 'tl_o[d_data][0]'. (LINT-29)
Warning: In design 'tlul_rsp_intg_gen_EnableRspIntgGen1_EnableDataIntgGen1', input port 'tl_i[d_error]' is connected directly to output port 'tl_o[d_error]'. (LINT-29)
Warning: In design 'tlul_rsp_intg_gen_EnableRspIntgGen1_EnableDataIntgGen1', input port 'tl_i[a_ready]' is connected directly to output port 'tl_o[a_ready]'. (LINT-29)
Warning: In design 'tlul_adapter_reg_EnableDataIntgGen0_RegAw6_RegDw32', input port 'tl_i[a_address][5]' is connected directly to output port 'addr_o[5]'. (LINT-29)
Warning: In design 'tlul_adapter_reg_EnableDataIntgGen0_RegAw6_RegDw32', input port 'tl_i[a_address][4]' is connected directly to output port 'addr_o[4]'. (LINT-29)
Warning: In design 'tlul_adapter_reg_EnableDataIntgGen0_RegAw6_RegDw32', input port 'tl_i[a_address][3]' is connected directly to output port 'addr_o[3]'. (LINT-29)
Warning: In design 'tlul_adapter_reg_EnableDataIntgGen0_RegAw6_RegDw32', input port 'tl_i[a_address][2]' is connected directly to output port 'addr_o[2]'. (LINT-29)
Warning: In design 'tlul_adapter_reg_EnableDataIntgGen0_RegAw6_RegDw32', input port 'tl_i[a_mask][3]' is connected directly to output port 'be_o[3]'. (LINT-29)
Warning: In design 'tlul_adapter_reg_EnableDataIntgGen0_RegAw6_RegDw32', input port 'tl_i[a_mask][2]' is connected directly to output port 'be_o[2]'. (LINT-29)
Warning: In design 'tlul_adapter_reg_EnableDataIntgGen0_RegAw6_RegDw32', input port 'tl_i[a_mask][1]' is connected directly to output port 'be_o[1]'. (LINT-29)
Warning: In design 'tlul_adapter_reg_EnableDataIntgGen0_RegAw6_RegDw32', input port 'tl_i[a_mask][0]' is connected directly to output port 'be_o[0]'. (LINT-29)
Warning: In design 'tlul_adapter_reg_EnableDataIntgGen0_RegAw6_RegDw32', input port 'tl_i[a_data][31]' is connected directly to output port 'wdata_o[31]'. (LINT-29)
Warning: In design 'tlul_adapter_reg_EnableDataIntgGen0_RegAw6_RegDw32', input port 'tl_i[a_data][30]' is connected directly to output port 'wdata_o[30]'. (LINT-29)
Warning: In design 'tlul_adapter_reg_EnableDataIntgGen0_RegAw6_RegDw32', input port 'tl_i[a_data][29]' is connected directly to output port 'wdata_o[29]'. (LINT-29)
Warning: In design 'tlul_adapter_reg_EnableDataIntgGen0_RegAw6_RegDw32', input port 'tl_i[a_data][28]' is connected directly to output port 'wdata_o[28]'. (LINT-29)
Warning: In design 'tlul_adapter_reg_EnableDataIntgGen0_RegAw6_RegDw32', input port 'tl_i[a_data][27]' is connected directly to output port 'wdata_o[27]'. (LINT-29)
Warning: In design 'tlul_adapter_reg_EnableDataIntgGen0_RegAw6_RegDw32', input port 'tl_i[a_data][26]' is connected directly to output port 'wdata_o[26]'. (LINT-29)
Warning: In design 'tlul_adapter_reg_EnableDataIntgGen0_RegAw6_RegDw32', input port 'tl_i[a_data][25]' is connected directly to output port 'wdata_o[25]'. (LINT-29)
Warning: In design 'tlul_adapter_reg_EnableDataIntgGen0_RegAw6_RegDw32', input port 'tl_i[a_data][24]' is connected directly to output port 'wdata_o[24]'. (LINT-29)
Warning: In design 'tlul_adapter_reg_EnableDataIntgGen0_RegAw6_RegDw32', input port 'tl_i[a_data][23]' is connected directly to output port 'wdata_o[23]'. (LINT-29)
Warning: In design 'tlul_adapter_reg_EnableDataIntgGen0_RegAw6_RegDw32', input port 'tl_i[a_data][22]' is connected directly to output port 'wdata_o[22]'. (LINT-29)
Warning: In design 'tlul_adapter_reg_EnableDataIntgGen0_RegAw6_RegDw32', input port 'tl_i[a_data][21]' is connected directly to output port 'wdata_o[21]'. (LINT-29)
Warning: In design 'tlul_adapter_reg_EnableDataIntgGen0_RegAw6_RegDw32', input port 'tl_i[a_data][20]' is connected directly to output port 'wdata_o[20]'. (LINT-29)
Warning: In design 'tlul_adapter_reg_EnableDataIntgGen0_RegAw6_RegDw32', input port 'tl_i[a_data][19]' is connected directly to output port 'wdata_o[19]'. (LINT-29)
Warning: In design 'tlul_adapter_reg_EnableDataIntgGen0_RegAw6_RegDw32', input port 'tl_i[a_data][18]' is connected directly to output port 'wdata_o[18]'. (LINT-29)
Warning: In design 'tlul_adapter_reg_EnableDataIntgGen0_RegAw6_RegDw32', input port 'tl_i[a_data][17]' is connected directly to output port 'wdata_o[17]'. (LINT-29)
Warning: In design 'tlul_adapter_reg_EnableDataIntgGen0_RegAw6_RegDw32', input port 'tl_i[a_data][16]' is connected directly to output port 'wdata_o[16]'. (LINT-29)
Warning: In design 'tlul_adapter_reg_EnableDataIntgGen0_RegAw6_RegDw32', input port 'tl_i[a_data][15]' is connected directly to output port 'wdata_o[15]'. (LINT-29)
Warning: In design 'tlul_adapter_reg_EnableDataIntgGen0_RegAw6_RegDw32', input port 'tl_i[a_data][14]' is connected directly to output port 'wdata_o[14]'. (LINT-29)
Warning: In design 'tlul_adapter_reg_EnableDataIntgGen0_RegAw6_RegDw32', input port 'tl_i[a_data][13]' is connected directly to output port 'wdata_o[13]'. (LINT-29)
Warning: In design 'tlul_adapter_reg_EnableDataIntgGen0_RegAw6_RegDw32', input port 'tl_i[a_data][12]' is connected directly to output port 'wdata_o[12]'. (LINT-29)
Warning: In design 'tlul_adapter_reg_EnableDataIntgGen0_RegAw6_RegDw32', input port 'tl_i[a_data][11]' is connected directly to output port 'wdata_o[11]'. (LINT-29)
Warning: In design 'tlul_adapter_reg_EnableDataIntgGen0_RegAw6_RegDw32', input port 'tl_i[a_data][10]' is connected directly to output port 'wdata_o[10]'. (LINT-29)
Warning: In design 'tlul_adapter_reg_EnableDataIntgGen0_RegAw6_RegDw32', input port 'tl_i[a_data][9]' is connected directly to output port 'wdata_o[9]'. (LINT-29)
Warning: In design 'tlul_adapter_reg_EnableDataIntgGen0_RegAw6_RegDw32', input port 'tl_i[a_data][8]' is connected directly to output port 'wdata_o[8]'. (LINT-29)
Warning: In design 'tlul_adapter_reg_EnableDataIntgGen0_RegAw6_RegDw32', input port 'tl_i[a_data][7]' is connected directly to output port 'wdata_o[7]'. (LINT-29)
Warning: In design 'tlul_adapter_reg_EnableDataIntgGen0_RegAw6_RegDw32', input port 'tl_i[a_data][6]' is connected directly to output port 'wdata_o[6]'. (LINT-29)
Warning: In design 'tlul_adapter_reg_EnableDataIntgGen0_RegAw6_RegDw32', input port 'tl_i[a_data][5]' is connected directly to output port 'wdata_o[5]'. (LINT-29)
Warning: In design 'tlul_adapter_reg_EnableDataIntgGen0_RegAw6_RegDw32', input port 'tl_i[a_data][4]' is connected directly to output port 'wdata_o[4]'. (LINT-29)
Warning: In design 'tlul_adapter_reg_EnableDataIntgGen0_RegAw6_RegDw32', input port 'tl_i[a_data][3]' is connected directly to output port 'wdata_o[3]'. (LINT-29)
Warning: In design 'tlul_adapter_reg_EnableDataIntgGen0_RegAw6_RegDw32', input port 'tl_i[a_data][2]' is connected directly to output port 'wdata_o[2]'. (LINT-29)
Warning: In design 'tlul_adapter_reg_EnableDataIntgGen0_RegAw6_RegDw32', input port 'tl_i[a_data][1]' is connected directly to output port 'wdata_o[1]'. (LINT-29)
Warning: In design 'tlul_adapter_reg_EnableDataIntgGen0_RegAw6_RegDw32', input port 'tl_i[a_data][0]' is connected directly to output port 'wdata_o[0]'. (LINT-29)
Warning: In design 'prim_subreg_1_1_1_0_1', input port 'we' is connected directly to output port 'qe'. (LINT-29)
Warning: In design 'prim_subreg_1_1_0_0', input port 'we' is connected directly to output port 'qe'. (LINT-29)
Warning: In design 'prim_subreg_1_3_0_0_5', input port 'we' is connected directly to output port 'qe'. (LINT-29)
Warning: In design 'prim_subreg_1_0_0_0_18', input port 'we' is connected directly to output port 'qe'. (LINT-29)
Warning: In design 'prim_subreg_ext_DW1_15', input port 're' is connected directly to output port 'qre'. (LINT-29)
Warning: In design 'prim_subreg_ext_DW1_15', input port 'we' is connected directly to output port 'qe'. (LINT-29)
Warning: In design 'prim_subreg_ext_DW1_15', input port 'wd[0]' is connected directly to output port 'q[0]'. (LINT-29)
Warning: In design 'prim_subreg_ext_DW1_15', input port 'd[0]' is connected directly to output port 'qs[0]'. (LINT-29)
Warning: In design 'prim_subreg_ext_DW1_15', input port 'd[0]' is connected directly to output port 'ds[0]'. (LINT-29)
Warning: In design 'prim_subreg_2_0_0_0', input port 'we' is connected directly to output port 'qe'. (LINT-29)
Warning: In design 'prim_subreg_16_0_0000_0', input port 'we' is connected directly to output port 'qe'. (LINT-29)
Warning: In design 'prim_subreg_ext_DW8_2', input port 're' is connected directly to output port 'qre'. (LINT-29)
Warning: In design 'prim_subreg_ext_DW8_2', input port 'we' is connected directly to output port 'qe'. (LINT-29)
Warning: In design 'prim_subreg_ext_DW8_2', input port 'wd[7]' is connected directly to output port 'q[7]'. (LINT-29)
Warning: In design 'prim_subreg_ext_DW8_2', input port 'wd[6]' is connected directly to output port 'q[6]'. (LINT-29)
Warning: In design 'prim_subreg_ext_DW8_2', input port 'wd[5]' is connected directly to output port 'q[5]'. (LINT-29)
Warning: In design 'prim_subreg_ext_DW8_2', input port 'wd[4]' is connected directly to output port 'q[4]'. (LINT-29)
Warning: In design 'prim_subreg_ext_DW8_2', input port 'wd[3]' is connected directly to output port 'q[3]'. (LINT-29)
Warning: In design 'prim_subreg_ext_DW8_2', input port 'wd[2]' is connected directly to output port 'q[2]'. (LINT-29)
Warning: In design 'prim_subreg_ext_DW8_2', input port 'wd[1]' is connected directly to output port 'q[1]'. (LINT-29)
Warning: In design 'prim_subreg_ext_DW8_2', input port 'wd[0]' is connected directly to output port 'q[0]'. (LINT-29)
Warning: In design 'prim_subreg_ext_DW8_2', input port 'd[7]' is connected directly to output port 'qs[7]'. (LINT-29)
Warning: In design 'prim_subreg_ext_DW8_2', input port 'd[7]' is connected directly to output port 'ds[7]'. (LINT-29)
Warning: In design 'prim_subreg_ext_DW8_2', input port 'd[6]' is connected directly to output port 'qs[6]'. (LINT-29)
Warning: In design 'prim_subreg_ext_DW8_2', input port 'd[6]' is connected directly to output port 'ds[6]'. (LINT-29)
Warning: In design 'prim_subreg_ext_DW8_2', input port 'd[5]' is connected directly to output port 'qs[5]'. (LINT-29)
Warning: In design 'prim_subreg_ext_DW8_2', input port 'd[5]' is connected directly to output port 'ds[5]'. (LINT-29)
Warning: In design 'prim_subreg_ext_DW8_2', input port 'd[4]' is connected directly to output port 'qs[4]'. (LINT-29)
Warning: In design 'prim_subreg_ext_DW8_2', input port 'd[4]' is connected directly to output port 'ds[4]'. (LINT-29)
Warning: In design 'prim_subreg_ext_DW8_2', input port 'd[3]' is connected directly to output port 'qs[3]'. (LINT-29)
Warning: In design 'prim_subreg_ext_DW8_2', input port 'd[3]' is connected directly to output port 'ds[3]'. (LINT-29)
Warning: In design 'prim_subreg_ext_DW8_2', input port 'd[2]' is connected directly to output port 'qs[2]'. (LINT-29)
Warning: In design 'prim_subreg_ext_DW8_2', input port 'd[2]' is connected directly to output port 'ds[2]'. (LINT-29)
Warning: In design 'prim_subreg_ext_DW8_2', input port 'd[1]' is connected directly to output port 'qs[1]'. (LINT-29)
Warning: In design 'prim_subreg_ext_DW8_2', input port 'd[1]' is connected directly to output port 'ds[1]'. (LINT-29)
Warning: In design 'prim_subreg_ext_DW8_2', input port 'd[0]' is connected directly to output port 'qs[0]'. (LINT-29)
Warning: In design 'prim_subreg_ext_DW8_2', input port 'd[0]' is connected directly to output port 'ds[0]'. (LINT-29)
Warning: In design 'prim_subreg_8_2_00_0', input port 'we' is connected directly to output port 'qe'. (LINT-29)
Warning: In design 'prim_subreg_1_2_0_0_1', input port 'we' is connected directly to output port 'qe'. (LINT-29)
Warning: In design 'prim_subreg_3_0_0_0_1', input port 'we' is connected directly to output port 'qe'. (LINT-29)
Warning: In design 'prim_subreg_ext_DW16', input port 're' is connected directly to output port 'qre'. (LINT-29)
Warning: In design 'prim_subreg_ext_DW16', input port 'we' is connected directly to output port 'qe'. (LINT-29)
Warning: In design 'prim_subreg_ext_DW16', input port 'wd[15]' is connected directly to output port 'q[15]'. (LINT-29)
Warning: In design 'prim_subreg_ext_DW16', input port 'wd[14]' is connected directly to output port 'q[14]'. (LINT-29)
Warning: In design 'prim_subreg_ext_DW16', input port 'wd[13]' is connected directly to output port 'q[13]'. (LINT-29)
Warning: In design 'prim_subreg_ext_DW16', input port 'wd[12]' is connected directly to output port 'q[12]'. (LINT-29)
Warning: In design 'prim_subreg_ext_DW16', input port 'wd[11]' is connected directly to output port 'q[11]'. (LINT-29)
Warning: In design 'prim_subreg_ext_DW16', input port 'wd[10]' is connected directly to output port 'q[10]'. (LINT-29)
Warning: In design 'prim_subreg_ext_DW16', input port 'wd[9]' is connected directly to output port 'q[9]'. (LINT-29)
Warning: In design 'prim_subreg_ext_DW16', input port 'wd[8]' is connected directly to output port 'q[8]'. (LINT-29)
Warning: In design 'prim_subreg_ext_DW16', input port 'wd[7]' is connected directly to output port 'q[7]'. (LINT-29)
Warning: In design 'prim_subreg_ext_DW16', input port 'wd[6]' is connected directly to output port 'q[6]'. (LINT-29)
Warning: In design 'prim_subreg_ext_DW16', input port 'wd[5]' is connected directly to output port 'q[5]'. (LINT-29)
Warning: In design 'prim_subreg_ext_DW16', input port 'wd[4]' is connected directly to output port 'q[4]'. (LINT-29)
Warning: In design 'prim_subreg_ext_DW16', input port 'wd[3]' is connected directly to output port 'q[3]'. (LINT-29)
Warning: In design 'prim_subreg_ext_DW16', input port 'wd[2]' is connected directly to output port 'q[2]'. (LINT-29)
Warning: In design 'prim_subreg_ext_DW16', input port 'wd[1]' is connected directly to output port 'q[1]'. (LINT-29)
Warning: In design 'prim_subreg_ext_DW16', input port 'wd[0]' is connected directly to output port 'q[0]'. (LINT-29)
Warning: In design 'prim_subreg_ext_DW16', input port 'd[15]' is connected directly to output port 'qs[15]'. (LINT-29)
Warning: In design 'prim_subreg_ext_DW16', input port 'd[15]' is connected directly to output port 'ds[15]'. (LINT-29)
Warning: In design 'prim_subreg_ext_DW16', input port 'd[14]' is connected directly to output port 'qs[14]'. (LINT-29)
Warning: In design 'prim_subreg_ext_DW16', input port 'd[14]' is connected directly to output port 'ds[14]'. (LINT-29)
Warning: In design 'prim_subreg_ext_DW16', input port 'd[13]' is connected directly to output port 'qs[13]'. (LINT-29)
Warning: In design 'prim_subreg_ext_DW16', input port 'd[13]' is connected directly to output port 'ds[13]'. (LINT-29)
Warning: In design 'prim_subreg_ext_DW16', input port 'd[12]' is connected directly to output port 'qs[12]'. (LINT-29)
Warning: In design 'prim_subreg_ext_DW16', input port 'd[12]' is connected directly to output port 'ds[12]'. (LINT-29)
Warning: In design 'prim_subreg_ext_DW16', input port 'd[11]' is connected directly to output port 'qs[11]'. (LINT-29)
Warning: In design 'prim_subreg_ext_DW16', input port 'd[11]' is connected directly to output port 'ds[11]'. (LINT-29)
Warning: In design 'prim_subreg_ext_DW16', input port 'd[10]' is connected directly to output port 'qs[10]'. (LINT-29)
Warning: In design 'prim_subreg_ext_DW16', input port 'd[10]' is connected directly to output port 'ds[10]'. (LINT-29)
Warning: In design 'prim_subreg_ext_DW16', input port 'd[9]' is connected directly to output port 'qs[9]'. (LINT-29)
Warning: In design 'prim_subreg_ext_DW16', input port 'd[9]' is connected directly to output port 'ds[9]'. (LINT-29)
Warning: In design 'prim_subreg_ext_DW16', input port 'd[8]' is connected directly to output port 'qs[8]'. (LINT-29)
Warning: In design 'prim_subreg_ext_DW16', input port 'd[8]' is connected directly to output port 'ds[8]'. (LINT-29)
Warning: In design 'prim_subreg_ext_DW16', input port 'd[7]' is connected directly to output port 'qs[7]'. (LINT-29)
Warning: In design 'prim_subreg_ext_DW16', input port 'd[7]' is connected directly to output port 'ds[7]'. (LINT-29)
Warning: In design 'prim_subreg_ext_DW16', input port 'd[6]' is connected directly to output port 'qs[6]'. (LINT-29)
Warning: In design 'prim_subreg_ext_DW16', input port 'd[6]' is connected directly to output port 'ds[6]'. (LINT-29)
Warning: In design 'prim_subreg_ext_DW16', input port 'd[5]' is connected directly to output port 'qs[5]'. (LINT-29)
Warning: In design 'prim_subreg_ext_DW16', input port 'd[5]' is connected directly to output port 'ds[5]'. (LINT-29)
Warning: In design 'prim_subreg_ext_DW16', input port 'd[4]' is connected directly to output port 'qs[4]'. (LINT-29)
Warning: In design 'prim_subreg_ext_DW16', input port 'd[4]' is connected directly to output port 'ds[4]'. (LINT-29)
Warning: In design 'prim_subreg_ext_DW16', input port 'd[3]' is connected directly to output port 'qs[3]'. (LINT-29)
Warning: In design 'prim_subreg_ext_DW16', input port 'd[3]' is connected directly to output port 'ds[3]'. (LINT-29)
Warning: In design 'prim_subreg_ext_DW16', input port 'd[2]' is connected directly to output port 'qs[2]'. (LINT-29)
Warning: In design 'prim_subreg_ext_DW16', input port 'd[2]' is connected directly to output port 'ds[2]'. (LINT-29)
Warning: In design 'prim_subreg_ext_DW16', input port 'd[1]' is connected directly to output port 'qs[1]'. (LINT-29)
Warning: In design 'prim_subreg_ext_DW16', input port 'd[1]' is connected directly to output port 'ds[1]'. (LINT-29)
Warning: In design 'prim_subreg_ext_DW16', input port 'd[0]' is connected directly to output port 'qs[0]'. (LINT-29)
Warning: In design 'prim_subreg_ext_DW16', input port 'd[0]' is connected directly to output port 'ds[0]'. (LINT-29)
Warning: In design 'prim_subreg_24_0_000000_0', input port 'we' is connected directly to output port 'qe'. (LINT-29)
Warning: In design 'prim_secded_inv_64_57_enc', input port 'data_i[56]' is connected directly to output port 'data_o[56]'. (LINT-29)
Warning: In design 'prim_secded_inv_64_57_enc', input port 'data_i[55]' is connected directly to output port 'data_o[55]'. (LINT-29)
Warning: In design 'prim_secded_inv_64_57_enc', input port 'data_i[54]' is connected directly to output port 'data_o[54]'. (LINT-29)
Warning: In design 'prim_secded_inv_64_57_enc', input port 'data_i[53]' is connected directly to output port 'data_o[53]'. (LINT-29)
Warning: In design 'prim_secded_inv_64_57_enc', input port 'data_i[52]' is connected directly to output port 'data_o[52]'. (LINT-29)
Warning: In design 'prim_secded_inv_64_57_enc', input port 'data_i[51]' is connected directly to output port 'data_o[51]'. (LINT-29)
Warning: In design 'prim_secded_inv_64_57_enc', input port 'data_i[50]' is connected directly to output port 'data_o[50]'. (LINT-29)
Warning: In design 'prim_secded_inv_64_57_enc', input port 'data_i[49]' is connected directly to output port 'data_o[49]'. (LINT-29)
Warning: In design 'prim_secded_inv_64_57_enc', input port 'data_i[48]' is connected directly to output port 'data_o[48]'. (LINT-29)
Warning: In design 'prim_secded_inv_64_57_enc', input port 'data_i[47]' is connected directly to output port 'data_o[47]'. (LINT-29)
Warning: In design 'prim_secded_inv_64_57_enc', input port 'data_i[46]' is connected directly to output port 'data_o[46]'. (LINT-29)
Warning: In design 'prim_secded_inv_64_57_enc', input port 'data_i[45]' is connected directly to output port 'data_o[45]'. (LINT-29)
Warning: In design 'prim_secded_inv_64_57_enc', input port 'data_i[44]' is connected directly to output port 'data_o[44]'. (LINT-29)
Warning: In design 'prim_secded_inv_64_57_enc', input port 'data_i[43]' is connected directly to output port 'data_o[43]'. (LINT-29)
Warning: In design 'prim_secded_inv_64_57_enc', input port 'data_i[42]' is connected directly to output port 'data_o[42]'. (LINT-29)
Warning: In design 'prim_secded_inv_64_57_enc', input port 'data_i[41]' is connected directly to output port 'data_o[41]'. (LINT-29)
Warning: In design 'prim_secded_inv_64_57_enc', input port 'data_i[40]' is connected directly to output port 'data_o[40]'. (LINT-29)
Warning: In design 'prim_secded_inv_64_57_enc', input port 'data_i[39]' is connected directly to output port 'data_o[39]'. (LINT-29)
Warning: In design 'prim_secded_inv_64_57_enc', input port 'data_i[38]' is connected directly to output port 'data_o[38]'. (LINT-29)
Warning: In design 'prim_secded_inv_64_57_enc', input port 'data_i[37]' is connected directly to output port 'data_o[37]'. (LINT-29)
Warning: In design 'prim_secded_inv_64_57_enc', input port 'data_i[36]' is connected directly to output port 'data_o[36]'. (LINT-29)
Warning: In design 'prim_secded_inv_64_57_enc', input port 'data_i[35]' is connected directly to output port 'data_o[35]'. (LINT-29)
Warning: In design 'prim_secded_inv_64_57_enc', input port 'data_i[34]' is connected directly to output port 'data_o[34]'. (LINT-29)
Warning: In design 'prim_secded_inv_64_57_enc', input port 'data_i[33]' is connected directly to output port 'data_o[33]'. (LINT-29)
Warning: In design 'prim_secded_inv_64_57_enc', input port 'data_i[32]' is connected directly to output port 'data_o[32]'. (LINT-29)
Warning: In design 'prim_secded_inv_64_57_enc', input port 'data_i[31]' is connected directly to output port 'data_o[31]'. (LINT-29)
Warning: In design 'prim_secded_inv_64_57_enc', input port 'data_i[30]' is connected directly to output port 'data_o[30]'. (LINT-29)
Warning: In design 'prim_secded_inv_64_57_enc', input port 'data_i[29]' is connected directly to output port 'data_o[29]'. (LINT-29)
Warning: In design 'prim_secded_inv_64_57_enc', input port 'data_i[28]' is connected directly to output port 'data_o[28]'. (LINT-29)
Warning: In design 'prim_secded_inv_64_57_enc', input port 'data_i[27]' is connected directly to output port 'data_o[27]'. (LINT-29)
Warning: In design 'prim_secded_inv_64_57_enc', input port 'data_i[26]' is connected directly to output port 'data_o[26]'. (LINT-29)
Warning: In design 'prim_secded_inv_64_57_enc', input port 'data_i[25]' is connected directly to output port 'data_o[25]'. (LINT-29)
Warning: In design 'prim_secded_inv_64_57_enc', input port 'data_i[24]' is connected directly to output port 'data_o[24]'. (LINT-29)
Warning: In design 'prim_secded_inv_64_57_enc', input port 'data_i[23]' is connected directly to output port 'data_o[23]'. (LINT-29)
Warning: In design 'prim_secded_inv_64_57_enc', input port 'data_i[22]' is connected directly to output port 'data_o[22]'. (LINT-29)
Warning: In design 'prim_secded_inv_64_57_enc', input port 'data_i[21]' is connected directly to output port 'data_o[21]'. (LINT-29)
Warning: In design 'prim_secded_inv_64_57_enc', input port 'data_i[20]' is connected directly to output port 'data_o[20]'. (LINT-29)
Warning: In design 'prim_secded_inv_64_57_enc', input port 'data_i[19]' is connected directly to output port 'data_o[19]'. (LINT-29)
Warning: In design 'prim_secded_inv_64_57_enc', input port 'data_i[18]' is connected directly to output port 'data_o[18]'. (LINT-29)
Warning: In design 'prim_secded_inv_64_57_enc', input port 'data_i[17]' is connected directly to output port 'data_o[17]'. (LINT-29)
Warning: In design 'prim_secded_inv_64_57_enc', input port 'data_i[16]' is connected directly to output port 'data_o[16]'. (LINT-29)
Warning: In design 'prim_secded_inv_64_57_enc', input port 'data_i[15]' is connected directly to output port 'data_o[15]'. (LINT-29)
Warning: In design 'prim_secded_inv_64_57_enc', input port 'data_i[14]' is connected directly to output port 'data_o[14]'. (LINT-29)
Warning: In design 'prim_secded_inv_64_57_enc', input port 'data_i[13]' is connected directly to output port 'data_o[13]'. (LINT-29)
Warning: In design 'prim_secded_inv_64_57_enc', input port 'data_i[12]' is connected directly to output port 'data_o[12]'. (LINT-29)
Warning: In design 'prim_secded_inv_64_57_enc', input port 'data_i[11]' is connected directly to output port 'data_o[11]'. (LINT-29)
Warning: In design 'prim_secded_inv_64_57_enc', input port 'data_i[10]' is connected directly to output port 'data_o[10]'. (LINT-29)
Warning: In design 'prim_secded_inv_64_57_enc', input port 'data_i[9]' is connected directly to output port 'data_o[9]'. (LINT-29)
Warning: In design 'prim_secded_inv_64_57_enc', input port 'data_i[8]' is connected directly to output port 'data_o[8]'. (LINT-29)
Warning: In design 'prim_secded_inv_64_57_enc', input port 'data_i[7]' is connected directly to output port 'data_o[7]'. (LINT-29)
Warning: In design 'prim_secded_inv_64_57_enc', input port 'data_i[6]' is connected directly to output port 'data_o[6]'. (LINT-29)
Warning: In design 'prim_secded_inv_64_57_enc', input port 'data_i[5]' is connected directly to output port 'data_o[5]'. (LINT-29)
Warning: In design 'prim_secded_inv_64_57_enc', input port 'data_i[4]' is connected directly to output port 'data_o[4]'. (LINT-29)
Warning: In design 'prim_secded_inv_64_57_enc', input port 'data_i[3]' is connected directly to output port 'data_o[3]'. (LINT-29)
Warning: In design 'prim_secded_inv_64_57_enc', input port 'data_i[2]' is connected directly to output port 'data_o[2]'. (LINT-29)
Warning: In design 'prim_secded_inv_64_57_enc', input port 'data_i[1]' is connected directly to output port 'data_o[1]'. (LINT-29)
Warning: In design 'prim_secded_inv_64_57_enc', input port 'data_i[0]' is connected directly to output port 'data_o[0]'. (LINT-29)
Warning: In design 'tlul_rsp_intg_gen_0_0_1', input port 'tl_i[d_valid]' is connected directly to output port 'tl_o[d_valid]'. (LINT-29)
Warning: In design 'tlul_rsp_intg_gen_0_0_1', input port 'tl_i[d_opcode][2]' is connected directly to output port 'tl_o[d_opcode][2]'. (LINT-29)
Warning: In design 'tlul_rsp_intg_gen_0_0_1', input port 'tl_i[d_opcode][1]' is connected directly to output port 'tl_o[d_opcode][1]'. (LINT-29)
Warning: In design 'tlul_rsp_intg_gen_0_0_1', input port 'tl_i[d_opcode][0]' is connected directly to output port 'tl_o[d_opcode][0]'. (LINT-29)
Warning: In design 'tlul_rsp_intg_gen_0_0_1', input port 'tl_i[d_param][2]' is connected directly to output port 'tl_o[d_param][2]'. (LINT-29)
Warning: In design 'tlul_rsp_intg_gen_0_0_1', input port 'tl_i[d_param][1]' is connected directly to output port 'tl_o[d_param][1]'. (LINT-29)
Warning: In design 'tlul_rsp_intg_gen_0_0_1', input port 'tl_i[d_param][0]' is connected directly to output port 'tl_o[d_param][0]'. (LINT-29)
Warning: In design 'tlul_rsp_intg_gen_0_0_1', input port 'tl_i[d_size][1]' is connected directly to output port 'tl_o[d_size][1]'. (LINT-29)
Warning: In design 'tlul_rsp_intg_gen_0_0_1', input port 'tl_i[d_size][0]' is connected directly to output port 'tl_o[d_size][0]'. (LINT-29)
Warning: In design 'tlul_rsp_intg_gen_0_0_1', input port 'tl_i[d_source][7]' is connected directly to output port 'tl_o[d_source][7]'. (LINT-29)
Warning: In design 'tlul_rsp_intg_gen_0_0_1', input port 'tl_i[d_source][6]' is connected directly to output port 'tl_o[d_source][6]'. (LINT-29)
Warning: In design 'tlul_rsp_intg_gen_0_0_1', input port 'tl_i[d_source][5]' is connected directly to output port 'tl_o[d_source][5]'. (LINT-29)
Warning: In design 'tlul_rsp_intg_gen_0_0_1', input port 'tl_i[d_source][4]' is connected directly to output port 'tl_o[d_source][4]'. (LINT-29)
Warning: In design 'tlul_rsp_intg_gen_0_0_1', input port 'tl_i[d_source][3]' is connected directly to output port 'tl_o[d_source][3]'. (LINT-29)
Warning: In design 'tlul_rsp_intg_gen_0_0_1', input port 'tl_i[d_source][2]' is connected directly to output port 'tl_o[d_source][2]'. (LINT-29)
Warning: In design 'tlul_rsp_intg_gen_0_0_1', input port 'tl_i[d_source][1]' is connected directly to output port 'tl_o[d_source][1]'. (LINT-29)
Warning: In design 'tlul_rsp_intg_gen_0_0_1', input port 'tl_i[d_source][0]' is connected directly to output port 'tl_o[d_source][0]'. (LINT-29)
Warning: In design 'tlul_rsp_intg_gen_0_0_1', input port 'tl_i[d_sink][0]' is connected directly to output port 'tl_o[d_sink][0]'. (LINT-29)
Warning: In design 'tlul_rsp_intg_gen_0_0_1', input port 'tl_i[d_data][31]' is connected directly to output port 'tl_o[d_data][31]'. (LINT-29)
Warning: In design 'tlul_rsp_intg_gen_0_0_1', input port 'tl_i[d_data][30]' is connected directly to output port 'tl_o[d_data][30]'. (LINT-29)
Warning: In design 'tlul_rsp_intg_gen_0_0_1', input port 'tl_i[d_data][29]' is connected directly to output port 'tl_o[d_data][29]'. (LINT-29)
Warning: In design 'tlul_rsp_intg_gen_0_0_1', input port 'tl_i[d_data][28]' is connected directly to output port 'tl_o[d_data][28]'. (LINT-29)
Warning: In design 'tlul_rsp_intg_gen_0_0_1', input port 'tl_i[d_data][27]' is connected directly to output port 'tl_o[d_data][27]'. (LINT-29)
Warning: In design 'tlul_rsp_intg_gen_0_0_1', input port 'tl_i[d_data][26]' is connected directly to output port 'tl_o[d_data][26]'. (LINT-29)
Warning: In design 'tlul_rsp_intg_gen_0_0_1', input port 'tl_i[d_data][25]' is connected directly to output port 'tl_o[d_data][25]'. (LINT-29)
Warning: In design 'tlul_rsp_intg_gen_0_0_1', input port 'tl_i[d_data][24]' is connected directly to output port 'tl_o[d_data][24]'. (LINT-29)
Warning: In design 'tlul_rsp_intg_gen_0_0_1', input port 'tl_i[d_data][23]' is connected directly to output port 'tl_o[d_data][23]'. (LINT-29)
Warning: In design 'tlul_rsp_intg_gen_0_0_1', input port 'tl_i[d_data][22]' is connected directly to output port 'tl_o[d_data][22]'. (LINT-29)
Warning: In design 'tlul_rsp_intg_gen_0_0_1', input port 'tl_i[d_data][21]' is connected directly to output port 'tl_o[d_data][21]'. (LINT-29)
Warning: In design 'tlul_rsp_intg_gen_0_0_1', input port 'tl_i[d_data][20]' is connected directly to output port 'tl_o[d_data][20]'. (LINT-29)
Warning: In design 'tlul_rsp_intg_gen_0_0_1', input port 'tl_i[d_data][19]' is connected directly to output port 'tl_o[d_data][19]'. (LINT-29)
Warning: In design 'tlul_rsp_intg_gen_0_0_1', input port 'tl_i[d_data][18]' is connected directly to output port 'tl_o[d_data][18]'. (LINT-29)
Warning: In design 'tlul_rsp_intg_gen_0_0_1', input port 'tl_i[d_data][17]' is connected directly to output port 'tl_o[d_data][17]'. (LINT-29)
Warning: In design 'tlul_rsp_intg_gen_0_0_1', input port 'tl_i[d_data][16]' is connected directly to output port 'tl_o[d_data][16]'. (LINT-29)
Warning: In design 'tlul_rsp_intg_gen_0_0_1', input port 'tl_i[d_data][15]' is connected directly to output port 'tl_o[d_data][15]'. (LINT-29)
Warning: In design 'tlul_rsp_intg_gen_0_0_1', input port 'tl_i[d_data][14]' is connected directly to output port 'tl_o[d_data][14]'. (LINT-29)
Warning: In design 'tlul_rsp_intg_gen_0_0_1', input port 'tl_i[d_data][13]' is connected directly to output port 'tl_o[d_data][13]'. (LINT-29)
Warning: In design 'tlul_rsp_intg_gen_0_0_1', input port 'tl_i[d_data][12]' is connected directly to output port 'tl_o[d_data][12]'. (LINT-29)
Warning: In design 'tlul_rsp_intg_gen_0_0_1', input port 'tl_i[d_data][11]' is connected directly to output port 'tl_o[d_data][11]'. (LINT-29)
Warning: In design 'tlul_rsp_intg_gen_0_0_1', input port 'tl_i[d_data][10]' is connected directly to output port 'tl_o[d_data][10]'. (LINT-29)
Warning: In design 'tlul_rsp_intg_gen_0_0_1', input port 'tl_i[d_data][9]' is connected directly to output port 'tl_o[d_data][9]'. (LINT-29)
Warning: In design 'tlul_rsp_intg_gen_0_0_1', input port 'tl_i[d_data][8]' is connected directly to output port 'tl_o[d_data][8]'. (LINT-29)
Warning: In design 'tlul_rsp_intg_gen_0_0_1', input port 'tl_i[d_data][7]' is connected directly to output port 'tl_o[d_data][7]'. (LINT-29)
Warning: In design 'tlul_rsp_intg_gen_0_0_1', input port 'tl_i[d_data][6]' is connected directly to output port 'tl_o[d_data][6]'. (LINT-29)
Warning: In design 'tlul_rsp_intg_gen_0_0_1', input port 'tl_i[d_data][5]' is connected directly to output port 'tl_o[d_data][5]'. (LINT-29)
Warning: In design 'tlul_rsp_intg_gen_0_0_1', input port 'tl_i[d_data][4]' is connected directly to output port 'tl_o[d_data][4]'. (LINT-29)
Warning: In design 'tlul_rsp_intg_gen_0_0_1', input port 'tl_i[d_data][3]' is connected directly to output port 'tl_o[d_data][3]'. (LINT-29)
Warning: In design 'tlul_rsp_intg_gen_0_0_1', input port 'tl_i[d_data][2]' is connected directly to output port 'tl_o[d_data][2]'. (LINT-29)
Warning: In design 'tlul_rsp_intg_gen_0_0_1', input port 'tl_i[d_data][1]' is connected directly to output port 'tl_o[d_data][1]'. (LINT-29)
Warning: In design 'tlul_rsp_intg_gen_0_0_1', input port 'tl_i[d_data][0]' is connected directly to output port 'tl_o[d_data][0]'. (LINT-29)
Warning: In design 'tlul_rsp_intg_gen_0_0_1', input port 'tl_i[d_error]' is connected directly to output port 'tl_o[d_error]'. (LINT-29)
Warning: In design 'tlul_rsp_intg_gen_0_0_1', input port 'tl_i[a_ready]' is connected directly to output port 'tl_o[a_ready]'. (LINT-29)
Warning: In design 'prim_subreg_arb_1_1_0_2', input port 'de' is connected directly to output port 'wr_en'. (LINT-29)
Warning: In design 'prim_subreg_arb_1_1_0_2', input port 'd[0]' is connected directly to output port 'wr_data[0]'. (LINT-29)
Warning: In design 'prim_secded_inv_39_32_enc', input port 'data_i[31]' is connected directly to output port 'data_o[31]'. (LINT-29)
Warning: In design 'prim_secded_inv_39_32_enc', input port 'data_i[30]' is connected directly to output port 'data_o[30]'. (LINT-29)
Warning: In design 'prim_secded_inv_39_32_enc', input port 'data_i[29]' is connected directly to output port 'data_o[29]'. (LINT-29)
Warning: In design 'prim_secded_inv_39_32_enc', input port 'data_i[28]' is connected directly to output port 'data_o[28]'. (LINT-29)
Warning: In design 'prim_secded_inv_39_32_enc', input port 'data_i[27]' is connected directly to output port 'data_o[27]'. (LINT-29)
Warning: In design 'prim_secded_inv_39_32_enc', input port 'data_i[26]' is connected directly to output port 'data_o[26]'. (LINT-29)
Warning: In design 'prim_secded_inv_39_32_enc', input port 'data_i[25]' is connected directly to output port 'data_o[25]'. (LINT-29)
Warning: In design 'prim_secded_inv_39_32_enc', input port 'data_i[24]' is connected directly to output port 'data_o[24]'. (LINT-29)
Warning: In design 'prim_secded_inv_39_32_enc', input port 'data_i[23]' is connected directly to output port 'data_o[23]'. (LINT-29)
Warning: In design 'prim_secded_inv_39_32_enc', input port 'data_i[22]' is connected directly to output port 'data_o[22]'. (LINT-29)
Warning: In design 'prim_secded_inv_39_32_enc', input port 'data_i[21]' is connected directly to output port 'data_o[21]'. (LINT-29)
Warning: In design 'prim_secded_inv_39_32_enc', input port 'data_i[20]' is connected directly to output port 'data_o[20]'. (LINT-29)
Warning: In design 'prim_secded_inv_39_32_enc', input port 'data_i[19]' is connected directly to output port 'data_o[19]'. (LINT-29)
Warning: In design 'prim_secded_inv_39_32_enc', input port 'data_i[18]' is connected directly to output port 'data_o[18]'. (LINT-29)
Warning: In design 'prim_secded_inv_39_32_enc', input port 'data_i[17]' is connected directly to output port 'data_o[17]'. (LINT-29)
Warning: In design 'prim_secded_inv_39_32_enc', input port 'data_i[16]' is connected directly to output port 'data_o[16]'. (LINT-29)
Warning: In design 'prim_secded_inv_39_32_enc', input port 'data_i[15]' is connected directly to output port 'data_o[15]'. (LINT-29)
Warning: In design 'prim_secded_inv_39_32_enc', input port 'data_i[14]' is connected directly to output port 'data_o[14]'. (LINT-29)
Warning: In design 'prim_secded_inv_39_32_enc', input port 'data_i[13]' is connected directly to output port 'data_o[13]'. (LINT-29)
Warning: In design 'prim_secded_inv_39_32_enc', input port 'data_i[12]' is connected directly to output port 'data_o[12]'. (LINT-29)
Warning: In design 'prim_secded_inv_39_32_enc', input port 'data_i[11]' is connected directly to output port 'data_o[11]'. (LINT-29)
Warning: In design 'prim_secded_inv_39_32_enc', input port 'data_i[10]' is connected directly to output port 'data_o[10]'. (LINT-29)
Warning: In design 'prim_secded_inv_39_32_enc', input port 'data_i[9]' is connected directly to output port 'data_o[9]'. (LINT-29)
Warning: In design 'prim_secded_inv_39_32_enc', input port 'data_i[8]' is connected directly to output port 'data_o[8]'. (LINT-29)
Warning: In design 'prim_secded_inv_39_32_enc', input port 'data_i[7]' is connected directly to output port 'data_o[7]'. (LINT-29)
Warning: In design 'prim_secded_inv_39_32_enc', input port 'data_i[6]' is connected directly to output port 'data_o[6]'. (LINT-29)
Warning: In design 'prim_secded_inv_39_32_enc', input port 'data_i[5]' is connected directly to output port 'data_o[5]'. (LINT-29)
Warning: In design 'prim_secded_inv_39_32_enc', input port 'data_i[4]' is connected directly to output port 'data_o[4]'. (LINT-29)
Warning: In design 'prim_secded_inv_39_32_enc', input port 'data_i[3]' is connected directly to output port 'data_o[3]'. (LINT-29)
Warning: In design 'prim_secded_inv_39_32_enc', input port 'data_i[2]' is connected directly to output port 'data_o[2]'. (LINT-29)
Warning: In design 'prim_secded_inv_39_32_enc', input port 'data_i[1]' is connected directly to output port 'data_o[1]'. (LINT-29)
Warning: In design 'prim_secded_inv_39_32_enc', input port 'data_i[0]' is connected directly to output port 'data_o[0]'. (LINT-29)
Warning: In design 'prim_subreg_1_1_1_0_0', input port 'we' is connected directly to output port 'qe'. (LINT-29)
Warning: In design 'prim_subreg_1_3_0_0_0', input port 'we' is connected directly to output port 'qe'. (LINT-29)
Warning: In design 'prim_subreg_1_3_0_0_1', input port 'we' is connected directly to output port 'qe'. (LINT-29)
Warning: In design 'prim_subreg_1_3_0_0_2', input port 'we' is connected directly to output port 'qe'. (LINT-29)
Warning: In design 'prim_subreg_1_3_0_0_3', input port 'we' is connected directly to output port 'qe'. (LINT-29)
Warning: In design 'prim_subreg_1_3_0_0_4', input port 'we' is connected directly to output port 'qe'. (LINT-29)
Warning: In design 'prim_subreg_1_0_0_0_0', input port 'we' is connected directly to output port 'qe'. (LINT-29)
Warning: In design 'prim_subreg_1_0_0_0_1', input port 'we' is connected directly to output port 'qe'. (LINT-29)
Warning: In design 'prim_subreg_1_0_0_0_2', input port 'we' is connected directly to output port 'qe'. (LINT-29)
Warning: In design 'prim_subreg_1_0_0_0_3', input port 'we' is connected directly to output port 'qe'. (LINT-29)
Warning: In design 'prim_subreg_1_0_0_0_4', input port 'we' is connected directly to output port 'qe'. (LINT-29)
Warning: In design 'prim_subreg_1_0_0_0_5', input port 'we' is connected directly to output port 'qe'. (LINT-29)
Warning: In design 'prim_subreg_1_0_0_0_6', input port 'we' is connected directly to output port 'qe'. (LINT-29)
Warning: In design 'prim_subreg_1_0_0_0_7', input port 'we' is connected directly to output port 'qe'. (LINT-29)
Warning: In design 'prim_subreg_1_0_0_0_8', input port 'we' is connected directly to output port 'qe'. (LINT-29)
Warning: In design 'prim_subreg_1_0_0_0_9', input port 'we' is connected directly to output port 'qe'. (LINT-29)
Warning: In design 'prim_subreg_1_0_0_0_10', input port 'we' is connected directly to output port 'qe'. (LINT-29)
Warning: In design 'prim_subreg_1_0_0_0_11', input port 'we' is connected directly to output port 'qe'. (LINT-29)
Warning: In design 'prim_subreg_1_0_0_0_12', input port 'we' is connected directly to output port 'qe'. (LINT-29)
Warning: In design 'prim_subreg_1_0_0_0_13', input port 'we' is connected directly to output port 'qe'. (LINT-29)
Warning: In design 'prim_subreg_1_0_0_0_14', input port 'we' is connected directly to output port 'qe'. (LINT-29)
Warning: In design 'prim_subreg_1_0_0_0_15', input port 'we' is connected directly to output port 'qe'. (LINT-29)
Warning: In design 'prim_subreg_1_0_0_0_16', input port 'we' is connected directly to output port 'qe'. (LINT-29)
Warning: In design 'prim_subreg_1_0_0_0_17', input port 'we' is connected directly to output port 'qe'. (LINT-29)
Warning: In design 'prim_subreg_ext_DW1_0', input port 're' is connected directly to output port 'qre'. (LINT-29)
Warning: In design 'prim_subreg_ext_DW1_0', input port 'we' is connected directly to output port 'qe'. (LINT-29)
Warning: In design 'prim_subreg_ext_DW1_0', input port 'wd[0]' is connected directly to output port 'q[0]'. (LINT-29)
Warning: In design 'prim_subreg_ext_DW1_0', input port 'd[0]' is connected directly to output port 'qs[0]'. (LINT-29)
Warning: In design 'prim_subreg_ext_DW1_0', input port 'd[0]' is connected directly to output port 'ds[0]'. (LINT-29)
Warning: In design 'prim_subreg_ext_DW1_1', input port 're' is connected directly to output port 'qre'. (LINT-29)
Warning: In design 'prim_subreg_ext_DW1_1', input port 'we' is connected directly to output port 'qe'. (LINT-29)
Warning: In design 'prim_subreg_ext_DW1_1', input port 'wd[0]' is connected directly to output port 'q[0]'. (LINT-29)
Warning: In design 'prim_subreg_ext_DW1_1', input port 'd[0]' is connected directly to output port 'qs[0]'. (LINT-29)
Warning: In design 'prim_subreg_ext_DW1_1', input port 'd[0]' is connected directly to output port 'ds[0]'. (LINT-29)
Warning: In design 'prim_subreg_ext_DW1_2', input port 're' is connected directly to output port 'qre'. (LINT-29)
Warning: In design 'prim_subreg_ext_DW1_2', input port 'we' is connected directly to output port 'qe'. (LINT-29)
Warning: In design 'prim_subreg_ext_DW1_2', input port 'wd[0]' is connected directly to output port 'q[0]'. (LINT-29)
Warning: In design 'prim_subreg_ext_DW1_2', input port 'd[0]' is connected directly to output port 'qs[0]'. (LINT-29)
Warning: In design 'prim_subreg_ext_DW1_2', input port 'd[0]' is connected directly to output port 'ds[0]'. (LINT-29)
Warning: In design 'prim_subreg_ext_DW1_3', input port 're' is connected directly to output port 'qre'. (LINT-29)
Warning: In design 'prim_subreg_ext_DW1_3', input port 'we' is connected directly to output port 'qe'. (LINT-29)
Warning: In design 'prim_subreg_ext_DW1_3', input port 'wd[0]' is connected directly to output port 'q[0]'. (LINT-29)
Warning: In design 'prim_subreg_ext_DW1_3', input port 'd[0]' is connected directly to output port 'qs[0]'. (LINT-29)
Warning: In design 'prim_subreg_ext_DW1_3', input port 'd[0]' is connected directly to output port 'ds[0]'. (LINT-29)
Warning: In design 'prim_subreg_ext_DW1_4', input port 're' is connected directly to output port 'qre'. (LINT-29)
Warning: In design 'prim_subreg_ext_DW1_4', input port 'we' is connected directly to output port 'qe'. (LINT-29)
Warning: In design 'prim_subreg_ext_DW1_4', input port 'wd[0]' is connected directly to output port 'q[0]'. (LINT-29)
Warning: In design 'prim_subreg_ext_DW1_4', input port 'd[0]' is connected directly to output port 'qs[0]'. (LINT-29)
Warning: In design 'prim_subreg_ext_DW1_4', input port 'd[0]' is connected directly to output port 'ds[0]'. (LINT-29)
Warning: In design 'prim_subreg_ext_DW1_5', input port 're' is connected directly to output port 'qre'. (LINT-29)
Warning: In design 'prim_subreg_ext_DW1_5', input port 'we' is connected directly to output port 'qe'. (LINT-29)
Warning: In design 'prim_subreg_ext_DW1_5', input port 'wd[0]' is connected directly to output port 'q[0]'. (LINT-29)
Warning: In design 'prim_subreg_ext_DW1_5', input port 'd[0]' is connected directly to output port 'qs[0]'. (LINT-29)
Warning: In design 'prim_subreg_ext_DW1_5', input port 'd[0]' is connected directly to output port 'ds[0]'. (LINT-29)
Warning: In design 'prim_subreg_ext_DW1_6', input port 're' is connected directly to output port 'qre'. (LINT-29)
Warning: In design 'prim_subreg_ext_DW1_6', input port 'we' is connected directly to output port 'qe'. (LINT-29)
Warning: In design 'prim_subreg_ext_DW1_6', input port 'wd[0]' is connected directly to output port 'q[0]'. (LINT-29)
Warning: In design 'prim_subreg_ext_DW1_6', input port 'd[0]' is connected directly to output port 'qs[0]'. (LINT-29)
Warning: In design 'prim_subreg_ext_DW1_6', input port 'd[0]' is connected directly to output port 'ds[0]'. (LINT-29)
Warning: In design 'prim_subreg_ext_DW1_7', input port 're' is connected directly to output port 'qre'. (LINT-29)
Warning: In design 'prim_subreg_ext_DW1_7', input port 'we' is connected directly to output port 'qe'. (LINT-29)
Warning: In design 'prim_subreg_ext_DW1_7', input port 'wd[0]' is connected directly to output port 'q[0]'. (LINT-29)
Warning: In design 'prim_subreg_ext_DW1_7', input port 'd[0]' is connected directly to output port 'qs[0]'. (LINT-29)
Warning: In design 'prim_subreg_ext_DW1_7', input port 'd[0]' is connected directly to output port 'ds[0]'. (LINT-29)
Warning: In design 'prim_subreg_ext_DW1_8', input port 're' is connected directly to output port 'qre'. (LINT-29)
Warning: In design 'prim_subreg_ext_DW1_8', input port 'we' is connected directly to output port 'qe'. (LINT-29)
Warning: In design 'prim_subreg_ext_DW1_8', input port 'wd[0]' is connected directly to output port 'q[0]'. (LINT-29)
Warning: In design 'prim_subreg_ext_DW1_8', input port 'd[0]' is connected directly to output port 'qs[0]'. (LINT-29)
Warning: In design 'prim_subreg_ext_DW1_8', input port 'd[0]' is connected directly to output port 'ds[0]'. (LINT-29)
Warning: In design 'prim_subreg_ext_DW1_9', input port 're' is connected directly to output port 'qre'. (LINT-29)
Warning: In design 'prim_subreg_ext_DW1_9', input port 'we' is connected directly to output port 'qe'. (LINT-29)
Warning: In design 'prim_subreg_ext_DW1_9', input port 'wd[0]' is connected directly to output port 'q[0]'. (LINT-29)
Warning: In design 'prim_subreg_ext_DW1_9', input port 'd[0]' is connected directly to output port 'qs[0]'. (LINT-29)
Warning: In design 'prim_subreg_ext_DW1_9', input port 'd[0]' is connected directly to output port 'ds[0]'. (LINT-29)
Warning: In design 'prim_subreg_ext_DW1_10', input port 're' is connected directly to output port 'qre'. (LINT-29)
Warning: In design 'prim_subreg_ext_DW1_10', input port 'we' is connected directly to output port 'qe'. (LINT-29)
Warning: In design 'prim_subreg_ext_DW1_10', input port 'wd[0]' is connected directly to output port 'q[0]'. (LINT-29)
Warning: In design 'prim_subreg_ext_DW1_10', input port 'd[0]' is connected directly to output port 'qs[0]'. (LINT-29)
Warning: In design 'prim_subreg_ext_DW1_10', input port 'd[0]' is connected directly to output port 'ds[0]'. (LINT-29)
Warning: In design 'prim_subreg_ext_DW1_11', input port 're' is connected directly to output port 'qre'. (LINT-29)
Warning: In design 'prim_subreg_ext_DW1_11', input port 'we' is connected directly to output port 'qe'. (LINT-29)
Warning: In design 'prim_subreg_ext_DW1_11', input port 'wd[0]' is connected directly to output port 'q[0]'. (LINT-29)
Warning: In design 'prim_subreg_ext_DW1_11', input port 'd[0]' is connected directly to output port 'qs[0]'. (LINT-29)
Warning: In design 'prim_subreg_ext_DW1_11', input port 'd[0]' is connected directly to output port 'ds[0]'. (LINT-29)
Warning: In design 'prim_subreg_ext_DW1_12', input port 're' is connected directly to output port 'qre'. (LINT-29)
Warning: In design 'prim_subreg_ext_DW1_12', input port 'we' is connected directly to output port 'qe'. (LINT-29)
Warning: In design 'prim_subreg_ext_DW1_12', input port 'wd[0]' is connected directly to output port 'q[0]'. (LINT-29)
Warning: In design 'prim_subreg_ext_DW1_12', input port 'd[0]' is connected directly to output port 'qs[0]'. (LINT-29)
Warning: In design 'prim_subreg_ext_DW1_12', input port 'd[0]' is connected directly to output port 'ds[0]'. (LINT-29)
Warning: In design 'prim_subreg_ext_DW1_13', input port 're' is connected directly to output port 'qre'. (LINT-29)
Warning: In design 'prim_subreg_ext_DW1_13', input port 'we' is connected directly to output port 'qe'. (LINT-29)
Warning: In design 'prim_subreg_ext_DW1_13', input port 'wd[0]' is connected directly to output port 'q[0]'. (LINT-29)
Warning: In design 'prim_subreg_ext_DW1_13', input port 'd[0]' is connected directly to output port 'qs[0]'. (LINT-29)
Warning: In design 'prim_subreg_ext_DW1_13', input port 'd[0]' is connected directly to output port 'ds[0]'. (LINT-29)
Warning: In design 'prim_subreg_ext_DW1_14', input port 're' is connected directly to output port 'qre'. (LINT-29)
Warning: In design 'prim_subreg_ext_DW1_14', input port 'we' is connected directly to output port 'qe'. (LINT-29)
Warning: In design 'prim_subreg_ext_DW1_14', input port 'wd[0]' is connected directly to output port 'q[0]'. (LINT-29)
Warning: In design 'prim_subreg_ext_DW1_14', input port 'd[0]' is connected directly to output port 'qs[0]'. (LINT-29)
Warning: In design 'prim_subreg_ext_DW1_14', input port 'd[0]' is connected directly to output port 'ds[0]'. (LINT-29)
Warning: In design 'prim_subreg_ext_DW8_0', input port 're' is connected directly to output port 'qre'. (LINT-29)
Warning: In design 'prim_subreg_ext_DW8_0', input port 'we' is connected directly to output port 'qe'. (LINT-29)
Warning: In design 'prim_subreg_ext_DW8_0', input port 'wd[7]' is connected directly to output port 'q[7]'. (LINT-29)
Warning: In design 'prim_subreg_ext_DW8_0', input port 'wd[6]' is connected directly to output port 'q[6]'. (LINT-29)
Warning: In design 'prim_subreg_ext_DW8_0', input port 'wd[5]' is connected directly to output port 'q[5]'. (LINT-29)
Warning: In design 'prim_subreg_ext_DW8_0', input port 'wd[4]' is connected directly to output port 'q[4]'. (LINT-29)
Warning: In design 'prim_subreg_ext_DW8_0', input port 'wd[3]' is connected directly to output port 'q[3]'. (LINT-29)
Warning: In design 'prim_subreg_ext_DW8_0', input port 'wd[2]' is connected directly to output port 'q[2]'. (LINT-29)
Warning: In design 'prim_subreg_ext_DW8_0', input port 'wd[1]' is connected directly to output port 'q[1]'. (LINT-29)
Warning: In design 'prim_subreg_ext_DW8_0', input port 'wd[0]' is connected directly to output port 'q[0]'. (LINT-29)
Warning: In design 'prim_subreg_ext_DW8_0', input port 'd[7]' is connected directly to output port 'qs[7]'. (LINT-29)
Warning: In design 'prim_subreg_ext_DW8_0', input port 'd[7]' is connected directly to output port 'ds[7]'. (LINT-29)
Warning: In design 'prim_subreg_ext_DW8_0', input port 'd[6]' is connected directly to output port 'qs[6]'. (LINT-29)
Warning: In design 'prim_subreg_ext_DW8_0', input port 'd[6]' is connected directly to output port 'ds[6]'. (LINT-29)
Warning: In design 'prim_subreg_ext_DW8_0', input port 'd[5]' is connected directly to output port 'qs[5]'. (LINT-29)
Warning: In design 'prim_subreg_ext_DW8_0', input port 'd[5]' is connected directly to output port 'ds[5]'. (LINT-29)
Warning: In design 'prim_subreg_ext_DW8_0', input port 'd[4]' is connected directly to output port 'qs[4]'. (LINT-29)
Warning: In design 'prim_subreg_ext_DW8_0', input port 'd[4]' is connected directly to output port 'ds[4]'. (LINT-29)
Warning: In design 'prim_subreg_ext_DW8_0', input port 'd[3]' is connected directly to output port 'qs[3]'. (LINT-29)
Warning: In design 'prim_subreg_ext_DW8_0', input port 'd[3]' is connected directly to output port 'ds[3]'. (LINT-29)
Warning: In design 'prim_subreg_ext_DW8_0', input port 'd[2]' is connected directly to output port 'qs[2]'. (LINT-29)
Warning: In design 'prim_subreg_ext_DW8_0', input port 'd[2]' is connected directly to output port 'ds[2]'. (LINT-29)
Warning: In design 'prim_subreg_ext_DW8_0', input port 'd[1]' is connected directly to output port 'qs[1]'. (LINT-29)
Warning: In design 'prim_subreg_ext_DW8_0', input port 'd[1]' is connected directly to output port 'ds[1]'. (LINT-29)
Warning: In design 'prim_subreg_ext_DW8_0', input port 'd[0]' is connected directly to output port 'qs[0]'. (LINT-29)
Warning: In design 'prim_subreg_ext_DW8_0', input port 'd[0]' is connected directly to output port 'ds[0]'. (LINT-29)
Warning: In design 'prim_subreg_ext_DW8_1', input port 're' is connected directly to output port 'qre'. (LINT-29)
Warning: In design 'prim_subreg_ext_DW8_1', input port 'we' is connected directly to output port 'qe'. (LINT-29)
Warning: In design 'prim_subreg_ext_DW8_1', input port 'wd[7]' is connected directly to output port 'q[7]'. (LINT-29)
Warning: In design 'prim_subreg_ext_DW8_1', input port 'wd[6]' is connected directly to output port 'q[6]'. (LINT-29)
Warning: In design 'prim_subreg_ext_DW8_1', input port 'wd[5]' is connected directly to output port 'q[5]'. (LINT-29)
Warning: In design 'prim_subreg_ext_DW8_1', input port 'wd[4]' is connected directly to output port 'q[4]'. (LINT-29)
Warning: In design 'prim_subreg_ext_DW8_1', input port 'wd[3]' is connected directly to output port 'q[3]'. (LINT-29)
Warning: In design 'prim_subreg_ext_DW8_1', input port 'wd[2]' is connected directly to output port 'q[2]'. (LINT-29)
Warning: In design 'prim_subreg_ext_DW8_1', input port 'wd[1]' is connected directly to output port 'q[1]'. (LINT-29)
Warning: In design 'prim_subreg_ext_DW8_1', input port 'wd[0]' is connected directly to output port 'q[0]'. (LINT-29)
Warning: In design 'prim_subreg_ext_DW8_1', input port 'd[7]' is connected directly to output port 'qs[7]'. (LINT-29)
Warning: In design 'prim_subreg_ext_DW8_1', input port 'd[7]' is connected directly to output port 'ds[7]'. (LINT-29)
Warning: In design 'prim_subreg_ext_DW8_1', input port 'd[6]' is connected directly to output port 'qs[6]'. (LINT-29)
Warning: In design 'prim_subreg_ext_DW8_1', input port 'd[6]' is connected directly to output port 'ds[6]'. (LINT-29)
Warning: In design 'prim_subreg_ext_DW8_1', input port 'd[5]' is connected directly to output port 'qs[5]'. (LINT-29)
Warning: In design 'prim_subreg_ext_DW8_1', input port 'd[5]' is connected directly to output port 'ds[5]'. (LINT-29)
Warning: In design 'prim_subreg_ext_DW8_1', input port 'd[4]' is connected directly to output port 'qs[4]'. (LINT-29)
Warning: In design 'prim_subreg_ext_DW8_1', input port 'd[4]' is connected directly to output port 'ds[4]'. (LINT-29)
Warning: In design 'prim_subreg_ext_DW8_1', input port 'd[3]' is connected directly to output port 'qs[3]'. (LINT-29)
Warning: In design 'prim_subreg_ext_DW8_1', input port 'd[3]' is connected directly to output port 'ds[3]'. (LINT-29)
Warning: In design 'prim_subreg_ext_DW8_1', input port 'd[2]' is connected directly to output port 'qs[2]'. (LINT-29)
Warning: In design 'prim_subreg_ext_DW8_1', input port 'd[2]' is connected directly to output port 'ds[2]'. (LINT-29)
Warning: In design 'prim_subreg_ext_DW8_1', input port 'd[1]' is connected directly to output port 'qs[1]'. (LINT-29)
Warning: In design 'prim_subreg_ext_DW8_1', input port 'd[1]' is connected directly to output port 'ds[1]'. (LINT-29)
Warning: In design 'prim_subreg_ext_DW8_1', input port 'd[0]' is connected directly to output port 'qs[0]'. (LINT-29)
Warning: In design 'prim_subreg_ext_DW8_1', input port 'd[0]' is connected directly to output port 'ds[0]'. (LINT-29)
Warning: In design 'prim_subreg_1_2_0_0_0', input port 'we' is connected directly to output port 'qe'. (LINT-29)
Warning: In design 'prim_subreg_3_0_0_0_0', input port 'we' is connected directly to output port 'qe'. (LINT-29)
Warning: In design 'prim_subreg_arb_1_1_0_0', input port 'de' is connected directly to output port 'wr_en'. (LINT-29)
Warning: In design 'prim_subreg_arb_1_1_0_0', input port 'd[0]' is connected directly to output port 'wr_data[0]'. (LINT-29)
Warning: In design 'prim_subreg_arb_1_1_0_1', input port 'de' is connected directly to output port 'wr_en'. (LINT-29)
Warning: In design 'prim_subreg_arb_1_1_0_1', input port 'd[0]' is connected directly to output port 'wr_data[0]'. (LINT-29)
Warning: In design 'uart_reg_top_0_0_0000', output port 'reg2hw[intr_test][tx_empty][qe]' is connected directly to output port 'reg2hw[intr_test][rx_parity_err][qe]'. (LINT-31)
Warning: In design 'uart_reg_top_0_0_0000', output port 'reg2hw[intr_test][tx_empty][qe]' is connected directly to output port 'reg2hw[intr_test][rx_timeout][qe]'. (LINT-31)
Warning: In design 'uart_reg_top_0_0_0000', output port 'reg2hw[intr_test][tx_empty][qe]' is connected directly to output port 'reg2hw[intr_test][rx_break_err][qe]'. (LINT-31)
Warning: In design 'uart_reg_top_0_0_0000', output port 'reg2hw[intr_test][tx_empty][qe]' is connected directly to output port 'reg2hw[intr_test][rx_frame_err][qe]'. (LINT-31)
Warning: In design 'uart_reg_top_0_0_0000', output port 'reg2hw[intr_test][tx_empty][qe]' is connected directly to output port 'reg2hw[intr_test][rx_overflow][qe]'. (LINT-31)
Warning: In design 'uart_reg_top_0_0_0000', output port 'reg2hw[intr_test][tx_empty][qe]' is connected directly to output port 'reg2hw[intr_test][tx_done][qe]'. (LINT-31)
Warning: In design 'uart_reg_top_0_0_0000', output port 'reg2hw[intr_test][tx_empty][qe]' is connected directly to output port 'reg2hw[intr_test][rx_watermark][qe]'. (LINT-31)
Warning: In design 'uart_reg_top_0_0_0000', output port 'reg2hw[intr_test][tx_empty][qe]' is connected directly to output port 'reg2hw[intr_test][tx_watermark][qe]'. (LINT-31)
Warning: In design 'uart_reg_top_0_0_0000', output port 'reg2hw[fifo_ctrl][txilvl][qe]' is connected directly to output port 'reg2hw[fifo_ctrl][rxilvl][qe]'. (LINT-31)
Warning: In design 'uart_reg_top_0_0_0000', output port 'reg2hw[fifo_ctrl][txilvl][qe]' is connected directly to output port 'reg2hw[fifo_ctrl][txrst][qe]'. (LINT-31)
Warning: In design 'uart_reg_top_0_0_0000', output port 'reg2hw[fifo_ctrl][txilvl][qe]' is connected directly to output port 'reg2hw[fifo_ctrl][rxrst][qe]'. (LINT-31)
Warning: In design 'uart_reg_top_0_0_0000', output port 'racl_error_o[overflow]' is connected directly to output port 'racl_error_o[read_access]'. (LINT-31)
Warning: In design 'uart_reg_top_0_0_0000', output port 'racl_error_o[overflow]' is connected directly to output port 'racl_error_o[ctn_uid][0]'. (LINT-31)
Warning: In design 'uart_reg_top_0_0_0000', output port 'racl_error_o[overflow]' is connected directly to output port 'racl_error_o[racl_role][0]'. (LINT-31)
Warning: In design 'uart_reg_top_0_0_0000', output port 'racl_error_o[overflow]' is connected directly to output port 'racl_error_o[request_address][6]'. (LINT-31)
Warning: In design 'uart_reg_top_0_0_0000', output port 'racl_error_o[overflow]' is connected directly to output port 'racl_error_o[request_address][7]'. (LINT-31)
Warning: In design 'uart_reg_top_0_0_0000', output port 'racl_error_o[overflow]' is connected directly to output port 'racl_error_o[request_address][8]'. (LINT-31)
Warning: In design 'uart_reg_top_0_0_0000', output port 'racl_error_o[overflow]' is connected directly to output port 'racl_error_o[request_address][9]'. (LINT-31)
Warning: In design 'uart_reg_top_0_0_0000', output port 'racl_error_o[overflow]' is connected directly to output port 'racl_error_o[request_address][10]'. (LINT-31)
Warning: In design 'uart_reg_top_0_0_0000', output port 'racl_error_o[overflow]' is connected directly to output port 'racl_error_o[request_address][11]'. (LINT-31)
Warning: In design 'uart_reg_top_0_0_0000', output port 'racl_error_o[overflow]' is connected directly to output port 'racl_error_o[request_address][12]'. (LINT-31)
Warning: In design 'uart_reg_top_0_0_0000', output port 'racl_error_o[overflow]' is connected directly to output port 'racl_error_o[request_address][13]'. (LINT-31)
Warning: In design 'uart_reg_top_0_0_0000', output port 'racl_error_o[overflow]' is connected directly to output port 'racl_error_o[request_address][14]'. (LINT-31)
Warning: In design 'uart_reg_top_0_0_0000', output port 'racl_error_o[overflow]' is connected directly to output port 'racl_error_o[request_address][15]'. (LINT-31)
Warning: In design 'uart_reg_top_0_0_0000', output port 'racl_error_o[overflow]' is connected directly to output port 'racl_error_o[request_address][16]'. (LINT-31)
Warning: In design 'uart_reg_top_0_0_0000', output port 'racl_error_o[overflow]' is connected directly to output port 'racl_error_o[request_address][17]'. (LINT-31)
Warning: In design 'uart_reg_top_0_0_0000', output port 'racl_error_o[overflow]' is connected directly to output port 'racl_error_o[request_address][18]'. (LINT-31)
Warning: In design 'uart_reg_top_0_0_0000', output port 'racl_error_o[overflow]' is connected directly to output port 'racl_error_o[request_address][19]'. (LINT-31)
Warning: In design 'uart_reg_top_0_0_0000', output port 'racl_error_o[overflow]' is connected directly to output port 'racl_error_o[request_address][20]'. (LINT-31)
Warning: In design 'uart_reg_top_0_0_0000', output port 'racl_error_o[overflow]' is connected directly to output port 'racl_error_o[request_address][21]'. (LINT-31)
Warning: In design 'uart_reg_top_0_0_0000', output port 'racl_error_o[overflow]' is connected directly to output port 'racl_error_o[request_address][22]'. (LINT-31)
Warning: In design 'uart_reg_top_0_0_0000', output port 'racl_error_o[overflow]' is connected directly to output port 'racl_error_o[request_address][23]'. (LINT-31)
Warning: In design 'uart_reg_top_0_0_0000', output port 'racl_error_o[overflow]' is connected directly to output port 'racl_error_o[request_address][24]'. (LINT-31)
Warning: In design 'uart_reg_top_0_0_0000', output port 'racl_error_o[overflow]' is connected directly to output port 'racl_error_o[request_address][25]'. (LINT-31)
Warning: In design 'uart_reg_top_0_0_0000', output port 'racl_error_o[overflow]' is connected directly to output port 'racl_error_o[request_address][26]'. (LINT-31)
Warning: In design 'uart_reg_top_0_0_0000', output port 'racl_error_o[overflow]' is connected directly to output port 'racl_error_o[request_address][27]'. (LINT-31)
Warning: In design 'uart_reg_top_0_0_0000', output port 'racl_error_o[overflow]' is connected directly to output port 'racl_error_o[request_address][28]'. (LINT-31)
Warning: In design 'uart_reg_top_0_0_0000', output port 'racl_error_o[overflow]' is connected directly to output port 'racl_error_o[request_address][29]'. (LINT-31)
Warning: In design 'uart_reg_top_0_0_0000', output port 'racl_error_o[overflow]' is connected directly to output port 'racl_error_o[request_address][30]'. (LINT-31)
Warning: In design 'uart_reg_top_0_0_0000', output port 'racl_error_o[overflow]' is connected directly to output port 'racl_error_o[request_address][31]'. (LINT-31)
Warning: In design 'uart_core', output port 'hw2reg[fifo_ctrl][txilvl][d][2]' is connected directly to output port 'hw2reg[fifo_ctrl][txilvl][d][0]'. (LINT-31)
Warning: In design 'uart_core', output port 'hw2reg[fifo_ctrl][txilvl][d][2]' is connected directly to output port 'hw2reg[fifo_ctrl][txilvl][d][1]'. (LINT-31)
Warning: In design 'uart_core', output port 'hw2reg[fifo_ctrl][txilvl][d][2]' is connected directly to output port 'hw2reg[fifo_ctrl][txilvl][de]'. (LINT-31)
Warning: In design 'uart_core', output port 'hw2reg[fifo_ctrl][txilvl][d][2]' is connected directly to output port 'hw2reg[fifo_ctrl][rxilvl][d][0]'. (LINT-31)
Warning: In design 'uart_core', output port 'hw2reg[fifo_ctrl][txilvl][d][2]' is connected directly to output port 'hw2reg[fifo_ctrl][rxilvl][d][1]'. (LINT-31)
Warning: In design 'uart_core', output port 'hw2reg[fifo_ctrl][txilvl][d][2]' is connected directly to output port 'hw2reg[fifo_ctrl][rxilvl][d][2]'. (LINT-31)
Warning: In design 'uart_core', output port 'hw2reg[fifo_ctrl][txilvl][d][2]' is connected directly to output port 'hw2reg[fifo_ctrl][rxilvl][de]'. (LINT-31)
Warning: In design 'uart_core', output port 'hw2reg[fifo_ctrl][txilvl][d][2]' is connected directly to output port 'hw2reg[fifo_status][rxlvl][d][7]'. (LINT-31)
Warning: In design 'uart_core', output port 'hw2reg[fifo_ctrl][txilvl][d][2]' is connected directly to output port 'hw2reg[fifo_status][txlvl][d][6]'. (LINT-31)
Warning: In design 'uart_core', output port 'hw2reg[fifo_ctrl][txilvl][d][2]' is connected directly to output port 'hw2reg[fifo_status][txlvl][d][7]'. (LINT-31)
Warning: In design 'tlul_adapter_reg_EnableDataIntgGen0_RegAw6_RegDw32', output port 'intg_error_o' is connected directly to output port 'addr_o[0]'. (LINT-31)
Warning: In design 'tlul_adapter_reg_EnableDataIntgGen0_RegAw6_RegDw32', output port 'intg_error_o' is connected directly to output port 'addr_o[1]'. (LINT-31)
Warning: In design 'prim_subreg_1_1_1_0_1', output port 'q[0]' is connected directly to output port 'qs[0]'. (LINT-31)
Warning: In design 'prim_subreg_1_1_0_0', output port 'q[0]' is connected directly to output port 'qs[0]'. (LINT-31)
Warning: In design 'prim_subreg_1_3_0_0_5', output port 'q[0]' is connected directly to output port 'qs[0]'. (LINT-31)
Warning: In design 'prim_subreg_1_0_0_0_18', output port 'q[0]' is connected directly to output port 'qs[0]'. (LINT-31)
Warning: In design 'prim_subreg_ext_DW1_15', output port 'ds[0]' is connected directly to output port 'qs[0]'. (LINT-31)
Warning: In design 'prim_subreg_2_0_0_0', output port 'q[1]' is connected directly to output port 'qs[1]'. (LINT-31)
Warning: In design 'prim_subreg_2_0_0_0', output port 'q[0]' is connected directly to output port 'qs[0]'. (LINT-31)
Warning: In design 'prim_subreg_16_0_0000_0', output port 'q[15]' is connected directly to output port 'qs[15]'. (LINT-31)
Warning: In design 'prim_subreg_16_0_0000_0', output port 'q[14]' is connected directly to output port 'qs[14]'. (LINT-31)
Warning: In design 'prim_subreg_16_0_0000_0', output port 'q[13]' is connected directly to output port 'qs[13]'. (LINT-31)
Warning: In design 'prim_subreg_16_0_0000_0', output port 'q[12]' is connected directly to output port 'qs[12]'. (LINT-31)
Warning: In design 'prim_subreg_16_0_0000_0', output port 'q[11]' is connected directly to output port 'qs[11]'. (LINT-31)
Warning: In design 'prim_subreg_16_0_0000_0', output port 'q[10]' is connected directly to output port 'qs[10]'. (LINT-31)
Warning: In design 'prim_subreg_16_0_0000_0', output port 'q[9]' is connected directly to output port 'qs[9]'. (LINT-31)
Warning: In design 'prim_subreg_16_0_0000_0', output port 'q[8]' is connected directly to output port 'qs[8]'. (LINT-31)
Warning: In design 'prim_subreg_16_0_0000_0', output port 'q[7]' is connected directly to output port 'qs[7]'. (LINT-31)
Warning: In design 'prim_subreg_16_0_0000_0', output port 'q[6]' is connected directly to output port 'qs[6]'. (LINT-31)
Warning: In design 'prim_subreg_16_0_0000_0', output port 'q[5]' is connected directly to output port 'qs[5]'. (LINT-31)
Warning: In design 'prim_subreg_16_0_0000_0', output port 'q[4]' is connected directly to output port 'qs[4]'. (LINT-31)
Warning: In design 'prim_subreg_16_0_0000_0', output port 'q[3]' is connected directly to output port 'qs[3]'. (LINT-31)
Warning: In design 'prim_subreg_16_0_0000_0', output port 'q[2]' is connected directly to output port 'qs[2]'. (LINT-31)
Warning: In design 'prim_subreg_16_0_0000_0', output port 'q[1]' is connected directly to output port 'qs[1]'. (LINT-31)
Warning: In design 'prim_subreg_16_0_0000_0', output port 'q[0]' is connected directly to output port 'qs[0]'. (LINT-31)
Warning: In design 'prim_subreg_ext_DW8_2', output port 'ds[7]' is connected directly to output port 'qs[7]'. (LINT-31)
Warning: In design 'prim_subreg_ext_DW8_2', output port 'ds[6]' is connected directly to output port 'qs[6]'. (LINT-31)
Warning: In design 'prim_subreg_ext_DW8_2', output port 'ds[5]' is connected directly to output port 'qs[5]'. (LINT-31)
Warning: In design 'prim_subreg_ext_DW8_2', output port 'ds[4]' is connected directly to output port 'qs[4]'. (LINT-31)
Warning: In design 'prim_subreg_ext_DW8_2', output port 'ds[3]' is connected directly to output port 'qs[3]'. (LINT-31)
Warning: In design 'prim_subreg_ext_DW8_2', output port 'ds[2]' is connected directly to output port 'qs[2]'. (LINT-31)
Warning: In design 'prim_subreg_ext_DW8_2', output port 'ds[1]' is connected directly to output port 'qs[1]'. (LINT-31)
Warning: In design 'prim_subreg_ext_DW8_2', output port 'ds[0]' is connected directly to output port 'qs[0]'. (LINT-31)
Warning: In design 'prim_subreg_8_2_00_0', output port 'q[7]' is connected directly to output port 'qs[7]'. (LINT-31)
Warning: In design 'prim_subreg_8_2_00_0', output port 'q[6]' is connected directly to output port 'qs[6]'. (LINT-31)
Warning: In design 'prim_subreg_8_2_00_0', output port 'q[5]' is connected directly to output port 'qs[5]'. (LINT-31)
Warning: In design 'prim_subreg_8_2_00_0', output port 'q[4]' is connected directly to output port 'qs[4]'. (LINT-31)
Warning: In design 'prim_subreg_8_2_00_0', output port 'q[3]' is connected directly to output port 'qs[3]'. (LINT-31)
Warning: In design 'prim_subreg_8_2_00_0', output port 'q[2]' is connected directly to output port 'qs[2]'. (LINT-31)
Warning: In design 'prim_subreg_8_2_00_0', output port 'q[1]' is connected directly to output port 'qs[1]'. (LINT-31)
Warning: In design 'prim_subreg_8_2_00_0', output port 'q[0]' is connected directly to output port 'qs[0]'. (LINT-31)
Warning: In design 'prim_subreg_1_2_0_0_1', output port 'q[0]' is connected directly to output port 'qs[0]'. (LINT-31)
Warning: In design 'prim_subreg_3_0_0_0_1', output port 'q[2]' is connected directly to output port 'qs[2]'. (LINT-31)
Warning: In design 'prim_subreg_3_0_0_0_1', output port 'q[1]' is connected directly to output port 'qs[1]'. (LINT-31)
Warning: In design 'prim_subreg_3_0_0_0_1', output port 'q[0]' is connected directly to output port 'qs[0]'. (LINT-31)
Warning: In design 'prim_subreg_ext_DW16', output port 'ds[15]' is connected directly to output port 'qs[15]'. (LINT-31)
Warning: In design 'prim_subreg_ext_DW16', output port 'ds[14]' is connected directly to output port 'qs[14]'. (LINT-31)
Warning: In design 'prim_subreg_ext_DW16', output port 'ds[13]' is connected directly to output port 'qs[13]'. (LINT-31)
Warning: In design 'prim_subreg_ext_DW16', output port 'ds[12]' is connected directly to output port 'qs[12]'. (LINT-31)
Warning: In design 'prim_subreg_ext_DW16', output port 'ds[11]' is connected directly to output port 'qs[11]'. (LINT-31)
Warning: In design 'prim_subreg_ext_DW16', output port 'ds[10]' is connected directly to output port 'qs[10]'. (LINT-31)
Warning: In design 'prim_subreg_ext_DW16', output port 'ds[9]' is connected directly to output port 'qs[9]'. (LINT-31)
Warning: In design 'prim_subreg_ext_DW16', output port 'ds[8]' is connected directly to output port 'qs[8]'. (LINT-31)
Warning: In design 'prim_subreg_ext_DW16', output port 'ds[7]' is connected directly to output port 'qs[7]'. (LINT-31)
Warning: In design 'prim_subreg_ext_DW16', output port 'ds[6]' is connected directly to output port 'qs[6]'. (LINT-31)
Warning: In design 'prim_subreg_ext_DW16', output port 'ds[5]' is connected directly to output port 'qs[5]'. (LINT-31)
Warning: In design 'prim_subreg_ext_DW16', output port 'ds[4]' is connected directly to output port 'qs[4]'. (LINT-31)
Warning: In design 'prim_subreg_ext_DW16', output port 'ds[3]' is connected directly to output port 'qs[3]'. (LINT-31)
Warning: In design 'prim_subreg_ext_DW16', output port 'ds[2]' is connected directly to output port 'qs[2]'. (LINT-31)
Warning: In design 'prim_subreg_ext_DW16', output port 'ds[1]' is connected directly to output port 'qs[1]'. (LINT-31)
Warning: In design 'prim_subreg_ext_DW16', output port 'ds[0]' is connected directly to output port 'qs[0]'. (LINT-31)
Warning: In design 'prim_subreg_24_0_000000_0', output port 'q[23]' is connected directly to output port 'qs[23]'. (LINT-31)
Warning: In design 'prim_subreg_24_0_000000_0', output port 'q[22]' is connected directly to output port 'qs[22]'. (LINT-31)
Warning: In design 'prim_subreg_24_0_000000_0', output port 'q[21]' is connected directly to output port 'qs[21]'. (LINT-31)
Warning: In design 'prim_subreg_24_0_000000_0', output port 'q[20]' is connected directly to output port 'qs[20]'. (LINT-31)
Warning: In design 'prim_subreg_24_0_000000_0', output port 'q[19]' is connected directly to output port 'qs[19]'. (LINT-31)
Warning: In design 'prim_subreg_24_0_000000_0', output port 'q[18]' is connected directly to output port 'qs[18]'. (LINT-31)
Warning: In design 'prim_subreg_24_0_000000_0', output port 'q[17]' is connected directly to output port 'qs[17]'. (LINT-31)
Warning: In design 'prim_subreg_24_0_000000_0', output port 'q[16]' is connected directly to output port 'qs[16]'. (LINT-31)
Warning: In design 'prim_subreg_24_0_000000_0', output port 'q[15]' is connected directly to output port 'qs[15]'. (LINT-31)
Warning: In design 'prim_subreg_24_0_000000_0', output port 'q[14]' is connected directly to output port 'qs[14]'. (LINT-31)
Warning: In design 'prim_subreg_24_0_000000_0', output port 'q[13]' is connected directly to output port 'qs[13]'. (LINT-31)
Warning: In design 'prim_subreg_24_0_000000_0', output port 'q[12]' is connected directly to output port 'qs[12]'. (LINT-31)
Warning: In design 'prim_subreg_24_0_000000_0', output port 'q[11]' is connected directly to output port 'qs[11]'. (LINT-31)
Warning: In design 'prim_subreg_24_0_000000_0', output port 'q[10]' is connected directly to output port 'qs[10]'. (LINT-31)
Warning: In design 'prim_subreg_24_0_000000_0', output port 'q[9]' is connected directly to output port 'qs[9]'. (LINT-31)
Warning: In design 'prim_subreg_24_0_000000_0', output port 'q[8]' is connected directly to output port 'qs[8]'. (LINT-31)
Warning: In design 'prim_subreg_24_0_000000_0', output port 'q[7]' is connected directly to output port 'qs[7]'. (LINT-31)
Warning: In design 'prim_subreg_24_0_000000_0', output port 'q[6]' is connected directly to output port 'qs[6]'. (LINT-31)
Warning: In design 'prim_subreg_24_0_000000_0', output port 'q[5]' is connected directly to output port 'qs[5]'. (LINT-31)
Warning: In design 'prim_subreg_24_0_000000_0', output port 'q[4]' is connected directly to output port 'qs[4]'. (LINT-31)
Warning: In design 'prim_subreg_24_0_000000_0', output port 'q[3]' is connected directly to output port 'qs[3]'. (LINT-31)
Warning: In design 'prim_subreg_24_0_000000_0', output port 'q[2]' is connected directly to output port 'qs[2]'. (LINT-31)
Warning: In design 'prim_subreg_24_0_000000_0', output port 'q[1]' is connected directly to output port 'qs[1]'. (LINT-31)
Warning: In design 'prim_subreg_24_0_000000_0', output port 'q[0]' is connected directly to output port 'qs[0]'. (LINT-31)
Warning: In design 'tlul_rsp_intg_gen_0_0_1', output port 'tl_o[d_user][rsp_intg][6]' is connected directly to output port 'tl_o[d_user][data_intg][0]'. (LINT-31)
Warning: In design 'tlul_rsp_intg_gen_0_0_1', output port 'tl_o[d_user][rsp_intg][6]' is connected directly to output port 'tl_o[d_user][data_intg][1]'. (LINT-31)
Warning: In design 'tlul_rsp_intg_gen_0_0_1', output port 'tl_o[d_user][rsp_intg][6]' is connected directly to output port 'tl_o[d_user][data_intg][2]'. (LINT-31)
Warning: In design 'tlul_rsp_intg_gen_0_0_1', output port 'tl_o[d_user][rsp_intg][6]' is connected directly to output port 'tl_o[d_user][data_intg][3]'. (LINT-31)
Warning: In design 'tlul_rsp_intg_gen_0_0_1', output port 'tl_o[d_user][rsp_intg][6]' is connected directly to output port 'tl_o[d_user][data_intg][4]'. (LINT-31)
Warning: In design 'tlul_rsp_intg_gen_0_0_1', output port 'tl_o[d_user][rsp_intg][6]' is connected directly to output port 'tl_o[d_user][data_intg][5]'. (LINT-31)
Warning: In design 'tlul_rsp_intg_gen_0_0_1', output port 'tl_o[d_user][rsp_intg][6]' is connected directly to output port 'tl_o[d_user][data_intg][6]'. (LINT-31)
Warning: In design 'tlul_rsp_intg_gen_0_0_1', output port 'tl_o[d_user][rsp_intg][6]' is connected directly to output port 'tl_o[d_user][rsp_intg][0]'. (LINT-31)
Warning: In design 'tlul_rsp_intg_gen_0_0_1', output port 'tl_o[d_user][rsp_intg][6]' is connected directly to output port 'tl_o[d_user][rsp_intg][1]'. (LINT-31)
Warning: In design 'tlul_rsp_intg_gen_0_0_1', output port 'tl_o[d_user][rsp_intg][6]' is connected directly to output port 'tl_o[d_user][rsp_intg][2]'. (LINT-31)
Warning: In design 'tlul_rsp_intg_gen_0_0_1', output port 'tl_o[d_user][rsp_intg][6]' is connected directly to output port 'tl_o[d_user][rsp_intg][3]'. (LINT-31)
Warning: In design 'tlul_rsp_intg_gen_0_0_1', output port 'tl_o[d_user][rsp_intg][6]' is connected directly to output port 'tl_o[d_user][rsp_intg][4]'. (LINT-31)
Warning: In design 'tlul_rsp_intg_gen_0_0_1', output port 'tl_o[d_user][rsp_intg][6]' is connected directly to output port 'tl_o[d_user][rsp_intg][5]'. (LINT-31)
Warning: In design 'prim_subreg_1_1_1_0_0', output port 'q[0]' is connected directly to output port 'qs[0]'. (LINT-31)
Warning: In design 'prim_subreg_1_3_0_0_0', output port 'q[0]' is connected directly to output port 'qs[0]'. (LINT-31)
Warning: In design 'prim_subreg_1_3_0_0_1', output port 'q[0]' is connected directly to output port 'qs[0]'. (LINT-31)
Warning: In design 'prim_subreg_1_3_0_0_2', output port 'q[0]' is connected directly to output port 'qs[0]'. (LINT-31)
Warning: In design 'prim_subreg_1_3_0_0_3', output port 'q[0]' is connected directly to output port 'qs[0]'. (LINT-31)
Warning: In design 'prim_subreg_1_3_0_0_4', output port 'q[0]' is connected directly to output port 'qs[0]'. (LINT-31)
Warning: In design 'prim_subreg_1_0_0_0_0', output port 'q[0]' is connected directly to output port 'qs[0]'. (LINT-31)
Warning: In design 'prim_subreg_1_0_0_0_1', output port 'q[0]' is connected directly to output port 'qs[0]'. (LINT-31)
Warning: In design 'prim_subreg_1_0_0_0_2', output port 'q[0]' is connected directly to output port 'qs[0]'. (LINT-31)
Warning: In design 'prim_subreg_1_0_0_0_3', output port 'q[0]' is connected directly to output port 'qs[0]'. (LINT-31)
Warning: In design 'prim_subreg_1_0_0_0_4', output port 'q[0]' is connected directly to output port 'qs[0]'. (LINT-31)
Warning: In design 'prim_subreg_1_0_0_0_5', output port 'q[0]' is connected directly to output port 'qs[0]'. (LINT-31)
Warning: In design 'prim_subreg_1_0_0_0_6', output port 'q[0]' is connected directly to output port 'qs[0]'. (LINT-31)
Warning: In design 'prim_subreg_1_0_0_0_7', output port 'q[0]' is connected directly to output port 'qs[0]'. (LINT-31)
Warning: In design 'prim_subreg_1_0_0_0_8', output port 'q[0]' is connected directly to output port 'qs[0]'. (LINT-31)
Warning: In design 'prim_subreg_1_0_0_0_9', output port 'q[0]' is connected directly to output port 'qs[0]'. (LINT-31)
Warning: In design 'prim_subreg_1_0_0_0_10', output port 'q[0]' is connected directly to output port 'qs[0]'. (LINT-31)
Warning: In design 'prim_subreg_1_0_0_0_11', output port 'q[0]' is connected directly to output port 'qs[0]'. (LINT-31)
Warning: In design 'prim_subreg_1_0_0_0_12', output port 'q[0]' is connected directly to output port 'qs[0]'. (LINT-31)
Warning: In design 'prim_subreg_1_0_0_0_13', output port 'q[0]' is connected directly to output port 'qs[0]'. (LINT-31)
Warning: In design 'prim_subreg_1_0_0_0_14', output port 'q[0]' is connected directly to output port 'qs[0]'. (LINT-31)
Warning: In design 'prim_subreg_1_0_0_0_15', output port 'q[0]' is connected directly to output port 'qs[0]'. (LINT-31)
Warning: In design 'prim_subreg_1_0_0_0_16', output port 'q[0]' is connected directly to output port 'qs[0]'. (LINT-31)
Warning: In design 'prim_subreg_1_0_0_0_17', output port 'q[0]' is connected directly to output port 'qs[0]'. (LINT-31)
Warning: In design 'prim_subreg_ext_DW1_0', output port 'ds[0]' is connected directly to output port 'qs[0]'. (LINT-31)
Warning: In design 'prim_subreg_ext_DW1_1', output port 'ds[0]' is connected directly to output port 'qs[0]'. (LINT-31)
Warning: In design 'prim_subreg_ext_DW1_2', output port 'ds[0]' is connected directly to output port 'qs[0]'. (LINT-31)
Warning: In design 'prim_subreg_ext_DW1_3', output port 'ds[0]' is connected directly to output port 'qs[0]'. (LINT-31)
Warning: In design 'prim_subreg_ext_DW1_4', output port 'ds[0]' is connected directly to output port 'qs[0]'. (LINT-31)
Warning: In design 'prim_subreg_ext_DW1_5', output port 'ds[0]' is connected directly to output port 'qs[0]'. (LINT-31)
Warning: In design 'prim_subreg_ext_DW1_6', output port 'ds[0]' is connected directly to output port 'qs[0]'. (LINT-31)
Warning: In design 'prim_subreg_ext_DW1_7', output port 'ds[0]' is connected directly to output port 'qs[0]'. (LINT-31)
Warning: In design 'prim_subreg_ext_DW1_8', output port 'ds[0]' is connected directly to output port 'qs[0]'. (LINT-31)
Warning: In design 'prim_subreg_ext_DW1_9', output port 'ds[0]' is connected directly to output port 'qs[0]'. (LINT-31)
Warning: In design 'prim_subreg_ext_DW1_10', output port 'ds[0]' is connected directly to output port 'qs[0]'. (LINT-31)
Warning: In design 'prim_subreg_ext_DW1_11', output port 'ds[0]' is connected directly to output port 'qs[0]'. (LINT-31)
Warning: In design 'prim_subreg_ext_DW1_12', output port 'ds[0]' is connected directly to output port 'qs[0]'. (LINT-31)
Warning: In design 'prim_subreg_ext_DW1_13', output port 'ds[0]' is connected directly to output port 'qs[0]'. (LINT-31)
Warning: In design 'prim_subreg_ext_DW1_14', output port 'ds[0]' is connected directly to output port 'qs[0]'. (LINT-31)
Warning: In design 'prim_subreg_ext_DW8_0', output port 'ds[7]' is connected directly to output port 'qs[7]'. (LINT-31)
Warning: In design 'prim_subreg_ext_DW8_0', output port 'ds[6]' is connected directly to output port 'qs[6]'. (LINT-31)
Warning: In design 'prim_subreg_ext_DW8_0', output port 'ds[5]' is connected directly to output port 'qs[5]'. (LINT-31)
Warning: In design 'prim_subreg_ext_DW8_0', output port 'ds[4]' is connected directly to output port 'qs[4]'. (LINT-31)
Warning: In design 'prim_subreg_ext_DW8_0', output port 'ds[3]' is connected directly to output port 'qs[3]'. (LINT-31)
Warning: In design 'prim_subreg_ext_DW8_0', output port 'ds[2]' is connected directly to output port 'qs[2]'. (LINT-31)
Warning: In design 'prim_subreg_ext_DW8_0', output port 'ds[1]' is connected directly to output port 'qs[1]'. (LINT-31)
Warning: In design 'prim_subreg_ext_DW8_0', output port 'ds[0]' is connected directly to output port 'qs[0]'. (LINT-31)
Warning: In design 'prim_subreg_ext_DW8_1', output port 'ds[7]' is connected directly to output port 'qs[7]'. (LINT-31)
Warning: In design 'prim_subreg_ext_DW8_1', output port 'ds[6]' is connected directly to output port 'qs[6]'. (LINT-31)
Warning: In design 'prim_subreg_ext_DW8_1', output port 'ds[5]' is connected directly to output port 'qs[5]'. (LINT-31)
Warning: In design 'prim_subreg_ext_DW8_1', output port 'ds[4]' is connected directly to output port 'qs[4]'. (LINT-31)
Warning: In design 'prim_subreg_ext_DW8_1', output port 'ds[3]' is connected directly to output port 'qs[3]'. (LINT-31)
Warning: In design 'prim_subreg_ext_DW8_1', output port 'ds[2]' is connected directly to output port 'qs[2]'. (LINT-31)
Warning: In design 'prim_subreg_ext_DW8_1', output port 'ds[1]' is connected directly to output port 'qs[1]'. (LINT-31)
Warning: In design 'prim_subreg_ext_DW8_1', output port 'ds[0]' is connected directly to output port 'qs[0]'. (LINT-31)
Warning: In design 'prim_subreg_1_2_0_0_0', output port 'q[0]' is connected directly to output port 'qs[0]'. (LINT-31)
Warning: In design 'prim_subreg_3_0_0_0_0', output port 'q[2]' is connected directly to output port 'qs[2]'. (LINT-31)
Warning: In design 'prim_subreg_3_0_0_0_0', output port 'q[1]' is connected directly to output port 'qs[1]'. (LINT-31)
Warning: In design 'prim_subreg_3_0_0_0_0', output port 'q[0]' is connected directly to output port 'qs[0]'. (LINT-31)
Warning: In design 'uart_reg_top_0_0_0000', a pin on submodule 'u_prim_reg_we_check' is connected to logic 1 or logic 0. (LINT-32)
   Pin 'oh_i[11]' is connected to logic 0. 
Warning: In design 'uart_reg_top_0_0_0000', a pin on submodule 'u_prim_reg_we_check' is connected to logic 1 or logic 0. (LINT-32)
   Pin 'oh_i[9]' is connected to logic 0. 
Warning: In design 'uart_reg_top_0_0_0000', a pin on submodule 'u_prim_reg_we_check' is connected to logic 1 or logic 0. (LINT-32)
   Pin 'oh_i[6]' is connected to logic 0. 
Warning: In design 'uart_reg_top_0_0_0000', a pin on submodule 'u_prim_reg_we_check' is connected to logic 1 or logic 0. (LINT-32)
   Pin 'oh_i[5]' is connected to logic 0. 
Warning: In design 'uart_reg_top_0_0_0000', a pin on submodule 'u_reg_if' is connected to logic 1 or logic 0. (LINT-32)
   Pin 'en_ifetch_i[3]' is connected to logic 1. 
Warning: In design 'uart_reg_top_0_0_0000', a pin on submodule 'u_reg_if' is connected to logic 1 or logic 0. (LINT-32)
   Pin 'en_ifetch_i[2]' is connected to logic 0. 
Warning: In design 'uart_reg_top_0_0_0000', a pin on submodule 'u_reg_if' is connected to logic 1 or logic 0. (LINT-32)
   Pin 'en_ifetch_i[1]' is connected to logic 0. 
Warning: In design 'uart_reg_top_0_0_0000', a pin on submodule 'u_reg_if' is connected to logic 1 or logic 0. (LINT-32)
   Pin 'en_ifetch_i[0]' is connected to logic 1. 
Warning: In design 'uart_reg_top_0_0_0000', a pin on submodule 'u_reg_if' is connected to logic 1 or logic 0. (LINT-32)
   Pin 'busy_i' is connected to logic 0. 
Warning: In design 'uart_reg_top_0_0_0000', a pin on submodule 'u_intr_state_tx_watermark' is connected to logic 1 or logic 0. (LINT-32)
   Pin 'we' is connected to logic 0. 
Warning: In design 'uart_reg_top_0_0_0000', a pin on submodule 'u_intr_state_tx_watermark' is connected to logic 1 or logic 0. (LINT-32)
   Pin 'wd[0]' is connected to logic 0. 
Warning: In design 'uart_reg_top_0_0_0000', a pin on submodule 'u_intr_state_rx_watermark' is connected to logic 1 or logic 0. (LINT-32)
   Pin 'we' is connected to logic 0. 
Warning: In design 'uart_reg_top_0_0_0000', a pin on submodule 'u_intr_state_rx_watermark' is connected to logic 1 or logic 0. (LINT-32)
   Pin 'wd[0]' is connected to logic 0. 
Warning: In design 'uart_reg_top_0_0_0000', a pin on submodule 'u_intr_state_tx_empty' is connected to logic 1 or logic 0. (LINT-32)
   Pin 'we' is connected to logic 0. 
Warning: In design 'uart_reg_top_0_0_0000', a pin on submodule 'u_intr_state_tx_empty' is connected to logic 1 or logic 0. (LINT-32)
   Pin 'wd[0]' is connected to logic 0. 
Warning: In design 'uart_reg_top_0_0_0000', a pin on submodule 'u_intr_enable_tx_watermark' is connected to logic 1 or logic 0. (LINT-32)
   Pin 'de' is connected to logic 0. 
Warning: In design 'uart_reg_top_0_0_0000', a pin on submodule 'u_intr_enable_tx_watermark' is connected to logic 1 or logic 0. (LINT-32)
   Pin 'd[0]' is connected to logic 0. 
Warning: In design 'uart_reg_top_0_0_0000', a pin on submodule 'u_intr_enable_rx_watermark' is connected to logic 1 or logic 0. (LINT-32)
   Pin 'de' is connected to logic 0. 
Warning: In design 'uart_reg_top_0_0_0000', a pin on submodule 'u_intr_enable_rx_watermark' is connected to logic 1 or logic 0. (LINT-32)
   Pin 'd[0]' is connected to logic 0. 
Warning: In design 'uart_reg_top_0_0_0000', a pin on submodule 'u_intr_enable_tx_done' is connected to logic 1 or logic 0. (LINT-32)
   Pin 'de' is connected to logic 0. 
Warning: In design 'uart_reg_top_0_0_0000', a pin on submodule 'u_intr_enable_tx_done' is connected to logic 1 or logic 0. (LINT-32)
   Pin 'd[0]' is connected to logic 0. 
Warning: In design 'uart_reg_top_0_0_0000', a pin on submodule 'u_intr_enable_rx_overflow' is connected to logic 1 or logic 0. (LINT-32)
   Pin 'de' is connected to logic 0. 
Warning: In design 'uart_reg_top_0_0_0000', a pin on submodule 'u_intr_enable_rx_overflow' is connected to logic 1 or logic 0. (LINT-32)
   Pin 'd[0]' is connected to logic 0. 
Warning: In design 'uart_reg_top_0_0_0000', a pin on submodule 'u_intr_enable_rx_frame_err' is connected to logic 1 or logic 0. (LINT-32)
   Pin 'de' is connected to logic 0. 
Warning: In design 'uart_reg_top_0_0_0000', a pin on submodule 'u_intr_enable_rx_frame_err' is connected to logic 1 or logic 0. (LINT-32)
   Pin 'd[0]' is connected to logic 0. 
Warning: In design 'uart_reg_top_0_0_0000', a pin on submodule 'u_intr_enable_rx_break_err' is connected to logic 1 or logic 0. (LINT-32)
   Pin 'de' is connected to logic 0. 
Warning: In design 'uart_reg_top_0_0_0000', a pin on submodule 'u_intr_enable_rx_break_err' is connected to logic 1 or logic 0. (LINT-32)
   Pin 'd[0]' is connected to logic 0. 
Warning: In design 'uart_reg_top_0_0_0000', a pin on submodule 'u_intr_enable_rx_timeout' is connected to logic 1 or logic 0. (LINT-32)
   Pin 'de' is connected to logic 0. 
Warning: In design 'uart_reg_top_0_0_0000', a pin on submodule 'u_intr_enable_rx_timeout' is connected to logic 1 or logic 0. (LINT-32)
   Pin 'd[0]' is connected to logic 0. 
Warning: In design 'uart_reg_top_0_0_0000', a pin on submodule 'u_intr_enable_rx_parity_err' is connected to logic 1 or logic 0. (LINT-32)
   Pin 'de' is connected to logic 0. 
Warning: In design 'uart_reg_top_0_0_0000', a pin on submodule 'u_intr_enable_rx_parity_err' is connected to logic 1 or logic 0. (LINT-32)
   Pin 'd[0]' is connected to logic 0. 
Warning: In design 'uart_reg_top_0_0_0000', a pin on submodule 'u_intr_enable_tx_empty' is connected to logic 1 or logic 0. (LINT-32)
   Pin 'de' is connected to logic 0. 
Warning: In design 'uart_reg_top_0_0_0000', a pin on submodule 'u_intr_enable_tx_empty' is connected to logic 1 or logic 0. (LINT-32)
   Pin 'd[0]' is connected to logic 0. 
Warning: In design 'uart_reg_top_0_0_0000', a pin on submodule 'u_intr_test_tx_watermark' is connected to logic 1 or logic 0. (LINT-32)
   Pin 're' is connected to logic 0. 
Warning: In design 'uart_reg_top_0_0_0000', a pin on submodule 'u_intr_test_tx_watermark' is connected to logic 1 or logic 0. (LINT-32)
   Pin 'd[0]' is connected to logic 0. 
Warning: In design 'uart_reg_top_0_0_0000', a pin on submodule 'u_intr_test_rx_watermark' is connected to logic 1 or logic 0. (LINT-32)
   Pin 're' is connected to logic 0. 
Warning: In design 'uart_reg_top_0_0_0000', a pin on submodule 'u_intr_test_rx_watermark' is connected to logic 1 or logic 0. (LINT-32)
   Pin 'd[0]' is connected to logic 0. 
Warning: In design 'uart_reg_top_0_0_0000', a pin on submodule 'u_intr_test_tx_done' is connected to logic 1 or logic 0. (LINT-32)
   Pin 're' is connected to logic 0. 
Warning: In design 'uart_reg_top_0_0_0000', a pin on submodule 'u_intr_test_tx_done' is connected to logic 1 or logic 0. (LINT-32)
   Pin 'd[0]' is connected to logic 0. 
Warning: In design 'uart_reg_top_0_0_0000', a pin on submodule 'u_intr_test_rx_overflow' is connected to logic 1 or logic 0. (LINT-32)
   Pin 're' is connected to logic 0. 
Warning: In design 'uart_reg_top_0_0_0000', a pin on submodule 'u_intr_test_rx_overflow' is connected to logic 1 or logic 0. (LINT-32)
   Pin 'd[0]' is connected to logic 0. 
Warning: In design 'uart_reg_top_0_0_0000', a pin on submodule 'u_intr_test_rx_frame_err' is connected to logic 1 or logic 0. (LINT-32)
   Pin 're' is connected to logic 0. 
Warning: In design 'uart_reg_top_0_0_0000', a pin on submodule 'u_intr_test_rx_frame_err' is connected to logic 1 or logic 0. (LINT-32)
   Pin 'd[0]' is connected to logic 0. 
Warning: In design 'uart_reg_top_0_0_0000', a pin on submodule 'u_intr_test_rx_break_err' is connected to logic 1 or logic 0. (LINT-32)
   Pin 're' is connected to logic 0. 
Warning: In design 'uart_reg_top_0_0_0000', a pin on submodule 'u_intr_test_rx_break_err' is connected to logic 1 or logic 0. (LINT-32)
   Pin 'd[0]' is connected to logic 0. 
Warning: In design 'uart_reg_top_0_0_0000', a pin on submodule 'u_intr_test_rx_timeout' is connected to logic 1 or logic 0. (LINT-32)
   Pin 're' is connected to logic 0. 
Warning: In design 'uart_reg_top_0_0_0000', a pin on submodule 'u_intr_test_rx_timeout' is connected to logic 1 or logic 0. (LINT-32)
   Pin 'd[0]' is connected to logic 0. 
Warning: In design 'uart_reg_top_0_0_0000', a pin on submodule 'u_intr_test_rx_parity_err' is connected to logic 1 or logic 0. (LINT-32)
   Pin 're' is connected to logic 0. 
Warning: In design 'uart_reg_top_0_0_0000', a pin on submodule 'u_intr_test_rx_parity_err' is connected to logic 1 or logic 0. (LINT-32)
   Pin 'd[0]' is connected to logic 0. 
Warning: In design 'uart_reg_top_0_0_0000', a pin on submodule 'u_intr_test_tx_empty' is connected to logic 1 or logic 0. (LINT-32)
   Pin 're' is connected to logic 0. 
Warning: In design 'uart_reg_top_0_0_0000', a pin on submodule 'u_intr_test_tx_empty' is connected to logic 1 or logic 0. (LINT-32)
   Pin 'd[0]' is connected to logic 0. 
Warning: In design 'uart_reg_top_0_0_0000', a pin on submodule 'u_alert_test' is connected to logic 1 or logic 0. (LINT-32)
   Pin 're' is connected to logic 0. 
Warning: In design 'uart_reg_top_0_0_0000', a pin on submodule 'u_alert_test' is connected to logic 1 or logic 0. (LINT-32)
   Pin 'd[0]' is connected to logic 0. 
Warning: In design 'uart_reg_top_0_0_0000', a pin on submodule 'u_ctrl_tx' is connected to logic 1 or logic 0. (LINT-32)
   Pin 'de' is connected to logic 0. 
Warning: In design 'uart_reg_top_0_0_0000', a pin on submodule 'u_ctrl_tx' is connected to logic 1 or logic 0. (LINT-32)
   Pin 'd[0]' is connected to logic 0. 
Warning: In design 'uart_reg_top_0_0_0000', a pin on submodule 'u_ctrl_rx' is connected to logic 1 or logic 0. (LINT-32)
   Pin 'de' is connected to logic 0. 
Warning: In design 'uart_reg_top_0_0_0000', a pin on submodule 'u_ctrl_rx' is connected to logic 1 or logic 0. (LINT-32)
   Pin 'd[0]' is connected to logic 0. 
Warning: In design 'uart_reg_top_0_0_0000', a pin on submodule 'u_ctrl_nf' is connected to logic 1 or logic 0. (LINT-32)
   Pin 'de' is connected to logic 0. 
Warning: In design 'uart_reg_top_0_0_0000', a pin on submodule 'u_ctrl_nf' is connected to logic 1 or logic 0. (LINT-32)
   Pin 'd[0]' is connected to logic 0. 
Warning: In design 'uart_reg_top_0_0_0000', a pin on submodule 'u_ctrl_slpbk' is connected to logic 1 or logic 0. (LINT-32)
   Pin 'de' is connected to logic 0. 
Warning: In design 'uart_reg_top_0_0_0000', a pin on submodule 'u_ctrl_slpbk' is connected to logic 1 or logic 0. (LINT-32)
   Pin 'd[0]' is connected to logic 0. 
Warning: In design 'uart_reg_top_0_0_0000', a pin on submodule 'u_ctrl_llpbk' is connected to logic 1 or logic 0. (LINT-32)
   Pin 'de' is connected to logic 0. 
Warning: In design 'uart_reg_top_0_0_0000', a pin on submodule 'u_ctrl_llpbk' is connected to logic 1 or logic 0. (LINT-32)
   Pin 'd[0]' is connected to logic 0. 
Warning: In design 'uart_reg_top_0_0_0000', a pin on submodule 'u_ctrl_parity_en' is connected to logic 1 or logic 0. (LINT-32)
   Pin 'de' is connected to logic 0. 
Warning: In design 'uart_reg_top_0_0_0000', a pin on submodule 'u_ctrl_parity_en' is connected to logic 1 or logic 0. (LINT-32)
   Pin 'd[0]' is connected to logic 0. 
Warning: In design 'uart_reg_top_0_0_0000', a pin on submodule 'u_ctrl_parity_odd' is connected to logic 1 or logic 0. (LINT-32)
   Pin 'de' is connected to logic 0. 
Warning: In design 'uart_reg_top_0_0_0000', a pin on submodule 'u_ctrl_parity_odd' is connected to logic 1 or logic 0. (LINT-32)
   Pin 'd[0]' is connected to logic 0. 
Warning: In design 'uart_reg_top_0_0_0000', a pin on submodule 'u_ctrl_rxblvl' is connected to logic 1 or logic 0. (LINT-32)
   Pin 'de' is connected to logic 0. 
Warning: In design 'uart_reg_top_0_0_0000', a pin on submodule 'u_ctrl_rxblvl' is connected to logic 1 or logic 0. (LINT-32)
   Pin 'd[1]' is connected to logic 0. 
Warning: In design 'uart_reg_top_0_0_0000', a pin on submodule 'u_ctrl_rxblvl' is connected to logic 1 or logic 0. (LINT-32)
   Pin 'd[0]' is connected to logic 0. 
Warning: In design 'uart_reg_top_0_0_0000', a pin on submodule 'u_ctrl_nco' is connected to logic 1 or logic 0. (LINT-32)
   Pin 'de' is connected to logic 0. 
Warning: In design 'uart_reg_top_0_0_0000', a pin on submodule 'u_ctrl_nco' is connected to logic 1 or logic 0. (LINT-32)
   Pin 'd[15]' is connected to logic 0. 
Warning: In design 'uart_reg_top_0_0_0000', a pin on submodule 'u_ctrl_nco' is connected to logic 1 or logic 0. (LINT-32)
   Pin 'd[14]' is connected to logic 0. 
Warning: In design 'uart_reg_top_0_0_0000', a pin on submodule 'u_ctrl_nco' is connected to logic 1 or logic 0. (LINT-32)
   Pin 'd[13]' is connected to logic 0. 
Warning: In design 'uart_reg_top_0_0_0000', a pin on submodule 'u_ctrl_nco' is connected to logic 1 or logic 0. (LINT-32)
   Pin 'd[12]' is connected to logic 0. 
Warning: In design 'uart_reg_top_0_0_0000', a pin on submodule 'u_ctrl_nco' is connected to logic 1 or logic 0. (LINT-32)
   Pin 'd[11]' is connected to logic 0. 
Warning: In design 'uart_reg_top_0_0_0000', a pin on submodule 'u_ctrl_nco' is connected to logic 1 or logic 0. (LINT-32)
   Pin 'd[10]' is connected to logic 0. 
Warning: In design 'uart_reg_top_0_0_0000', a pin on submodule 'u_ctrl_nco' is connected to logic 1 or logic 0. (LINT-32)
   Pin 'd[9]' is connected to logic 0. 
Warning: In design 'uart_reg_top_0_0_0000', a pin on submodule 'u_ctrl_nco' is connected to logic 1 or logic 0. (LINT-32)
   Pin 'd[8]' is connected to logic 0. 
Warning: In design 'uart_reg_top_0_0_0000', a pin on submodule 'u_ctrl_nco' is connected to logic 1 or logic 0. (LINT-32)
   Pin 'd[7]' is connected to logic 0. 
Warning: In design 'uart_reg_top_0_0_0000', a pin on submodule 'u_ctrl_nco' is connected to logic 1 or logic 0. (LINT-32)
   Pin 'd[6]' is connected to logic 0. 
Warning: In design 'uart_reg_top_0_0_0000', a pin on submodule 'u_ctrl_nco' is connected to logic 1 or logic 0. (LINT-32)
   Pin 'd[5]' is connected to logic 0. 
Warning: In design 'uart_reg_top_0_0_0000', a pin on submodule 'u_ctrl_nco' is connected to logic 1 or logic 0. (LINT-32)
   Pin 'd[4]' is connected to logic 0. 
Warning: In design 'uart_reg_top_0_0_0000', a pin on submodule 'u_ctrl_nco' is connected to logic 1 or logic 0. (LINT-32)
   Pin 'd[3]' is connected to logic 0. 
Warning: In design 'uart_reg_top_0_0_0000', a pin on submodule 'u_ctrl_nco' is connected to logic 1 or logic 0. (LINT-32)
   Pin 'd[2]' is connected to logic 0. 
Warning: In design 'uart_reg_top_0_0_0000', a pin on submodule 'u_ctrl_nco' is connected to logic 1 or logic 0. (LINT-32)
   Pin 'd[1]' is connected to logic 0. 
Warning: In design 'uart_reg_top_0_0_0000', a pin on submodule 'u_ctrl_nco' is connected to logic 1 or logic 0. (LINT-32)
   Pin 'd[0]' is connected to logic 0. 
Warning: In design 'uart_reg_top_0_0_0000', a pin on submodule 'u_status_txfull' is connected to logic 1 or logic 0. (LINT-32)
   Pin 'we' is connected to logic 0. 
Warning: In design 'uart_reg_top_0_0_0000', a pin on submodule 'u_status_txfull' is connected to logic 1 or logic 0. (LINT-32)
   Pin 'wd[0]' is connected to logic 0. 
Warning: In design 'uart_reg_top_0_0_0000', a pin on submodule 'u_status_rxfull' is connected to logic 1 or logic 0. (LINT-32)
   Pin 'we' is connected to logic 0. 
Warning: In design 'uart_reg_top_0_0_0000', a pin on submodule 'u_status_rxfull' is connected to logic 1 or logic 0. (LINT-32)
   Pin 'wd[0]' is connected to logic 0. 
Warning: In design 'uart_reg_top_0_0_0000', a pin on submodule 'u_status_txempty' is connected to logic 1 or logic 0. (LINT-32)
   Pin 'we' is connected to logic 0. 
Warning: In design 'uart_reg_top_0_0_0000', a pin on submodule 'u_status_txempty' is connected to logic 1 or logic 0. (LINT-32)
   Pin 'wd[0]' is connected to logic 0. 
Warning: In design 'uart_reg_top_0_0_0000', a pin on submodule 'u_status_txidle' is connected to logic 1 or logic 0. (LINT-32)
   Pin 'we' is connected to logic 0. 
Warning: In design 'uart_reg_top_0_0_0000', a pin on submodule 'u_status_txidle' is connected to logic 1 or logic 0. (LINT-32)
   Pin 'wd[0]' is connected to logic 0. 
Warning: In design 'uart_reg_top_0_0_0000', a pin on submodule 'u_status_rxidle' is connected to logic 1 or logic 0. (LINT-32)
   Pin 'we' is connected to logic 0. 
Warning: In design 'uart_reg_top_0_0_0000', a pin on submodule 'u_status_rxidle' is connected to logic 1 or logic 0. (LINT-32)
   Pin 'wd[0]' is connected to logic 0. 
Warning: In design 'uart_reg_top_0_0_0000', a pin on submodule 'u_status_rxempty' is connected to logic 1 or logic 0. (LINT-32)
   Pin 'we' is connected to logic 0. 
Warning: In design 'uart_reg_top_0_0_0000', a pin on submodule 'u_status_rxempty' is connected to logic 1 or logic 0. (LINT-32)
   Pin 'wd[0]' is connected to logic 0. 
Warning: In design 'uart_reg_top_0_0_0000', a pin on submodule 'u_rdata' is connected to logic 1 or logic 0. (LINT-32)
   Pin 'we' is connected to logic 0. 
Warning: In design 'uart_reg_top_0_0_0000', a pin on submodule 'u_rdata' is connected to logic 1 or logic 0. (LINT-32)
   Pin 'wd[7]' is connected to logic 0. 
Warning: In design 'uart_reg_top_0_0_0000', a pin on submodule 'u_rdata' is connected to logic 1 or logic 0. (LINT-32)
   Pin 'wd[6]' is connected to logic 0. 
Warning: In design 'uart_reg_top_0_0_0000', a pin on submodule 'u_rdata' is connected to logic 1 or logic 0. (LINT-32)
   Pin 'wd[5]' is connected to logic 0. 
Warning: In design 'uart_reg_top_0_0_0000', a pin on submodule 'u_rdata' is connected to logic 1 or logic 0. (LINT-32)
   Pin 'wd[4]' is connected to logic 0. 
Warning: In design 'uart_reg_top_0_0_0000', a pin on submodule 'u_rdata' is connected to logic 1 or logic 0. (LINT-32)
   Pin 'wd[3]' is connected to logic 0. 
Warning: In design 'uart_reg_top_0_0_0000', a pin on submodule 'u_rdata' is connected to logic 1 or logic 0. (LINT-32)
   Pin 'wd[2]' is connected to logic 0. 
Warning: In design 'uart_reg_top_0_0_0000', a pin on submodule 'u_rdata' is connected to logic 1 or logic 0. (LINT-32)
   Pin 'wd[1]' is connected to logic 0. 
Warning: In design 'uart_reg_top_0_0_0000', a pin on submodule 'u_rdata' is connected to logic 1 or logic 0. (LINT-32)
   Pin 'wd[0]' is connected to logic 0. 
Warning: In design 'uart_reg_top_0_0_0000', a pin on submodule 'u_wdata' is connected to logic 1 or logic 0. (LINT-32)
   Pin 'de' is connected to logic 0. 
Warning: In design 'uart_reg_top_0_0_0000', a pin on submodule 'u_wdata' is connected to logic 1 or logic 0. (LINT-32)
   Pin 'd[7]' is connected to logic 0. 
Warning: In design 'uart_reg_top_0_0_0000', a pin on submodule 'u_wdata' is connected to logic 1 or logic 0. (LINT-32)
   Pin 'd[6]' is connected to logic 0. 
Warning: In design 'uart_reg_top_0_0_0000', a pin on submodule 'u_wdata' is connected to logic 1 or logic 0. (LINT-32)
   Pin 'd[5]' is connected to logic 0. 
Warning: In design 'uart_reg_top_0_0_0000', a pin on submodule 'u_wdata' is connected to logic 1 or logic 0. (LINT-32)
   Pin 'd[4]' is connected to logic 0. 
Warning: In design 'uart_reg_top_0_0_0000', a pin on submodule 'u_wdata' is connected to logic 1 or logic 0. (LINT-32)
   Pin 'd[3]' is connected to logic 0. 
Warning: In design 'uart_reg_top_0_0_0000', a pin on submodule 'u_wdata' is connected to logic 1 or logic 0. (LINT-32)
   Pin 'd[2]' is connected to logic 0. 
Warning: In design 'uart_reg_top_0_0_0000', a pin on submodule 'u_wdata' is connected to logic 1 or logic 0. (LINT-32)
   Pin 'd[1]' is connected to logic 0. 
Warning: In design 'uart_reg_top_0_0_0000', a pin on submodule 'u_wdata' is connected to logic 1 or logic 0. (LINT-32)
   Pin 'd[0]' is connected to logic 0. 
Warning: In design 'uart_reg_top_0_0_0000', a pin on submodule 'u_fifo_ctrl_rxrst' is connected to logic 1 or logic 0. (LINT-32)
   Pin 'de' is connected to logic 0. 
Warning: In design 'uart_reg_top_0_0_0000', a pin on submodule 'u_fifo_ctrl_rxrst' is connected to logic 1 or logic 0. (LINT-32)
   Pin 'd[0]' is connected to logic 0. 
Warning: In design 'uart_reg_top_0_0_0000', a pin on submodule 'u_fifo_ctrl_txrst' is connected to logic 1 or logic 0. (LINT-32)
   Pin 'de' is connected to logic 0. 
Warning: In design 'uart_reg_top_0_0_0000', a pin on submodule 'u_fifo_ctrl_txrst' is connected to logic 1 or logic 0. (LINT-32)
   Pin 'd[0]' is connected to logic 0. 
Warning: In design 'uart_reg_top_0_0_0000', a pin on submodule 'u_fifo_status_txlvl' is connected to logic 1 or logic 0. (LINT-32)
   Pin 'we' is connected to logic 0. 
Warning: In design 'uart_reg_top_0_0_0000', a pin on submodule 'u_fifo_status_txlvl' is connected to logic 1 or logic 0. (LINT-32)
   Pin 'wd[7]' is connected to logic 0. 
Warning: In design 'uart_reg_top_0_0_0000', a pin on submodule 'u_fifo_status_txlvl' is connected to logic 1 or logic 0. (LINT-32)
   Pin 'wd[6]' is connected to logic 0. 
Warning: In design 'uart_reg_top_0_0_0000', a pin on submodule 'u_fifo_status_txlvl' is connected to logic 1 or logic 0. (LINT-32)
   Pin 'wd[5]' is connected to logic 0. 
Warning: In design 'uart_reg_top_0_0_0000', a pin on submodule 'u_fifo_status_txlvl' is connected to logic 1 or logic 0. (LINT-32)
   Pin 'wd[4]' is connected to logic 0. 
Warning: In design 'uart_reg_top_0_0_0000', a pin on submodule 'u_fifo_status_txlvl' is connected to logic 1 or logic 0. (LINT-32)
   Pin 'wd[3]' is connected to logic 0. 
Warning: In design 'uart_reg_top_0_0_0000', a pin on submodule 'u_fifo_status_txlvl' is connected to logic 1 or logic 0. (LINT-32)
   Pin 'wd[2]' is connected to logic 0. 
Warning: In design 'uart_reg_top_0_0_0000', a pin on submodule 'u_fifo_status_txlvl' is connected to logic 1 or logic 0. (LINT-32)
   Pin 'wd[1]' is connected to logic 0. 
Warning: In design 'uart_reg_top_0_0_0000', a pin on submodule 'u_fifo_status_txlvl' is connected to logic 1 or logic 0. (LINT-32)
   Pin 'wd[0]' is connected to logic 0. 
Warning: In design 'uart_reg_top_0_0_0000', a pin on submodule 'u_fifo_status_rxlvl' is connected to logic 1 or logic 0. (LINT-32)
   Pin 'we' is connected to logic 0. 
Warning: In design 'uart_reg_top_0_0_0000', a pin on submodule 'u_fifo_status_rxlvl' is connected to logic 1 or logic 0. (LINT-32)
   Pin 'wd[7]' is connected to logic 0. 
Warning: In design 'uart_reg_top_0_0_0000', a pin on submodule 'u_fifo_status_rxlvl' is connected to logic 1 or logic 0. (LINT-32)
   Pin 'wd[6]' is connected to logic 0. 
Warning: In design 'uart_reg_top_0_0_0000', a pin on submodule 'u_fifo_status_rxlvl' is connected to logic 1 or logic 0. (LINT-32)
   Pin 'wd[5]' is connected to logic 0. 
Warning: In design 'uart_reg_top_0_0_0000', a pin on submodule 'u_fifo_status_rxlvl' is connected to logic 1 or logic 0. (LINT-32)
   Pin 'wd[4]' is connected to logic 0. 
Warning: In design 'uart_reg_top_0_0_0000', a pin on submodule 'u_fifo_status_rxlvl' is connected to logic 1 or logic 0. (LINT-32)
   Pin 'wd[3]' is connected to logic 0. 
Warning: In design 'uart_reg_top_0_0_0000', a pin on submodule 'u_fifo_status_rxlvl' is connected to logic 1 or logic 0. (LINT-32)
   Pin 'wd[2]' is connected to logic 0. 
Warning: In design 'uart_reg_top_0_0_0000', a pin on submodule 'u_fifo_status_rxlvl' is connected to logic 1 or logic 0. (LINT-32)
   Pin 'wd[1]' is connected to logic 0. 
Warning: In design 'uart_reg_top_0_0_0000', a pin on submodule 'u_fifo_status_rxlvl' is connected to logic 1 or logic 0. (LINT-32)
   Pin 'wd[0]' is connected to logic 0. 
Warning: In design 'uart_reg_top_0_0_0000', a pin on submodule 'u_ovrd_txen' is connected to logic 1 or logic 0. (LINT-32)
   Pin 'de' is connected to logic 0. 
Warning: In design 'uart_reg_top_0_0_0000', a pin on submodule 'u_ovrd_txen' is connected to logic 1 or logic 0. (LINT-32)
   Pin 'd[0]' is connected to logic 0. 
Warning: In design 'uart_reg_top_0_0_0000', a pin on submodule 'u_ovrd_txval' is connected to logic 1 or logic 0. (LINT-32)
   Pin 'de' is connected to logic 0. 
Warning: In design 'uart_reg_top_0_0_0000', a pin on submodule 'u_ovrd_txval' is connected to logic 1 or logic 0. (LINT-32)
   Pin 'd[0]' is connected to logic 0. 
Warning: In design 'uart_reg_top_0_0_0000', a pin on submodule 'u_val' is connected to logic 1 or logic 0. (LINT-32)
   Pin 'we' is connected to logic 0. 
Warning: In design 'uart_reg_top_0_0_0000', a pin on submodule 'u_val' is connected to logic 1 or logic 0. (LINT-32)
   Pin 'wd[15]' is connected to logic 0. 
Warning: In design 'uart_reg_top_0_0_0000', a pin on submodule 'u_val' is connected to logic 1 or logic 0. (LINT-32)
   Pin 'wd[14]' is connected to logic 0. 
Warning: In design 'uart_reg_top_0_0_0000', a pin on submodule 'u_val' is connected to logic 1 or logic 0. (LINT-32)
   Pin 'wd[13]' is connected to logic 0. 
Warning: In design 'uart_reg_top_0_0_0000', a pin on submodule 'u_val' is connected to logic 1 or logic 0. (LINT-32)
   Pin 'wd[12]' is connected to logic 0. 
Warning: In design 'uart_reg_top_0_0_0000', a pin on submodule 'u_val' is connected to logic 1 or logic 0. (LINT-32)
   Pin 'wd[11]' is connected to logic 0. 
Warning: In design 'uart_reg_top_0_0_0000', a pin on submodule 'u_val' is connected to logic 1 or logic 0. (LINT-32)
   Pin 'wd[10]' is connected to logic 0. 
Warning: In design 'uart_reg_top_0_0_0000', a pin on submodule 'u_val' is connected to logic 1 or logic 0. (LINT-32)
   Pin 'wd[9]' is connected to logic 0. 
Warning: In design 'uart_reg_top_0_0_0000', a pin on submodule 'u_val' is connected to logic 1 or logic 0. (LINT-32)
   Pin 'wd[8]' is connected to logic 0. 
Warning: In design 'uart_reg_top_0_0_0000', a pin on submodule 'u_val' is connected to logic 1 or logic 0. (LINT-32)
   Pin 'wd[7]' is connected to logic 0. 
Warning: In design 'uart_reg_top_0_0_0000', a pin on submodule 'u_val' is connected to logic 1 or logic 0. (LINT-32)
   Pin 'wd[6]' is connected to logic 0. 
Warning: In design 'uart_reg_top_0_0_0000', a pin on submodule 'u_val' is connected to logic 1 or logic 0. (LINT-32)
   Pin 'wd[5]' is connected to logic 0. 
Warning: In design 'uart_reg_top_0_0_0000', a pin on submodule 'u_val' is connected to logic 1 or logic 0. (LINT-32)
   Pin 'wd[4]' is connected to logic 0. 
Warning: In design 'uart_reg_top_0_0_0000', a pin on submodule 'u_val' is connected to logic 1 or logic 0. (LINT-32)
   Pin 'wd[3]' is connected to logic 0. 
Warning: In design 'uart_reg_top_0_0_0000', a pin on submodule 'u_val' is connected to logic 1 or logic 0. (LINT-32)
   Pin 'wd[2]' is connected to logic 0. 
Warning: In design 'uart_reg_top_0_0_0000', a pin on submodule 'u_val' is connected to logic 1 or logic 0. (LINT-32)
   Pin 'wd[1]' is connected to logic 0. 
Warning: In design 'uart_reg_top_0_0_0000', a pin on submodule 'u_val' is connected to logic 1 or logic 0. (LINT-32)
   Pin 'wd[0]' is connected to logic 0. 
Warning: In design 'uart_reg_top_0_0_0000', a pin on submodule 'u_timeout_ctrl_val' is connected to logic 1 or logic 0. (LINT-32)
   Pin 'de' is connected to logic 0. 
Warning: In design 'uart_reg_top_0_0_0000', a pin on submodule 'u_timeout_ctrl_val' is connected to logic 1 or logic 0. (LINT-32)
   Pin 'd[23]' is connected to logic 0. 
Warning: In design 'uart_reg_top_0_0_0000', a pin on submodule 'u_timeout_ctrl_val' is connected to logic 1 or logic 0. (LINT-32)
   Pin 'd[22]' is connected to logic 0. 
Warning: In design 'uart_reg_top_0_0_0000', a pin on submodule 'u_timeout_ctrl_val' is connected to logic 1 or logic 0. (LINT-32)
   Pin 'd[21]' is connected to logic 0. 
Warning: In design 'uart_reg_top_0_0_0000', a pin on submodule 'u_timeout_ctrl_val' is connected to logic 1 or logic 0. (LINT-32)
   Pin 'd[20]' is connected to logic 0. 
Warning: In design 'uart_reg_top_0_0_0000', a pin on submodule 'u_timeout_ctrl_val' is connected to logic 1 or logic 0. (LINT-32)
   Pin 'd[19]' is connected to logic 0. 
Warning: In design 'uart_reg_top_0_0_0000', a pin on submodule 'u_timeout_ctrl_val' is connected to logic 1 or logic 0. (LINT-32)
   Pin 'd[18]' is connected to logic 0. 
Warning: In design 'uart_reg_top_0_0_0000', a pin on submodule 'u_timeout_ctrl_val' is connected to logic 1 or logic 0. (LINT-32)
   Pin 'd[17]' is connected to logic 0. 
Warning: In design 'uart_reg_top_0_0_0000', a pin on submodule 'u_timeout_ctrl_val' is connected to logic 1 or logic 0. (LINT-32)
   Pin 'd[16]' is connected to logic 0. 
Warning: In design 'uart_reg_top_0_0_0000', a pin on submodule 'u_timeout_ctrl_val' is connected to logic 1 or logic 0. (LINT-32)
   Pin 'd[15]' is connected to logic 0. 
Warning: In design 'uart_reg_top_0_0_0000', a pin on submodule 'u_timeout_ctrl_val' is connected to logic 1 or logic 0. (LINT-32)
   Pin 'd[14]' is connected to logic 0. 
Warning: In design 'uart_reg_top_0_0_0000', a pin on submodule 'u_timeout_ctrl_val' is connected to logic 1 or logic 0. (LINT-32)
   Pin 'd[13]' is connected to logic 0. 
Warning: In design 'uart_reg_top_0_0_0000', a pin on submodule 'u_timeout_ctrl_val' is connected to logic 1 or logic 0. (LINT-32)
   Pin 'd[12]' is connected to logic 0. 
Warning: In design 'uart_reg_top_0_0_0000', a pin on submodule 'u_timeout_ctrl_val' is connected to logic 1 or logic 0. (LINT-32)
   Pin 'd[11]' is connected to logic 0. 
Warning: In design 'uart_reg_top_0_0_0000', a pin on submodule 'u_timeout_ctrl_val' is connected to logic 1 or logic 0. (LINT-32)
   Pin 'd[10]' is connected to logic 0. 
Warning: In design 'uart_reg_top_0_0_0000', a pin on submodule 'u_timeout_ctrl_val' is connected to logic 1 or logic 0. (LINT-32)
   Pin 'd[9]' is connected to logic 0. 
Warning: In design 'uart_reg_top_0_0_0000', a pin on submodule 'u_timeout_ctrl_val' is connected to logic 1 or logic 0. (LINT-32)
   Pin 'd[8]' is connected to logic 0. 
Warning: In design 'uart_reg_top_0_0_0000', a pin on submodule 'u_timeout_ctrl_val' is connected to logic 1 or logic 0. (LINT-32)
   Pin 'd[7]' is connected to logic 0. 
Warning: In design 'uart_reg_top_0_0_0000', a pin on submodule 'u_timeout_ctrl_val' is connected to logic 1 or logic 0. (LINT-32)
   Pin 'd[6]' is connected to logic 0. 
Warning: In design 'uart_reg_top_0_0_0000', a pin on submodule 'u_timeout_ctrl_val' is connected to logic 1 or logic 0. (LINT-32)
   Pin 'd[5]' is connected to logic 0. 
Warning: In design 'uart_reg_top_0_0_0000', a pin on submodule 'u_timeout_ctrl_val' is connected to logic 1 or logic 0. (LINT-32)
   Pin 'd[4]' is connected to logic 0. 
Warning: In design 'uart_reg_top_0_0_0000', a pin on submodule 'u_timeout_ctrl_val' is connected to logic 1 or logic 0. (LINT-32)
   Pin 'd[3]' is connected to logic 0. 
Warning: In design 'uart_reg_top_0_0_0000', a pin on submodule 'u_timeout_ctrl_val' is connected to logic 1 or logic 0. (LINT-32)
   Pin 'd[2]' is connected to logic 0. 
Warning: In design 'uart_reg_top_0_0_0000', a pin on submodule 'u_timeout_ctrl_val' is connected to logic 1 or logic 0. (LINT-32)
   Pin 'd[1]' is connected to logic 0. 
Warning: In design 'uart_reg_top_0_0_0000', a pin on submodule 'u_timeout_ctrl_val' is connected to logic 1 or logic 0. (LINT-32)
   Pin 'd[0]' is connected to logic 0. 
Warning: In design 'uart_reg_top_0_0_0000', a pin on submodule 'u_timeout_ctrl_en' is connected to logic 1 or logic 0. (LINT-32)
   Pin 'de' is connected to logic 0. 
Warning: In design 'uart_reg_top_0_0_0000', a pin on submodule 'u_timeout_ctrl_en' is connected to logic 1 or logic 0. (LINT-32)
   Pin 'd[0]' is connected to logic 0. 
Warning: In design 'tlul_cmd_intg_chk', a pin on submodule 'u_chk' is connected to logic 1 or logic 0. (LINT-32)
   Pin 'data_i[56]' is connected to logic 0. 
Warning: In design 'tlul_cmd_intg_chk', a pin on submodule 'u_chk' is connected to logic 1 or logic 0. (LINT-32)
   Pin 'data_i[55]' is connected to logic 0. 
Warning: In design 'tlul_cmd_intg_chk', a pin on submodule 'u_chk' is connected to logic 1 or logic 0. (LINT-32)
   Pin 'data_i[54]' is connected to logic 0. 
Warning: In design 'tlul_cmd_intg_chk', a pin on submodule 'u_chk' is connected to logic 1 or logic 0. (LINT-32)
   Pin 'data_i[53]' is connected to logic 0. 
Warning: In design 'tlul_cmd_intg_chk', a pin on submodule 'u_chk' is connected to logic 1 or logic 0. (LINT-32)
   Pin 'data_i[52]' is connected to logic 0. 
Warning: In design 'tlul_cmd_intg_chk', a pin on submodule 'u_chk' is connected to logic 1 or logic 0. (LINT-32)
   Pin 'data_i[51]' is connected to logic 0. 
Warning: In design 'tlul_cmd_intg_chk', a pin on submodule 'u_chk' is connected to logic 1 or logic 0. (LINT-32)
   Pin 'data_i[50]' is connected to logic 0. 
Warning: In design 'tlul_cmd_intg_chk', a pin on submodule 'u_chk' is connected to logic 1 or logic 0. (LINT-32)
   Pin 'data_i[49]' is connected to logic 0. 
Warning: In design 'tlul_cmd_intg_chk', a pin on submodule 'u_chk' is connected to logic 1 or logic 0. (LINT-32)
   Pin 'data_i[48]' is connected to logic 0. 
Warning: In design 'tlul_cmd_intg_chk', a pin on submodule 'u_chk' is connected to logic 1 or logic 0. (LINT-32)
   Pin 'data_i[47]' is connected to logic 0. 
Warning: In design 'tlul_cmd_intg_chk', a pin on submodule 'u_chk' is connected to logic 1 or logic 0. (LINT-32)
   Pin 'data_i[46]' is connected to logic 0. 
Warning: In design 'tlul_cmd_intg_chk', a pin on submodule 'u_chk' is connected to logic 1 or logic 0. (LINT-32)
   Pin 'data_i[45]' is connected to logic 0. 
Warning: In design 'tlul_cmd_intg_chk', a pin on submodule 'u_chk' is connected to logic 1 or logic 0. (LINT-32)
   Pin 'data_i[44]' is connected to logic 0. 
Warning: In design 'tlul_cmd_intg_chk', a pin on submodule 'u_chk' is connected to logic 1 or logic 0. (LINT-32)
   Pin 'data_i[43]' is connected to logic 0. 
Warning: In design 'prim_reg_we_check_OneHotWidth13', a pin on submodule 'u_prim_onehot_check' is connected to logic 1 or logic 0. (LINT-32)
   Pin 'addr_i[3]' is connected to logic 0. 
Warning: In design 'prim_reg_we_check_OneHotWidth13', a pin on submodule 'u_prim_onehot_check' is connected to logic 1 or logic 0. (LINT-32)
   Pin 'addr_i[2]' is connected to logic 0. 
Warning: In design 'prim_reg_we_check_OneHotWidth13', a pin on submodule 'u_prim_onehot_check' is connected to logic 1 or logic 0. (LINT-32)
   Pin 'addr_i[1]' is connected to logic 0. 
Warning: In design 'prim_reg_we_check_OneHotWidth13', a pin on submodule 'u_prim_onehot_check' is connected to logic 1 or logic 0. (LINT-32)
   Pin 'addr_i[0]' is connected to logic 0. 
Warning: In design 'tlul_rsp_intg_gen_EnableRspIntgGen1_EnableDataIntgGen1', a pin on submodule 'gen_rsp_intg.u_rsp_gen' is connected to logic 1 or logic 0. (LINT-32)
   Pin 'data_i[56]' is connected to logic 0. 
Warning: In design 'tlul_rsp_intg_gen_EnableRspIntgGen1_EnableDataIntgGen1', a pin on submodule 'gen_rsp_intg.u_rsp_gen' is connected to logic 1 or logic 0. (LINT-32)
   Pin 'data_i[55]' is connected to logic 0. 
Warning: In design 'tlul_rsp_intg_gen_EnableRspIntgGen1_EnableDataIntgGen1', a pin on submodule 'gen_rsp_intg.u_rsp_gen' is connected to logic 1 or logic 0. (LINT-32)
   Pin 'data_i[54]' is connected to logic 0. 
Warning: In design 'tlul_rsp_intg_gen_EnableRspIntgGen1_EnableDataIntgGen1', a pin on submodule 'gen_rsp_intg.u_rsp_gen' is connected to logic 1 or logic 0. (LINT-32)
   Pin 'data_i[53]' is connected to logic 0. 
Warning: In design 'tlul_rsp_intg_gen_EnableRspIntgGen1_EnableDataIntgGen1', a pin on submodule 'gen_rsp_intg.u_rsp_gen' is connected to logic 1 or logic 0. (LINT-32)
   Pin 'data_i[52]' is connected to logic 0. 
Warning: In design 'tlul_rsp_intg_gen_EnableRspIntgGen1_EnableDataIntgGen1', a pin on submodule 'gen_rsp_intg.u_rsp_gen' is connected to logic 1 or logic 0. (LINT-32)
   Pin 'data_i[51]' is connected to logic 0. 
Warning: In design 'tlul_rsp_intg_gen_EnableRspIntgGen1_EnableDataIntgGen1', a pin on submodule 'gen_rsp_intg.u_rsp_gen' is connected to logic 1 or logic 0. (LINT-32)
   Pin 'data_i[50]' is connected to logic 0. 
Warning: In design 'tlul_rsp_intg_gen_EnableRspIntgGen1_EnableDataIntgGen1', a pin on submodule 'gen_rsp_intg.u_rsp_gen' is connected to logic 1 or logic 0. (LINT-32)
   Pin 'data_i[49]' is connected to logic 0. 
Warning: In design 'tlul_rsp_intg_gen_EnableRspIntgGen1_EnableDataIntgGen1', a pin on submodule 'gen_rsp_intg.u_rsp_gen' is connected to logic 1 or logic 0. (LINT-32)
   Pin 'data_i[48]' is connected to logic 0. 
Warning: In design 'tlul_rsp_intg_gen_EnableRspIntgGen1_EnableDataIntgGen1', a pin on submodule 'gen_rsp_intg.u_rsp_gen' is connected to logic 1 or logic 0. (LINT-32)
   Pin 'data_i[47]' is connected to logic 0. 
Warning: In design 'tlul_rsp_intg_gen_EnableRspIntgGen1_EnableDataIntgGen1', a pin on submodule 'gen_rsp_intg.u_rsp_gen' is connected to logic 1 or logic 0. (LINT-32)
   Pin 'data_i[46]' is connected to logic 0. 
Warning: In design 'tlul_rsp_intg_gen_EnableRspIntgGen1_EnableDataIntgGen1', a pin on submodule 'gen_rsp_intg.u_rsp_gen' is connected to logic 1 or logic 0. (LINT-32)
   Pin 'data_i[45]' is connected to logic 0. 
Warning: In design 'tlul_rsp_intg_gen_EnableRspIntgGen1_EnableDataIntgGen1', a pin on submodule 'gen_rsp_intg.u_rsp_gen' is connected to logic 1 or logic 0. (LINT-32)
   Pin 'data_i[44]' is connected to logic 0. 
Warning: In design 'tlul_rsp_intg_gen_EnableRspIntgGen1_EnableDataIntgGen1', a pin on submodule 'gen_rsp_intg.u_rsp_gen' is connected to logic 1 or logic 0. (LINT-32)
   Pin 'data_i[43]' is connected to logic 0. 
Warning: In design 'tlul_rsp_intg_gen_EnableRspIntgGen1_EnableDataIntgGen1', a pin on submodule 'gen_rsp_intg.u_rsp_gen' is connected to logic 1 or logic 0. (LINT-32)
   Pin 'data_i[42]' is connected to logic 0. 
Warning: In design 'tlul_rsp_intg_gen_EnableRspIntgGen1_EnableDataIntgGen1', a pin on submodule 'gen_rsp_intg.u_rsp_gen' is connected to logic 1 or logic 0. (LINT-32)
   Pin 'data_i[41]' is connected to logic 0. 
Warning: In design 'tlul_rsp_intg_gen_EnableRspIntgGen1_EnableDataIntgGen1', a pin on submodule 'gen_rsp_intg.u_rsp_gen' is connected to logic 1 or logic 0. (LINT-32)
   Pin 'data_i[40]' is connected to logic 0. 
Warning: In design 'tlul_rsp_intg_gen_EnableRspIntgGen1_EnableDataIntgGen1', a pin on submodule 'gen_rsp_intg.u_rsp_gen' is connected to logic 1 or logic 0. (LINT-32)
   Pin 'data_i[39]' is connected to logic 0. 
Warning: In design 'tlul_rsp_intg_gen_EnableRspIntgGen1_EnableDataIntgGen1', a pin on submodule 'gen_rsp_intg.u_rsp_gen' is connected to logic 1 or logic 0. (LINT-32)
   Pin 'data_i[38]' is connected to logic 0. 
Warning: In design 'tlul_rsp_intg_gen_EnableRspIntgGen1_EnableDataIntgGen1', a pin on submodule 'gen_rsp_intg.u_rsp_gen' is connected to logic 1 or logic 0. (LINT-32)
   Pin 'data_i[37]' is connected to logic 0. 
Warning: In design 'tlul_rsp_intg_gen_EnableRspIntgGen1_EnableDataIntgGen1', a pin on submodule 'gen_rsp_intg.u_rsp_gen' is connected to logic 1 or logic 0. (LINT-32)
   Pin 'data_i[36]' is connected to logic 0. 
Warning: In design 'tlul_rsp_intg_gen_EnableRspIntgGen1_EnableDataIntgGen1', a pin on submodule 'gen_rsp_intg.u_rsp_gen' is connected to logic 1 or logic 0. (LINT-32)
   Pin 'data_i[35]' is connected to logic 0. 
Warning: In design 'tlul_rsp_intg_gen_EnableRspIntgGen1_EnableDataIntgGen1', a pin on submodule 'gen_rsp_intg.u_rsp_gen' is connected to logic 1 or logic 0. (LINT-32)
   Pin 'data_i[34]' is connected to logic 0. 
Warning: In design 'tlul_rsp_intg_gen_EnableRspIntgGen1_EnableDataIntgGen1', a pin on submodule 'gen_rsp_intg.u_rsp_gen' is connected to logic 1 or logic 0. (LINT-32)
   Pin 'data_i[33]' is connected to logic 0. 
Warning: In design 'tlul_rsp_intg_gen_EnableRspIntgGen1_EnableDataIntgGen1', a pin on submodule 'gen_rsp_intg.u_rsp_gen' is connected to logic 1 or logic 0. (LINT-32)
   Pin 'data_i[32]' is connected to logic 0. 
Warning: In design 'tlul_rsp_intg_gen_EnableRspIntgGen1_EnableDataIntgGen1', a pin on submodule 'gen_rsp_intg.u_rsp_gen' is connected to logic 1 or logic 0. (LINT-32)
   Pin 'data_i[31]' is connected to logic 0. 
Warning: In design 'tlul_rsp_intg_gen_EnableRspIntgGen1_EnableDataIntgGen1', a pin on submodule 'gen_rsp_intg.u_rsp_gen' is connected to logic 1 or logic 0. (LINT-32)
   Pin 'data_i[30]' is connected to logic 0. 
Warning: In design 'tlul_rsp_intg_gen_EnableRspIntgGen1_EnableDataIntgGen1', a pin on submodule 'gen_rsp_intg.u_rsp_gen' is connected to logic 1 or logic 0. (LINT-32)
   Pin 'data_i[29]' is connected to logic 0. 
Warning: In design 'tlul_rsp_intg_gen_EnableRspIntgGen1_EnableDataIntgGen1', a pin on submodule 'gen_rsp_intg.u_rsp_gen' is connected to logic 1 or logic 0. (LINT-32)
   Pin 'data_i[28]' is connected to logic 0. 
Warning: In design 'tlul_rsp_intg_gen_EnableRspIntgGen1_EnableDataIntgGen1', a pin on submodule 'gen_rsp_intg.u_rsp_gen' is connected to logic 1 or logic 0. (LINT-32)
   Pin 'data_i[27]' is connected to logic 0. 
Warning: In design 'tlul_rsp_intg_gen_EnableRspIntgGen1_EnableDataIntgGen1', a pin on submodule 'gen_rsp_intg.u_rsp_gen' is connected to logic 1 or logic 0. (LINT-32)
   Pin 'data_i[26]' is connected to logic 0. 
Warning: In design 'tlul_rsp_intg_gen_EnableRspIntgGen1_EnableDataIntgGen1', a pin on submodule 'gen_rsp_intg.u_rsp_gen' is connected to logic 1 or logic 0. (LINT-32)
   Pin 'data_i[25]' is connected to logic 0. 
Warning: In design 'tlul_rsp_intg_gen_EnableRspIntgGen1_EnableDataIntgGen1', a pin on submodule 'gen_rsp_intg.u_rsp_gen' is connected to logic 1 or logic 0. (LINT-32)
   Pin 'data_i[24]' is connected to logic 0. 
Warning: In design 'tlul_rsp_intg_gen_EnableRspIntgGen1_EnableDataIntgGen1', a pin on submodule 'gen_rsp_intg.u_rsp_gen' is connected to logic 1 or logic 0. (LINT-32)
   Pin 'data_i[23]' is connected to logic 0. 
Warning: In design 'tlul_rsp_intg_gen_EnableRspIntgGen1_EnableDataIntgGen1', a pin on submodule 'gen_rsp_intg.u_rsp_gen' is connected to logic 1 or logic 0. (LINT-32)
   Pin 'data_i[22]' is connected to logic 0. 
Warning: In design 'tlul_rsp_intg_gen_EnableRspIntgGen1_EnableDataIntgGen1', a pin on submodule 'gen_rsp_intg.u_rsp_gen' is connected to logic 1 or logic 0. (LINT-32)
   Pin 'data_i[21]' is connected to logic 0. 
Warning: In design 'tlul_rsp_intg_gen_EnableRspIntgGen1_EnableDataIntgGen1', a pin on submodule 'gen_rsp_intg.u_rsp_gen' is connected to logic 1 or logic 0. (LINT-32)
   Pin 'data_i[20]' is connected to logic 0. 
Warning: In design 'tlul_rsp_intg_gen_EnableRspIntgGen1_EnableDataIntgGen1', a pin on submodule 'gen_rsp_intg.u_rsp_gen' is connected to logic 1 or logic 0. (LINT-32)
   Pin 'data_i[19]' is connected to logic 0. 
Warning: In design 'tlul_rsp_intg_gen_EnableRspIntgGen1_EnableDataIntgGen1', a pin on submodule 'gen_rsp_intg.u_rsp_gen' is connected to logic 1 or logic 0. (LINT-32)
   Pin 'data_i[18]' is connected to logic 0. 
Warning: In design 'tlul_rsp_intg_gen_EnableRspIntgGen1_EnableDataIntgGen1', a pin on submodule 'gen_rsp_intg.u_rsp_gen' is connected to logic 1 or logic 0. (LINT-32)
   Pin 'data_i[17]' is connected to logic 0. 
Warning: In design 'tlul_rsp_intg_gen_EnableRspIntgGen1_EnableDataIntgGen1', a pin on submodule 'gen_rsp_intg.u_rsp_gen' is connected to logic 1 or logic 0. (LINT-32)
   Pin 'data_i[16]' is connected to logic 0. 
Warning: In design 'tlul_rsp_intg_gen_EnableRspIntgGen1_EnableDataIntgGen1', a pin on submodule 'gen_rsp_intg.u_rsp_gen' is connected to logic 1 or logic 0. (LINT-32)
   Pin 'data_i[15]' is connected to logic 0. 
Warning: In design 'tlul_rsp_intg_gen_EnableRspIntgGen1_EnableDataIntgGen1', a pin on submodule 'gen_rsp_intg.u_rsp_gen' is connected to logic 1 or logic 0. (LINT-32)
   Pin 'data_i[14]' is connected to logic 0. 
Warning: In design 'tlul_rsp_intg_gen_EnableRspIntgGen1_EnableDataIntgGen1', a pin on submodule 'gen_rsp_intg.u_rsp_gen' is connected to logic 1 or logic 0. (LINT-32)
   Pin 'data_i[13]' is connected to logic 0. 
Warning: In design 'tlul_rsp_intg_gen_EnableRspIntgGen1_EnableDataIntgGen1', a pin on submodule 'gen_rsp_intg.u_rsp_gen' is connected to logic 1 or logic 0. (LINT-32)
   Pin 'data_i[12]' is connected to logic 0. 
Warning: In design 'tlul_rsp_intg_gen_EnableRspIntgGen1_EnableDataIntgGen1', a pin on submodule 'gen_rsp_intg.u_rsp_gen' is connected to logic 1 or logic 0. (LINT-32)
   Pin 'data_i[11]' is connected to logic 0. 
Warning: In design 'tlul_rsp_intg_gen_EnableRspIntgGen1_EnableDataIntgGen1', a pin on submodule 'gen_rsp_intg.u_rsp_gen' is connected to logic 1 or logic 0. (LINT-32)
   Pin 'data_i[10]' is connected to logic 0. 
Warning: In design 'tlul_rsp_intg_gen_EnableRspIntgGen1_EnableDataIntgGen1', a pin on submodule 'gen_rsp_intg.u_rsp_gen' is connected to logic 1 or logic 0. (LINT-32)
   Pin 'data_i[9]' is connected to logic 0. 
Warning: In design 'tlul_rsp_intg_gen_EnableRspIntgGen1_EnableDataIntgGen1', a pin on submodule 'gen_rsp_intg.u_rsp_gen' is connected to logic 1 or logic 0. (LINT-32)
   Pin 'data_i[8]' is connected to logic 0. 
Warning: In design 'tlul_rsp_intg_gen_EnableRspIntgGen1_EnableDataIntgGen1', a pin on submodule 'gen_rsp_intg.u_rsp_gen' is connected to logic 1 or logic 0. (LINT-32)
   Pin 'data_i[7]' is connected to logic 0. 
Warning: In design 'tlul_rsp_intg_gen_EnableRspIntgGen1_EnableDataIntgGen1', a pin on submodule 'gen_rsp_intg.u_rsp_gen' is connected to logic 1 or logic 0. (LINT-32)
   Pin 'data_i[6]' is connected to logic 0. 
Warning: In design 'tlul_adapter_reg_EnableDataIntgGen0_RegAw6_RegDw32', a pin on submodule 'u_rsp_intg_gen' is connected to logic 1 or logic 0. (LINT-32)
   Pin 'tl_i[d_param][2]' is connected to logic 0. 
Warning: In design 'tlul_adapter_reg_EnableDataIntgGen0_RegAw6_RegDw32', a pin on submodule 'u_rsp_intg_gen' is connected to logic 1 or logic 0. (LINT-32)
   Pin 'tl_i[d_param][1]' is connected to logic 0. 
Warning: In design 'tlul_adapter_reg_EnableDataIntgGen0_RegAw6_RegDw32', a pin on submodule 'u_rsp_intg_gen' is connected to logic 1 or logic 0. (LINT-32)
   Pin 'tl_i[d_param][0]' is connected to logic 0. 
Warning: In design 'tlul_adapter_reg_EnableDataIntgGen0_RegAw6_RegDw32', a pin on submodule 'u_rsp_intg_gen' is connected to logic 1 or logic 0. (LINT-32)
   Pin 'tl_i[d_sink][0]' is connected to logic 0. 
Warning: In design 'tlul_adapter_reg_EnableDataIntgGen0_RegAw6_RegDw32', a pin on submodule 'u_rsp_intg_gen' is connected to logic 1 or logic 0. (LINT-32)
   Pin 'tl_i[d_user][rsp_intg][6]' is connected to logic 0. 
Warning: In design 'tlul_adapter_reg_EnableDataIntgGen0_RegAw6_RegDw32', a pin on submodule 'u_rsp_intg_gen' is connected to logic 1 or logic 0. (LINT-32)
   Pin 'tl_i[d_user][rsp_intg][5]' is connected to logic 0. 
Warning: In design 'tlul_adapter_reg_EnableDataIntgGen0_RegAw6_RegDw32', a pin on submodule 'u_rsp_intg_gen' is connected to logic 1 or logic 0. (LINT-32)
   Pin 'tl_i[d_user][rsp_intg][4]' is connected to logic 0. 
Warning: In design 'tlul_adapter_reg_EnableDataIntgGen0_RegAw6_RegDw32', a pin on submodule 'u_rsp_intg_gen' is connected to logic 1 or logic 0. (LINT-32)
   Pin 'tl_i[d_user][rsp_intg][3]' is connected to logic 0. 
Warning: In design 'tlul_adapter_reg_EnableDataIntgGen0_RegAw6_RegDw32', a pin on submodule 'u_rsp_intg_gen' is connected to logic 1 or logic 0. (LINT-32)
   Pin 'tl_i[d_user][rsp_intg][2]' is connected to logic 0. 
Warning: In design 'tlul_adapter_reg_EnableDataIntgGen0_RegAw6_RegDw32', a pin on submodule 'u_rsp_intg_gen' is connected to logic 1 or logic 0. (LINT-32)
   Pin 'tl_i[d_user][rsp_intg][1]' is connected to logic 0. 
Warning: In design 'tlul_adapter_reg_EnableDataIntgGen0_RegAw6_RegDw32', a pin on submodule 'u_rsp_intg_gen' is connected to logic 1 or logic 0. (LINT-32)
   Pin 'tl_i[d_user][rsp_intg][0]' is connected to logic 0. 
Warning: In design 'tlul_adapter_reg_EnableDataIntgGen0_RegAw6_RegDw32', a pin on submodule 'u_rsp_intg_gen' is connected to logic 1 or logic 0. (LINT-32)
   Pin 'tl_i[d_user][data_intg][6]' is connected to logic 0. 
Warning: In design 'tlul_adapter_reg_EnableDataIntgGen0_RegAw6_RegDw32', a pin on submodule 'u_rsp_intg_gen' is connected to logic 1 or logic 0. (LINT-32)
   Pin 'tl_i[d_user][data_intg][5]' is connected to logic 0. 
Warning: In design 'tlul_adapter_reg_EnableDataIntgGen0_RegAw6_RegDw32', a pin on submodule 'u_rsp_intg_gen' is connected to logic 1 or logic 0. (LINT-32)
   Pin 'tl_i[d_user][data_intg][4]' is connected to logic 0. 
Warning: In design 'tlul_adapter_reg_EnableDataIntgGen0_RegAw6_RegDw32', a pin on submodule 'u_rsp_intg_gen' is connected to logic 1 or logic 0. (LINT-32)
   Pin 'tl_i[d_user][data_intg][3]' is connected to logic 0. 
Warning: In design 'tlul_adapter_reg_EnableDataIntgGen0_RegAw6_RegDw32', a pin on submodule 'u_rsp_intg_gen' is connected to logic 1 or logic 0. (LINT-32)
   Pin 'tl_i[d_user][data_intg][2]' is connected to logic 0. 
Warning: In design 'tlul_adapter_reg_EnableDataIntgGen0_RegAw6_RegDw32', a pin on submodule 'u_rsp_intg_gen' is connected to logic 1 or logic 0. (LINT-32)
   Pin 'tl_i[d_user][data_intg][1]' is connected to logic 0. 
Warning: In design 'tlul_adapter_reg_EnableDataIntgGen0_RegAw6_RegDw32', a pin on submodule 'u_rsp_intg_gen' is connected to logic 1 or logic 0. (LINT-32)
   Pin 'tl_i[d_user][data_intg][0]' is connected to logic 0. 
Warning: In design 'uart_reg_top_0_0_0000', the same net is connected to more than one pin on submodule 'u_prim_reg_we_check'. (LINT-33)
   Net '*Logic0*' is connected to pins 'oh_i[11]', 'oh_i[9]'', 'oh_i[6]', 'oh_i[5]'.
Warning: In design 'uart_reg_top_0_0_0000', the same net is connected to more than one pin on submodule 'u_reg_if'. (LINT-33)
   Net '*Logic1*' is connected to pins 'en_ifetch_i[3]', 'en_ifetch_i[0]''.
Warning: In design 'uart_reg_top_0_0_0000', the same net is connected to more than one pin on submodule 'u_reg_if'. (LINT-33)
   Net '*Logic0*' is connected to pins 'en_ifetch_i[2]', 'en_ifetch_i[1]'', 'busy_i'.
Warning: In design 'uart_reg_top_0_0_0000', the same net is connected to more than one pin on submodule 'u_intr_state_tx_watermark'. (LINT-33)
   Net '*Logic0*' is connected to pins 'we', 'wd[0]''.
Warning: In design 'uart_reg_top_0_0_0000', the same net is connected to more than one pin on submodule 'u_intr_state_rx_watermark'. (LINT-33)
   Net '*Logic0*' is connected to pins 'we', 'wd[0]''.
Warning: In design 'uart_reg_top_0_0_0000', the same net is connected to more than one pin on submodule 'u_intr_state_tx_empty'. (LINT-33)
   Net '*Logic0*' is connected to pins 'we', 'wd[0]''.
Warning: In design 'uart_reg_top_0_0_0000', the same net is connected to more than one pin on submodule 'u_intr_enable_tx_watermark'. (LINT-33)
   Net '*Logic0*' is connected to pins 'de', 'd[0]''.
Warning: In design 'uart_reg_top_0_0_0000', the same net is connected to more than one pin on submodule 'u_intr_enable_rx_watermark'. (LINT-33)
   Net '*Logic0*' is connected to pins 'de', 'd[0]''.
Warning: In design 'uart_reg_top_0_0_0000', the same net is connected to more than one pin on submodule 'u_intr_enable_tx_done'. (LINT-33)
   Net '*Logic0*' is connected to pins 'de', 'd[0]''.
Warning: In design 'uart_reg_top_0_0_0000', the same net is connected to more than one pin on submodule 'u_intr_enable_rx_overflow'. (LINT-33)
   Net '*Logic0*' is connected to pins 'de', 'd[0]''.
Warning: In design 'uart_reg_top_0_0_0000', the same net is connected to more than one pin on submodule 'u_intr_enable_rx_frame_err'. (LINT-33)
   Net '*Logic0*' is connected to pins 'de', 'd[0]''.
Warning: In design 'uart_reg_top_0_0_0000', the same net is connected to more than one pin on submodule 'u_intr_enable_rx_break_err'. (LINT-33)
   Net '*Logic0*' is connected to pins 'de', 'd[0]''.
Warning: In design 'uart_reg_top_0_0_0000', the same net is connected to more than one pin on submodule 'u_intr_enable_rx_timeout'. (LINT-33)
   Net '*Logic0*' is connected to pins 'de', 'd[0]''.
Warning: In design 'uart_reg_top_0_0_0000', the same net is connected to more than one pin on submodule 'u_intr_enable_rx_parity_err'. (LINT-33)
   Net '*Logic0*' is connected to pins 'de', 'd[0]''.
Warning: In design 'uart_reg_top_0_0_0000', the same net is connected to more than one pin on submodule 'u_intr_enable_tx_empty'. (LINT-33)
   Net '*Logic0*' is connected to pins 'de', 'd[0]''.
Warning: In design 'uart_reg_top_0_0_0000', the same net is connected to more than one pin on submodule 'u_intr_test_tx_watermark'. (LINT-33)
   Net '*Logic0*' is connected to pins 're', 'd[0]''.
Warning: In design 'uart_reg_top_0_0_0000', the same net is connected to more than one pin on submodule 'u_intr_test_rx_watermark'. (LINT-33)
   Net '*Logic0*' is connected to pins 're', 'd[0]''.
Warning: In design 'uart_reg_top_0_0_0000', the same net is connected to more than one pin on submodule 'u_intr_test_tx_done'. (LINT-33)
   Net '*Logic0*' is connected to pins 're', 'd[0]''.
Warning: In design 'uart_reg_top_0_0_0000', the same net is connected to more than one pin on submodule 'u_intr_test_rx_overflow'. (LINT-33)
   Net '*Logic0*' is connected to pins 're', 'd[0]''.
Warning: In design 'uart_reg_top_0_0_0000', the same net is connected to more than one pin on submodule 'u_intr_test_rx_frame_err'. (LINT-33)
   Net '*Logic0*' is connected to pins 're', 'd[0]''.
Warning: In design 'uart_reg_top_0_0_0000', the same net is connected to more than one pin on submodule 'u_intr_test_rx_break_err'. (LINT-33)
   Net '*Logic0*' is connected to pins 're', 'd[0]''.
Warning: In design 'uart_reg_top_0_0_0000', the same net is connected to more than one pin on submodule 'u_intr_test_rx_timeout'. (LINT-33)
   Net '*Logic0*' is connected to pins 're', 'd[0]''.
Warning: In design 'uart_reg_top_0_0_0000', the same net is connected to more than one pin on submodule 'u_intr_test_rx_parity_err'. (LINT-33)
   Net '*Logic0*' is connected to pins 're', 'd[0]''.
Warning: In design 'uart_reg_top_0_0_0000', the same net is connected to more than one pin on submodule 'u_intr_test_tx_empty'. (LINT-33)
   Net '*Logic0*' is connected to pins 're', 'd[0]''.
Warning: In design 'uart_reg_top_0_0_0000', the same net is connected to more than one pin on submodule 'u_alert_test'. (LINT-33)
   Net '*Logic0*' is connected to pins 're', 'd[0]''.
Warning: In design 'uart_reg_top_0_0_0000', the same net is connected to more than one pin on submodule 'u_ctrl_tx'. (LINT-33)
   Net '*Logic0*' is connected to pins 'de', 'd[0]''.
Warning: In design 'uart_reg_top_0_0_0000', the same net is connected to more than one pin on submodule 'u_ctrl_rx'. (LINT-33)
   Net '*Logic0*' is connected to pins 'de', 'd[0]''.
Warning: In design 'uart_reg_top_0_0_0000', the same net is connected to more than one pin on submodule 'u_ctrl_nf'. (LINT-33)
   Net '*Logic0*' is connected to pins 'de', 'd[0]''.
Warning: In design 'uart_reg_top_0_0_0000', the same net is connected to more than one pin on submodule 'u_ctrl_slpbk'. (LINT-33)
   Net '*Logic0*' is connected to pins 'de', 'd[0]''.
Warning: In design 'uart_reg_top_0_0_0000', the same net is connected to more than one pin on submodule 'u_ctrl_llpbk'. (LINT-33)
   Net '*Logic0*' is connected to pins 'de', 'd[0]''.
Warning: In design 'uart_reg_top_0_0_0000', the same net is connected to more than one pin on submodule 'u_ctrl_parity_en'. (LINT-33)
   Net '*Logic0*' is connected to pins 'de', 'd[0]''.
Warning: In design 'uart_reg_top_0_0_0000', the same net is connected to more than one pin on submodule 'u_ctrl_parity_odd'. (LINT-33)
   Net '*Logic0*' is connected to pins 'de', 'd[0]''.
Warning: In design 'uart_reg_top_0_0_0000', the same net is connected to more than one pin on submodule 'u_ctrl_rxblvl'. (LINT-33)
   Net '*Logic0*' is connected to pins 'de', 'd[1]'', 'd[0]'.
Warning: In design 'uart_reg_top_0_0_0000', the same net is connected to more than one pin on submodule 'u_ctrl_nco'. (LINT-33)
   Net '*Logic0*' is connected to pins 'de', 'd[15]'', 'd[14]', 'd[13]', 'd[12]', 'd[11]', 'd[10]', 'd[9]', 'd[8]', 'd[7]', 'd[6]', 'd[5]', 'd[4]', 'd[3]', 'd[2]', 'd[1]', 'd[0]'.
Warning: In design 'uart_reg_top_0_0_0000', the same net is connected to more than one pin on submodule 'u_status_txfull'. (LINT-33)
   Net '*Logic0*' is connected to pins 'we', 'wd[0]''.
Warning: In design 'uart_reg_top_0_0_0000', the same net is connected to more than one pin on submodule 'u_status_rxfull'. (LINT-33)
   Net '*Logic0*' is connected to pins 'we', 'wd[0]''.
Warning: In design 'uart_reg_top_0_0_0000', the same net is connected to more than one pin on submodule 'u_status_txempty'. (LINT-33)
   Net '*Logic0*' is connected to pins 'we', 'wd[0]''.
Warning: In design 'uart_reg_top_0_0_0000', the same net is connected to more than one pin on submodule 'u_status_txidle'. (LINT-33)
   Net '*Logic0*' is connected to pins 'we', 'wd[0]''.
Warning: In design 'uart_reg_top_0_0_0000', the same net is connected to more than one pin on submodule 'u_status_rxidle'. (LINT-33)
   Net '*Logic0*' is connected to pins 'we', 'wd[0]''.
Warning: In design 'uart_reg_top_0_0_0000', the same net is connected to more than one pin on submodule 'u_status_rxempty'. (LINT-33)
   Net '*Logic0*' is connected to pins 'we', 'wd[0]''.
Warning: In design 'uart_reg_top_0_0_0000', the same net is connected to more than one pin on submodule 'u_rdata'. (LINT-33)
   Net '*Logic0*' is connected to pins 'we', 'wd[7]'', 'wd[6]', 'wd[5]', 'wd[4]', 'wd[3]', 'wd[2]', 'wd[1]', 'wd[0]'.
Warning: In design 'uart_reg_top_0_0_0000', the same net is connected to more than one pin on submodule 'u_wdata'. (LINT-33)
   Net '*Logic0*' is connected to pins 'de', 'd[7]'', 'd[6]', 'd[5]', 'd[4]', 'd[3]', 'd[2]', 'd[1]', 'd[0]'.
Warning: In design 'uart_reg_top_0_0_0000', the same net is connected to more than one pin on submodule 'u_fifo_ctrl_rxrst'. (LINT-33)
   Net '*Logic0*' is connected to pins 'de', 'd[0]''.
Warning: In design 'uart_reg_top_0_0_0000', the same net is connected to more than one pin on submodule 'u_fifo_ctrl_txrst'. (LINT-33)
   Net '*Logic0*' is connected to pins 'de', 'd[0]''.
Warning: In design 'uart_reg_top_0_0_0000', the same net is connected to more than one pin on submodule 'u_fifo_status_txlvl'. (LINT-33)
   Net '*Logic0*' is connected to pins 'we', 'wd[7]'', 'wd[6]', 'wd[5]', 'wd[4]', 'wd[3]', 'wd[2]', 'wd[1]', 'wd[0]'.
Warning: In design 'uart_reg_top_0_0_0000', the same net is connected to more than one pin on submodule 'u_fifo_status_rxlvl'. (LINT-33)
   Net '*Logic0*' is connected to pins 'we', 'wd[7]'', 'wd[6]', 'wd[5]', 'wd[4]', 'wd[3]', 'wd[2]', 'wd[1]', 'wd[0]'.
Warning: In design 'uart_reg_top_0_0_0000', the same net is connected to more than one pin on submodule 'u_ovrd_txen'. (LINT-33)
   Net '*Logic0*' is connected to pins 'de', 'd[0]''.
Warning: In design 'uart_reg_top_0_0_0000', the same net is connected to more than one pin on submodule 'u_ovrd_txval'. (LINT-33)
   Net '*Logic0*' is connected to pins 'de', 'd[0]''.
Warning: In design 'uart_reg_top_0_0_0000', the same net is connected to more than one pin on submodule 'u_val'. (LINT-33)
   Net '*Logic0*' is connected to pins 'we', 'wd[15]'', 'wd[14]', 'wd[13]', 'wd[12]', 'wd[11]', 'wd[10]', 'wd[9]', 'wd[8]', 'wd[7]', 'wd[6]', 'wd[5]', 'wd[4]', 'wd[3]', 'wd[2]', 'wd[1]', 'wd[0]'.
Warning: In design 'uart_reg_top_0_0_0000', the same net is connected to more than one pin on submodule 'u_timeout_ctrl_val'. (LINT-33)
   Net '*Logic0*' is connected to pins 'de', 'd[23]'', 'd[22]', 'd[21]', 'd[20]', 'd[19]', 'd[18]', 'd[17]', 'd[16]', 'd[15]', 'd[14]', 'd[13]', 'd[12]', 'd[11]', 'd[10]', 'd[9]', 'd[8]', 'd[7]', 'd[6]', 'd[5]', 'd[4]', 'd[3]', 'd[2]', 'd[1]', 'd[0]'.
Warning: In design 'uart_reg_top_0_0_0000', the same net is connected to more than one pin on submodule 'u_timeout_ctrl_en'. (LINT-33)
   Net '*Logic0*' is connected to pins 'de', 'd[0]''.
Warning: In design 'tlul_cmd_intg_chk', the same net is connected to more than one pin on submodule 'u_chk'. (LINT-33)
   Net '*Logic0*' is connected to pins 'data_i[56]', 'data_i[55]'', 'data_i[54]', 'data_i[53]', 'data_i[52]', 'data_i[51]', 'data_i[50]', 'data_i[49]', 'data_i[48]', 'data_i[47]', 'data_i[46]', 'data_i[45]', 'data_i[44]', 'data_i[43]'.
Warning: In design 'prim_reg_we_check_OneHotWidth13', the same net is connected to more than one pin on submodule 'u_prim_onehot_check'. (LINT-33)
   Net '*Logic0*' is connected to pins 'addr_i[3]', 'addr_i[2]'', 'addr_i[1]', 'addr_i[0]'.
Warning: In design 'tlul_rsp_intg_gen_EnableRspIntgGen1_EnableDataIntgGen1', the same net is connected to more than one pin on submodule 'gen_rsp_intg.u_rsp_gen'. (LINT-33)
   Net '*Logic0*' is connected to pins 'data_i[56]', 'data_i[55]'', 'data_i[54]', 'data_i[53]', 'data_i[52]', 'data_i[51]', 'data_i[50]', 'data_i[49]', 'data_i[48]', 'data_i[47]', 'data_i[46]', 'data_i[45]', 'data_i[44]', 'data_i[43]', 'data_i[42]', 'data_i[41]', 'data_i[40]', 'data_i[39]', 'data_i[38]', 'data_i[37]', 'data_i[36]', 'data_i[35]', 'data_i[34]', 'data_i[33]', 'data_i[32]', 'data_i[31]', 'data_i[30]', 'data_i[29]', 'data_i[28]', 'data_i[27]', 'data_i[26]', 'data_i[25]', 'data_i[24]', 'data_i[23]', 'data_i[22]', 'data_i[21]', 'data_i[20]', 'data_i[19]', 'data_i[18]', 'data_i[17]', 'data_i[16]', 'data_i[15]', 'data_i[14]', 'data_i[13]', 'data_i[12]', 'data_i[11]', 'data_i[10]', 'data_i[9]', 'data_i[8]', 'data_i[7]', 'data_i[6]'.
Warning: In design 'tlul_adapter_reg_EnableDataIntgGen0_RegAw6_RegDw32', the same net is connected to more than one pin on submodule 'u_rsp_intg_gen'. (LINT-33)
   Net '*Logic0*' is connected to pins 'tl_i[d_param][2]', 'tl_i[d_param][1]'', 'tl_i[d_param][0]', 'tl_i[d_sink][0]', 'tl_i[d_user][rsp_intg][6]', 'tl_i[d_user][rsp_intg][5]', 'tl_i[d_user][rsp_intg][4]', 'tl_i[d_user][rsp_intg][3]', 'tl_i[d_user][rsp_intg][2]', 'tl_i[d_user][rsp_intg][1]', 'tl_i[d_user][rsp_intg][0]', 'tl_i[d_user][data_intg][6]', 'tl_i[d_user][data_intg][5]', 'tl_i[d_user][data_intg][4]', 'tl_i[d_user][data_intg][3]', 'tl_i[d_user][data_intg][2]', 'tl_i[d_user][data_intg][1]', 'tl_i[d_user][data_intg][0]'.
Warning: In design 'uart', output port 'cio_tx_en_o' is connected directly to 'logic 1'. (LINT-52)
Warning: In design 'uart_reg_top_0_0_0000', output port 'racl_error_o[overflow]' is connected directly to 'logic 0'. (LINT-52)
Warning: In design 'uart_reg_top_0_0_0000', output port 'racl_error_o[racl_role][0]' is connected directly to 'logic 0'. (LINT-52)
Warning: In design 'uart_reg_top_0_0_0000', output port 'racl_error_o[ctn_uid][0]' is connected directly to 'logic 0'. (LINT-52)
Warning: In design 'uart_reg_top_0_0_0000', output port 'racl_error_o[read_access]' is connected directly to 'logic 0'. (LINT-52)
Warning: In design 'uart_reg_top_0_0_0000', output port 'racl_error_o[request_address][31]' is connected directly to 'logic 0'. (LINT-52)
Warning: In design 'uart_reg_top_0_0_0000', output port 'racl_error_o[request_address][30]' is connected directly to 'logic 0'. (LINT-52)
Warning: In design 'uart_reg_top_0_0_0000', output port 'racl_error_o[request_address][29]' is connected directly to 'logic 0'. (LINT-52)
Warning: In design 'uart_reg_top_0_0_0000', output port 'racl_error_o[request_address][28]' is connected directly to 'logic 0'. (LINT-52)
Warning: In design 'uart_reg_top_0_0_0000', output port 'racl_error_o[request_address][27]' is connected directly to 'logic 0'. (LINT-52)
Warning: In design 'uart_reg_top_0_0_0000', output port 'racl_error_o[request_address][26]' is connected directly to 'logic 0'. (LINT-52)
Warning: In design 'uart_reg_top_0_0_0000', output port 'racl_error_o[request_address][25]' is connected directly to 'logic 0'. (LINT-52)
Warning: In design 'uart_reg_top_0_0_0000', output port 'racl_error_o[request_address][24]' is connected directly to 'logic 0'. (LINT-52)
Warning: In design 'uart_reg_top_0_0_0000', output port 'racl_error_o[request_address][23]' is connected directly to 'logic 0'. (LINT-52)
Warning: In design 'uart_reg_top_0_0_0000', output port 'racl_error_o[request_address][22]' is connected directly to 'logic 0'. (LINT-52)
Warning: In design 'uart_reg_top_0_0_0000', output port 'racl_error_o[request_address][21]' is connected directly to 'logic 0'. (LINT-52)
Warning: In design 'uart_reg_top_0_0_0000', output port 'racl_error_o[request_address][20]' is connected directly to 'logic 0'. (LINT-52)
Warning: In design 'uart_reg_top_0_0_0000', output port 'racl_error_o[request_address][19]' is connected directly to 'logic 0'. (LINT-52)
Warning: In design 'uart_reg_top_0_0_0000', output port 'racl_error_o[request_address][18]' is connected directly to 'logic 0'. (LINT-52)
Warning: In design 'uart_reg_top_0_0_0000', output port 'racl_error_o[request_address][17]' is connected directly to 'logic 0'. (LINT-52)
Warning: In design 'uart_reg_top_0_0_0000', output port 'racl_error_o[request_address][16]' is connected directly to 'logic 0'. (LINT-52)
Warning: In design 'uart_reg_top_0_0_0000', output port 'racl_error_o[request_address][15]' is connected directly to 'logic 0'. (LINT-52)
Warning: In design 'uart_reg_top_0_0_0000', output port 'racl_error_o[request_address][14]' is connected directly to 'logic 0'. (LINT-52)
Warning: In design 'uart_reg_top_0_0_0000', output port 'racl_error_o[request_address][13]' is connected directly to 'logic 0'. (LINT-52)
Warning: In design 'uart_reg_top_0_0_0000', output port 'racl_error_o[request_address][12]' is connected directly to 'logic 0'. (LINT-52)
Warning: In design 'uart_reg_top_0_0_0000', output port 'racl_error_o[request_address][11]' is connected directly to 'logic 0'. (LINT-52)
Warning: In design 'uart_reg_top_0_0_0000', output port 'racl_error_o[request_address][10]' is connected directly to 'logic 0'. (LINT-52)
Warning: In design 'uart_reg_top_0_0_0000', output port 'racl_error_o[request_address][9]' is connected directly to 'logic 0'. (LINT-52)
Warning: In design 'uart_reg_top_0_0_0000', output port 'racl_error_o[request_address][8]' is connected directly to 'logic 0'. (LINT-52)
Warning: In design 'uart_reg_top_0_0_0000', output port 'racl_error_o[request_address][7]' is connected directly to 'logic 0'. (LINT-52)
Warning: In design 'uart_reg_top_0_0_0000', output port 'racl_error_o[request_address][6]' is connected directly to 'logic 0'. (LINT-52)
Warning: In design 'uart_core', output port 'hw2reg[fifo_ctrl][txilvl][d][2]' is connected directly to 'logic 0'. (LINT-52)
Warning: In design 'uart_core', output port 'hw2reg[fifo_ctrl][txilvl][d][1]' is connected directly to 'logic 0'. (LINT-52)
Warning: In design 'uart_core', output port 'hw2reg[fifo_ctrl][txilvl][d][0]' is connected directly to 'logic 0'. (LINT-52)
Warning: In design 'uart_core', output port 'hw2reg[fifo_ctrl][txilvl][de]' is connected directly to 'logic 0'. (LINT-52)
Warning: In design 'uart_core', output port 'hw2reg[fifo_ctrl][rxilvl][d][2]' is connected directly to 'logic 0'. (LINT-52)
Warning: In design 'uart_core', output port 'hw2reg[fifo_ctrl][rxilvl][d][1]' is connected directly to 'logic 0'. (LINT-52)
Warning: In design 'uart_core', output port 'hw2reg[fifo_ctrl][rxilvl][d][0]' is connected directly to 'logic 0'. (LINT-52)
Warning: In design 'uart_core', output port 'hw2reg[fifo_ctrl][rxilvl][de]' is connected directly to 'logic 0'. (LINT-52)
Warning: In design 'uart_core', output port 'hw2reg[fifo_status][rxlvl][d][7]' is connected directly to 'logic 0'. (LINT-52)
Warning: In design 'uart_core', output port 'hw2reg[fifo_status][txlvl][d][7]' is connected directly to 'logic 0'. (LINT-52)
Warning: In design 'uart_core', output port 'hw2reg[fifo_status][txlvl][d][6]' is connected directly to 'logic 0'. (LINT-52)
Warning: In design 'tlul_adapter_reg_EnableDataIntgGen0_RegAw6_RegDw32', output port 'intg_error_o' is connected directly to 'logic 0'. (LINT-52)
Warning: In design 'tlul_adapter_reg_EnableDataIntgGen0_RegAw6_RegDw32', output port 'addr_o[1]' is connected directly to 'logic 0'. (LINT-52)
Warning: In design 'tlul_adapter_reg_EnableDataIntgGen0_RegAw6_RegDw32', output port 'addr_o[0]' is connected directly to 'logic 0'. (LINT-52)
Warning: In design 'prim_intr_hw_Width1_IntrTStatus_2', output port 'hw2reg_intr_state_de_o' is connected directly to 'logic 1'. (LINT-52)
Warning: In design 'tlul_rsp_intg_gen_0_0_1', output port 'tl_o[d_user][rsp_intg][6]' is connected directly to 'logic 0'. (LINT-52)
Warning: In design 'tlul_rsp_intg_gen_0_0_1', output port 'tl_o[d_user][rsp_intg][5]' is connected directly to 'logic 0'. (LINT-52)
Warning: In design 'tlul_rsp_intg_gen_0_0_1', output port 'tl_o[d_user][rsp_intg][4]' is connected directly to 'logic 0'. (LINT-52)
Warning: In design 'tlul_rsp_intg_gen_0_0_1', output port 'tl_o[d_user][rsp_intg][3]' is connected directly to 'logic 0'. (LINT-52)
Warning: In design 'tlul_rsp_intg_gen_0_0_1', output port 'tl_o[d_user][rsp_intg][2]' is connected directly to 'logic 0'. (LINT-52)
Warning: In design 'tlul_rsp_intg_gen_0_0_1', output port 'tl_o[d_user][rsp_intg][1]' is connected directly to 'logic 0'. (LINT-52)
Warning: In design 'tlul_rsp_intg_gen_0_0_1', output port 'tl_o[d_user][rsp_intg][0]' is connected directly to 'logic 0'. (LINT-52)
Warning: In design 'tlul_rsp_intg_gen_0_0_1', output port 'tl_o[d_user][data_intg][6]' is connected directly to 'logic 0'. (LINT-52)
Warning: In design 'tlul_rsp_intg_gen_0_0_1', output port 'tl_o[d_user][data_intg][5]' is connected directly to 'logic 0'. (LINT-52)
Warning: In design 'tlul_rsp_intg_gen_0_0_1', output port 'tl_o[d_user][data_intg][4]' is connected directly to 'logic 0'. (LINT-52)
Warning: In design 'tlul_rsp_intg_gen_0_0_1', output port 'tl_o[d_user][data_intg][3]' is connected directly to 'logic 0'. (LINT-52)
Warning: In design 'tlul_rsp_intg_gen_0_0_1', output port 'tl_o[d_user][data_intg][2]' is connected directly to 'logic 0'. (LINT-52)
Warning: In design 'tlul_rsp_intg_gen_0_0_1', output port 'tl_o[d_user][data_intg][1]' is connected directly to 'logic 0'. (LINT-52)
Warning: In design 'tlul_rsp_intg_gen_0_0_1', output port 'tl_o[d_user][data_intg][0]' is connected directly to 'logic 0'. (LINT-52)
Warning: In design 'prim_fifo_sync_cnt_00000020_0_0', output port 'err_o' is connected directly to 'logic 0'. (LINT-52)
Warning: In design 'prim_fifo_sync_cnt_00000040_0_0', output port 'err_o' is connected directly to 'logic 0'. (LINT-52)
Warning: In design 'prim_intr_hw_Width1_IntrTStatus_0', output port 'hw2reg_intr_state_de_o' is connected directly to 'logic 1'. (LINT-52)
Warning: In design 'prim_intr_hw_Width1_IntrTStatus_1', output port 'hw2reg_intr_state_de_o' is connected directly to 'logic 1'. (LINT-52)
1
